yil,gosterge,turkiye,oecd_ortancasi,kaynak
1923,v2x_rule,0.53,0.902,"V-Dem v16 (Coppedge vd. 2026); OECD ortancası: bugünkü 37 üye, Türkiye hariç"
1924,v2x_rule,0.576,0.907,"V-Dem v16 (Coppedge vd. 2026); OECD ortancası: bugünkü 37 üye, Türkiye hariç"
1925,v2x_rule,0.566,0.907,"V-Dem v16 (Coppedge vd. 2026); OECD ortancası: bugünkü 37 üye, Türkiye hariç"
1926,v2x_rule,0.566,0.904,"V-Dem v16 (Coppedge vd. 2026); OECD ortancası: bugünkü 37 üye, Türkiye hariç"
1927,v2x_rule,0.566,0.904,"V-Dem v16 (Coppedge vd. 2026); OECD ortancası: bugünkü 37 üye, Türkiye hariç"
1928,v2x_rule,0.575,0.904,"V-Dem v16 (Coppedge vd. 2026); OECD ortancası: bugünkü 37 üye, Türkiye hariç"
1929,v2x_rule,0.575,0.904,"V-Dem v16 (Coppedge vd. 2026); OECD ortancası: bugünkü 37 üye, Türkiye hariç"
1930,v2x_rule,0.575,0.904,"V-Dem v16 (Coppedge vd. 2026); OECD ortancası: bugünkü 37 üye, Türkiye hariç"
1931,v2x_rule,0.575,0.904,"V-Dem v16 (Coppedge vd. 2026); OECD ortancası: bugünkü 37 üye, Türkiye hariç"
1932,v2x_rule,0.575,0.904,"V-Dem v16 (Coppedge vd. 2026); OECD ortancası: bugünkü 37 üye, Türkiye hariç"
1933,v2x_rule,0.575,0.881,"V-Dem v16 (Coppedge vd. 2026); OECD ortancası: bugünkü 37 üye, Türkiye hariç"
1934,v2x_rule,0.575,0.851,"V-Dem v16 (Coppedge vd. 2026); OECD ortancası: bugünkü 37 üye, Türkiye hariç"
1935,v2x_rule,0.575,0.851,"V-Dem v16 (Coppedge vd. 2026); OECD ortancası: bugünkü 37 üye, Türkiye hariç"
1936,v2x_rule,0.575,0.848,"V-Dem v16 (Coppedge vd. 2026); OECD ortancası: bugünkü 37 üye, Türkiye hariç"
1937,v2x_rule,0.575,0.848,"V-Dem v16 (Coppedge vd. 2026); OECD ortancası: bugünkü 37 üye, Türkiye hariç"
1938,v2x_rule,0.575,0.865,"V-Dem v16 (Coppedge vd. 2026); OECD ortancası: bugünkü 37 üye, Türkiye hariç"
1939,v2x_rule,0.575,0.883,"V-Dem v16 (Coppedge vd. 2026); OECD ortancası: bugünkü 37 üye, Türkiye hariç"
1940,v2x_rule,0.544,0.786,"V-Dem v16 (Coppedge vd. 2026); OECD ortancası: bugünkü 37 üye, Türkiye hariç"
1941,v2x_rule,0.533,0.784,"V-Dem v16 (Coppedge vd. 2026); OECD ortancası: bugünkü 37 üye, Türkiye hariç"
1942,v2x_rule,0.533,0.784,"V-Dem v16 (Coppedge vd. 2026); OECD ortancası: bugünkü 37 üye, Türkiye hariç"
1943,v2x_rule,0.551,0.775,"V-Dem v16 (Coppedge vd. 2026); OECD ortancası: bugünkü 37 üye, Türkiye hariç"
1944,v2x_rule,0.551,0.765,"V-Dem v16 (Coppedge vd. 2026); OECD ortancası: bugünkü 37 üye, Türkiye hariç"
1945,v2x_rule,0.57,0.895,"V-Dem v16 (Coppedge vd. 2026); OECD ortancası: bugünkü 37 üye, Türkiye hariç"
1946,v2x_rule,0.585,0.934,"V-Dem v16 (Coppedge vd. 2026); OECD ortancası: bugünkü 37 üye, Türkiye hariç"
1947,v2x_rule,0.585,0.934,"V-Dem v16 (Coppedge vd. 2026); OECD ortancası: bugünkü 37 üye, Türkiye hariç"
1948,v2x_rule,0.585,0.933,"V-Dem v16 (Coppedge vd. 2026); OECD ortancası: bugünkü 37 üye, Türkiye hariç"
1949,v2x_rule,0.592,0.938,"V-Dem v16 (Coppedge vd. 2026); OECD ortancası: bugünkü 37 üye, Türkiye hariç"
1950,v2x_rule,0.505,0.946,"V-Dem v16 (Coppedge vd. 2026); OECD ortancası: bugünkü 37 üye, Türkiye hariç"
1951,v2x_rule,0.512,0.946,"V-Dem v16 (Coppedge vd. 2026); OECD ortancası: bugünkü 37 üye, Türkiye hariç"
1952,v2x_rule,0.512,0.946,"V-Dem v16 (Coppedge vd. 2026); OECD ortancası: bugünkü 37 üye, Türkiye hariç"
1953,v2x_rule,0.523,0.952,"V-Dem v16 (Coppedge vd. 2026); OECD ortancası: bugünkü 37 üye, Türkiye hariç"
1954,v2x_rule,0.535,0.952,"V-Dem v16 (Coppedge vd. 2026); OECD ortancası: bugünkü 37 üye, Türkiye hariç"
1955,v2x_rule,0.477,0.954,"V-Dem v16 (Coppedge vd. 2026); OECD ortancası: bugünkü 37 üye, Türkiye hariç"
1956,v2x_rule,0.477,0.954,"V-Dem v16 (Coppedge vd. 2026); OECD ortancası: bugünkü 37 üye, Türkiye hariç"
1957,v2x_rule,0.477,0.952,"V-Dem v16 (Coppedge vd. 2026); OECD ortancası: bugünkü 37 üye, Türkiye hariç"
1958,v2x_rule,0.477,0.954,"V-Dem v16 (Coppedge vd. 2026); OECD ortancası: bugünkü 37 üye, Türkiye hariç"
1959,v2x_rule,0.477,0.954,"V-Dem v16 (Coppedge vd. 2026); OECD ortancası: bugünkü 37 üye, Türkiye hariç"
1960,v2x_rule,0.518,0.955,"V-Dem v16 (Coppedge vd. 2026); OECD ortancası: bugünkü 37 üye, Türkiye hariç"
1961,v2x_rule,0.524,0.955,"V-Dem v16 (Coppedge vd. 2026); OECD ortancası: bugünkü 37 üye, Türkiye hariç"
1962,v2x_rule,0.67,0.955,"V-Dem v16 (Coppedge vd. 2026); OECD ortancası: bugünkü 37 üye, Türkiye hariç"
1963,v2x_rule,0.72,0.955,"V-Dem v16 (Coppedge vd. 2026); OECD ortancası: bugünkü 37 üye, Türkiye hariç"
1964,v2x_rule,0.717,0.955,"V-Dem v16 (Coppedge vd. 2026); OECD ortancası: bugünkü 37 üye, Türkiye hariç"
1965,v2x_rule,0.732,0.955,"V-Dem v16 (Coppedge vd. 2026); OECD ortancası: bugünkü 37 üye, Türkiye hariç"
1966,v2x_rule,0.705,0.955,"V-Dem v16 (Coppedge vd. 2026); OECD ortancası: bugünkü 37 üye, Türkiye hariç"
1967,v2x_rule,0.705,0.954,"V-Dem v16 (Coppedge vd. 2026); OECD ortancası: bugünkü 37 üye, Türkiye hariç"
1968,v2x_rule,0.705,0.954,"V-Dem v16 (Coppedge vd. 2026); OECD ortancası: bugünkü 37 üye, Türkiye hariç"
1969,v2x_rule,0.705,0.956,"V-Dem v16 (Coppedge vd. 2026); OECD ortancası: bugünkü 37 üye, Türkiye hariç"
1970,v2x_rule,0.675,0.956,"V-Dem v16 (Coppedge vd. 2026); OECD ortancası: bugünkü 37 üye, Türkiye hariç"
1971,v2x_rule,0.589,0.958,"V-Dem v16 (Coppedge vd. 2026); OECD ortancası: bugünkü 37 üye, Türkiye hariç"
1972,v2x_rule,0.574,0.958,"V-Dem v16 (Coppedge vd. 2026); OECD ortancası: bugünkü 37 üye, Türkiye hariç"
1973,v2x_rule,0.62,0.958,"V-Dem v16 (Coppedge vd. 2026); OECD ortancası: bugünkü 37 üye, Türkiye hariç"
1974,v2x_rule,0.682,0.958,"V-Dem v16 (Coppedge vd. 2026); OECD ortancası: bugünkü 37 üye, Türkiye hariç"
1975,v2x_rule,0.682,0.961,"V-Dem v16 (Coppedge vd. 2026); OECD ortancası: bugünkü 37 üye, Türkiye hariç"
1976,v2x_rule,0.688,0.962,"V-Dem v16 (Coppedge vd. 2026); OECD ortancası: bugünkü 37 üye, Türkiye hariç"
1977,v2x_rule,0.688,0.962,"V-Dem v16 (Coppedge vd. 2026); OECD ortancası: bugünkü 37 üye, Türkiye hariç"
1978,v2x_rule,0.678,0.964,"V-Dem v16 (Coppedge vd. 2026); OECD ortancası: bugünkü 37 üye, Türkiye hariç"
1979,v2x_rule,0.678,0.964,"V-Dem v16 (Coppedge vd. 2026); OECD ortancası: bugünkü 37 üye, Türkiye hariç"
1980,v2x_rule,0.603,0.962,"V-Dem v16 (Coppedge vd. 2026); OECD ortancası: bugünkü 37 üye, Türkiye hariç"
1981,v2x_rule,0.433,0.964,"V-Dem v16 (Coppedge vd. 2026); OECD ortancası: bugünkü 37 üye, Türkiye hariç"
1982,v2x_rule,0.433,0.964,"V-Dem v16 (Coppedge vd. 2026); OECD ortancası: bugünkü 37 üye, Türkiye hariç"
1983,v2x_rule,0.461,0.964,"V-Dem v16 (Coppedge vd. 2026); OECD ortancası: bugünkü 37 üye, Türkiye hariç"
1984,v2x_rule,0.636,0.964,"V-Dem v16 (Coppedge vd. 2026); OECD ortancası: bugünkü 37 üye, Türkiye hariç"
1985,v2x_rule,0.636,0.964,"V-Dem v16 (Coppedge vd. 2026); OECD ortancası: bugünkü 37 üye, Türkiye hariç"
1986,v2x_rule,0.617,0.964,"V-Dem v16 (Coppedge vd. 2026); OECD ortancası: bugünkü 37 üye, Türkiye hariç"
1987,v2x_rule,0.603,0.964,"V-Dem v16 (Coppedge vd. 2026); OECD ortancası: bugünkü 37 üye, Türkiye hariç"
1988,v2x_rule,0.603,0.964,"V-Dem v16 (Coppedge vd. 2026); OECD ortancası: bugünkü 37 üye, Türkiye hariç"
1989,v2x_rule,0.603,0.964,"V-Dem v16 (Coppedge vd. 2026); OECD ortancası: bugünkü 37 üye, Türkiye hariç"
1990,v2x_rule,0.648,0.958,"V-Dem v16 (Coppedge vd. 2026); OECD ortancası: bugünkü 37 üye, Türkiye hariç"
1991,v2x_rule,0.652,0.959,"V-Dem v16 (Coppedge vd. 2026); OECD ortancası: bugünkü 37 üye, Türkiye hariç"
1992,v2x_rule,0.652,0.959,"V-Dem v16 (Coppedge vd. 2026); OECD ortancası: bugünkü 37 üye, Türkiye hariç"
1993,v2x_rule,0.657,0.957,"V-Dem v16 (Coppedge vd. 2026); OECD ortancası: bugünkü 37 üye, Türkiye hariç"
1994,v2x_rule,0.657,0.958,"V-Dem v16 (Coppedge vd. 2026); OECD ortancası: bugünkü 37 üye, Türkiye hariç"
1995,v2x_rule,0.657,0.958,"V-Dem v16 (Coppedge vd. 2026); OECD ortancası: bugünkü 37 üye, Türkiye hariç"
1996,v2x_rule,0.66,0.961,"V-Dem v16 (Coppedge vd. 2026); OECD ortancası: bugünkü 37 üye, Türkiye hariç"
1997,v2x_rule,0.691,0.962,"V-Dem v16 (Coppedge vd. 2026); OECD ortancası: bugünkü 37 üye, Türkiye hariç"
1998,v2x_rule,0.686,0.963,"V-Dem v16 (Coppedge vd. 2026); OECD ortancası: bugünkü 37 üye, Türkiye hariç"
1999,v2x_rule,0.676,0.963,"V-Dem v16 (Coppedge vd. 2026); OECD ortancası: bugünkü 37 üye, Türkiye hariç"
2000,v2x_rule,0.686,0.965,"V-Dem v16 (Coppedge vd. 2026); OECD ortancası: bugünkü 37 üye, Türkiye hariç"
2001,v2x_rule,0.692,0.965,"V-Dem v16 (Coppedge vd. 2026); OECD ortancası: bugünkü 37 üye, Türkiye hariç"
2002,v2x_rule,0.738,0.965,"V-Dem v16 (Coppedge vd. 2026); OECD ortancası: bugünkü 37 üye, Türkiye hariç"
2003,v2x_rule,0.726,0.965,"V-Dem v16 (Coppedge vd. 2026); OECD ortancası: bugünkü 37 üye, Türkiye hariç"
2004,v2x_rule,0.712,0.965,"V-Dem v16 (Coppedge vd. 2026); OECD ortancası: bugünkü 37 üye, Türkiye hariç"
2005,v2x_rule,0.703,0.968,"V-Dem v16 (Coppedge vd. 2026); OECD ortancası: bugünkü 37 üye, Türkiye hariç"
2006,v2x_rule,0.698,0.967,"V-Dem v16 (Coppedge vd. 2026); OECD ortancası: bugünkü 37 üye, Türkiye hariç"
2007,v2x_rule,0.681,0.967,"V-Dem v16 (Coppedge vd. 2026); OECD ortancası: bugünkü 37 üye, Türkiye hariç"
2008,v2x_rule,0.647,0.967,"V-Dem v16 (Coppedge vd. 2026); OECD ortancası: bugünkü 37 üye, Türkiye hariç"
2009,v2x_rule,0.641,0.967,"V-Dem v16 (Coppedge vd. 2026); OECD ortancası: bugünkü 37 üye, Türkiye hariç"
2010,v2x_rule,0.528,0.967,"V-Dem v16 (Coppedge vd. 2026); OECD ortancası: bugünkü 37 üye, Türkiye hariç"
2011,v2x_rule,0.507,0.967,"V-Dem v16 (Coppedge vd. 2026); OECD ortancası: bugünkü 37 üye, Türkiye hariç"
2012,v2x_rule,0.493,0.967,"V-Dem v16 (Coppedge vd. 2026); OECD ortancası: bugünkü 37 üye, Türkiye hariç"
2013,v2x_rule,0.44,0.969,"V-Dem v16 (Coppedge vd. 2026); OECD ortancası: bugünkü 37 üye, Türkiye hariç"
2014,v2x_rule,0.386,0.969,"V-Dem v16 (Coppedge vd. 2026); OECD ortancası: bugünkü 37 üye, Türkiye hariç"
2015,v2x_rule,0.371,0.969,"V-Dem v16 (Coppedge vd. 2026); OECD ortancası: bugünkü 37 üye, Türkiye hariç"
2016,v2x_rule,0.234,0.969,"V-Dem v16 (Coppedge vd. 2026); OECD ortancası: bugünkü 37 üye, Türkiye hariç"
2017,v2x_rule,0.141,0.967,"V-Dem v16 (Coppedge vd. 2026); OECD ortancası: bugünkü 37 üye, Türkiye hariç"
2018,v2x_rule,0.133,0.962,"V-Dem v16 (Coppedge vd. 2026); OECD ortancası: bugünkü 37 üye, Türkiye hariç"
2019,v2x_rule,0.137,0.962,"V-Dem v16 (Coppedge vd. 2026); OECD ortancası: bugünkü 37 üye, Türkiye hariç"
2020,v2x_rule,0.132,0.958,"V-Dem v16 (Coppedge vd. 2026); OECD ortancası: bugünkü 37 üye, Türkiye hariç"
2021,v2x_rule,0.135,0.962,"V-Dem v16 (Coppedge vd. 2026); OECD ortancası: bugünkü 37 üye, Türkiye hariç"
2022,v2x_rule,0.13,0.961,"V-Dem v16 (Coppedge vd. 2026); OECD ortancası: bugünkü 37 üye, Türkiye hariç"
2023,v2x_rule,0.144,0.963,"V-Dem v16 (Coppedge vd. 2026); OECD ortancası: bugünkü 37 üye, Türkiye hariç"
2024,v2x_rule,0.169,0.957,"V-Dem v16 (Coppedge vd. 2026); OECD ortancası: bugünkü 37 üye, Türkiye hariç"
2025,v2x_rule,0.157,0.955,"V-Dem v16 (Coppedge vd. 2026); OECD ortancası: bugünkü 37 üye, Türkiye hariç"
1923,v2clrspct,-0.24,1.329,"V-Dem v16 (Coppedge vd. 2026); OECD ortancası: bugünkü 37 üye, Türkiye hariç"
1924,v2clrspct,-0.24,1.329,"V-Dem v16 (Coppedge vd. 2026); OECD ortancası: bugünkü 37 üye, Türkiye hariç"
1925,v2clrspct,-0.24,1.329,"V-Dem v16 (Coppedge vd. 2026); OECD ortancası: bugünkü 37 üye, Türkiye hariç"
1926,v2clrspct,-0.24,1.337,"V-Dem v16 (Coppedge vd. 2026); OECD ortancası: bugünkü 37 üye, Türkiye hariç"
1927,v2clrspct,-0.24,1.337,"V-Dem v16 (Coppedge vd. 2026); OECD ortancası: bugünkü 37 üye, Türkiye hariç"
1928,v2clrspct,-0.24,1.337,"V-Dem v16 (Coppedge vd. 2026); OECD ortancası: bugünkü 37 üye, Türkiye hariç"
1929,v2clrspct,-0.24,1.337,"V-Dem v16 (Coppedge vd. 2026); OECD ortancası: bugünkü 37 üye, Türkiye hariç"
1930,v2clrspct,-0.24,1.3,"V-Dem v16 (Coppedge vd. 2026); OECD ortancası: bugünkü 37 üye, Türkiye hariç"
1931,v2clrspct,-0.24,1.3,"V-Dem v16 (Coppedge vd. 2026); OECD ortancası: bugünkü 37 üye, Türkiye hariç"
1932,v2clrspct,-0.24,1.3,"V-Dem v16 (Coppedge vd. 2026); OECD ortancası: bugünkü 37 üye, Türkiye hariç"
1933,v2clrspct,-0.24,1.214,"V-Dem v16 (Coppedge vd. 2026); OECD ortancası: bugünkü 37 üye, Türkiye hariç"
1934,v2clrspct,-0.24,1.153,"V-Dem v16 (Coppedge vd. 2026); OECD ortancası: bugünkü 37 üye, Türkiye hariç"
1935,v2clrspct,-0.24,1.19,"V-Dem v16 (Coppedge vd. 2026); OECD ortancası: bugünkü 37 üye, Türkiye hariç"
1936,v2clrspct,-0.24,1.19,"V-Dem v16 (Coppedge vd. 2026); OECD ortancası: bugünkü 37 üye, Türkiye hariç"
1937,v2clrspct,-0.24,1.19,"V-Dem v16 (Coppedge vd. 2026); OECD ortancası: bugünkü 37 üye, Türkiye hariç"
1938,v2clrspct,-0.24,1.19,"V-Dem v16 (Coppedge vd. 2026); OECD ortancası: bugünkü 37 üye, Türkiye hariç"
1939,v2clrspct,-0.24,1.163,"V-Dem v16 (Coppedge vd. 2026); OECD ortancası: bugünkü 37 üye, Türkiye hariç"
1940,v2clrspct,-0.24,0.661,"V-Dem v16 (Coppedge vd. 2026); OECD ortancası: bugünkü 37 üye, Türkiye hariç"
1941,v2clrspct,-0.482,0.652,"V-Dem v16 (Coppedge vd. 2026); OECD ortancası: bugünkü 37 üye, Türkiye hariç"
1942,v2clrspct,-0.482,0.652,"V-Dem v16 (Coppedge vd. 2026); OECD ortancası: bugünkü 37 üye, Türkiye hariç"
1943,v2clrspct,-0.482,0.652,"V-Dem v16 (Coppedge vd. 2026); OECD ortancası: bugünkü 37 üye, Türkiye hariç"
1944,v2clrspct,-0.482,0.485,"V-Dem v16 (Coppedge vd. 2026); OECD ortancası: bugünkü 37 üye, Türkiye hariç"
1945,v2clrspct,-0.345,0.931,"V-Dem v16 (Coppedge vd. 2026); OECD ortancası: bugünkü 37 üye, Türkiye hariç"
1946,v2clrspct,-0.067,1.385,"V-Dem v16 (Coppedge vd. 2026); OECD ortancası: bugünkü 37 üye, Türkiye hariç"
1947,v2clrspct,-0.067,1.337,"V-Dem v16 (Coppedge vd. 2026); OECD ortancası: bugünkü 37 üye, Türkiye hariç"
1948,v2clrspct,-0.067,1.308,"V-Dem v16 (Coppedge vd. 2026); OECD ortancası: bugünkü 37 üye, Türkiye hariç"
1949,v2clrspct,-0.067,1.337,"V-Dem v16 (Coppedge vd. 2026); OECD ortancası: bugünkü 37 üye, Türkiye hariç"
1950,v2clrspct,-0.378,1.496,"V-Dem v16 (Coppedge vd. 2026); OECD ortancası: bugünkü 37 üye, Türkiye hariç"
1951,v2clrspct,-0.378,1.496,"V-Dem v16 (Coppedge vd. 2026); OECD ortancası: bugünkü 37 üye, Türkiye hariç"
1952,v2clrspct,-0.378,1.496,"V-Dem v16 (Coppedge vd. 2026); OECD ortancası: bugünkü 37 üye, Türkiye hariç"
1953,v2clrspct,-0.378,1.496,"V-Dem v16 (Coppedge vd. 2026); OECD ortancası: bugünkü 37 üye, Türkiye hariç"
1954,v2clrspct,-0.378,1.496,"V-Dem v16 (Coppedge vd. 2026); OECD ortancası: bugünkü 37 üye, Türkiye hariç"
1955,v2clrspct,-1.242,1.496,"V-Dem v16 (Coppedge vd. 2026); OECD ortancası: bugünkü 37 üye, Türkiye hariç"
1956,v2clrspct,-1.242,1.496,"V-Dem v16 (Coppedge vd. 2026); OECD ortancası: bugünkü 37 üye, Türkiye hariç"
1957,v2clrspct,-1.242,1.496,"V-Dem v16 (Coppedge vd. 2026); OECD ortancası: bugünkü 37 üye, Türkiye hariç"
1958,v2clrspct,-1.242,1.496,"V-Dem v16 (Coppedge vd. 2026); OECD ortancası: bugünkü 37 üye, Türkiye hariç"
1959,v2clrspct,-1.242,1.514,"V-Dem v16 (Coppedge vd. 2026); OECD ortancası: bugünkü 37 üye, Türkiye hariç"
1960,v2clrspct,-1.034,1.834,"V-Dem v16 (Coppedge vd. 2026); OECD ortancası: bugünkü 37 üye, Türkiye hariç"
1961,v2clrspct,-1.034,1.834,"V-Dem v16 (Coppedge vd. 2026); OECD ortancası: bugünkü 37 üye, Türkiye hariç"
1962,v2clrspct,-0.365,1.834,"V-Dem v16 (Coppedge vd. 2026); OECD ortancası: bugünkü 37 üye, Türkiye hariç"
1963,v2clrspct,0.234,1.834,"V-Dem v16 (Coppedge vd. 2026); OECD ortancası: bugünkü 37 üye, Türkiye hariç"
1964,v2clrspct,0.234,1.834,"V-Dem v16 (Coppedge vd. 2026); OECD ortancası: bugünkü 37 üye, Türkiye hariç"
1965,v2clrspct,0.234,1.834,"V-Dem v16 (Coppedge vd. 2026); OECD ortancası: bugünkü 37 üye, Türkiye hariç"
1966,v2clrspct,0.234,1.899,"V-Dem v16 (Coppedge vd. 2026); OECD ortancası: bugünkü 37 üye, Türkiye hariç"
1967,v2clrspct,0.234,1.899,"V-Dem v16 (Coppedge vd. 2026); OECD ortancası: bugünkü 37 üye, Türkiye hariç"
1968,v2clrspct,0.234,1.899,"V-Dem v16 (Coppedge vd. 2026); OECD ortancası: bugünkü 37 üye, Türkiye hariç"
1969,v2clrspct,0.234,1.911,"V-Dem v16 (Coppedge vd. 2026); OECD ortancası: bugünkü 37 üye, Türkiye hariç"
1970,v2clrspct,-0.621,1.911,"V-Dem v16 (Coppedge vd. 2026); OECD ortancası: bugünkü 37 üye, Türkiye hariç"
1971,v2clrspct,-0.621,2.023,"V-Dem v16 (Coppedge vd. 2026); OECD ortancası: bugünkü 37 üye, Türkiye hariç"
1972,v2clrspct,-0.621,2.023,"V-Dem v16 (Coppedge vd. 2026); OECD ortancası: bugünkü 37 üye, Türkiye hariç"
1973,v2clrspct,-0.197,2.023,"V-Dem v16 (Coppedge vd. 2026); OECD ortancası: bugünkü 37 üye, Türkiye hariç"
1974,v2clrspct,-0.197,2.023,"V-Dem v16 (Coppedge vd. 2026); OECD ortancası: bugünkü 37 üye, Türkiye hariç"
1975,v2clrspct,-0.197,2.109,"V-Dem v16 (Coppedge vd. 2026); OECD ortancası: bugünkü 37 üye, Türkiye hariç"
1976,v2clrspct,-0.197,2.312,"V-Dem v16 (Coppedge vd. 2026); OECD ortancası: bugünkü 37 üye, Türkiye hariç"
1977,v2clrspct,-0.197,2.312,"V-Dem v16 (Coppedge vd. 2026); OECD ortancası: bugünkü 37 üye, Türkiye hariç"
1978,v2clrspct,-0.197,2.516,"V-Dem v16 (Coppedge vd. 2026); OECD ortancası: bugünkü 37 üye, Türkiye hariç"
1979,v2clrspct,-0.197,2.516,"V-Dem v16 (Coppedge vd. 2026); OECD ortancası: bugünkü 37 üye, Türkiye hariç"
1980,v2clrspct,-1.036,2.516,"V-Dem v16 (Coppedge vd. 2026); OECD ortancası: bugünkü 37 üye, Türkiye hariç"
1981,v2clrspct,-1.285,2.516,"V-Dem v16 (Coppedge vd. 2026); OECD ortancası: bugünkü 37 üye, Türkiye hariç"
1982,v2clrspct,-1.285,2.516,"V-Dem v16 (Coppedge vd. 2026); OECD ortancası: bugünkü 37 üye, Türkiye hariç"
1983,v2clrspct,-0.828,2.516,"V-Dem v16 (Coppedge vd. 2026); OECD ortancası: bugünkü 37 üye, Türkiye hariç"
1984,v2clrspct,-0.745,2.516,"V-Dem v16 (Coppedge vd. 2026); OECD ortancası: bugünkü 37 üye, Türkiye hariç"
1985,v2clrspct,-0.745,2.516,"V-Dem v16 (Coppedge vd. 2026); OECD ortancası: bugünkü 37 üye, Türkiye hariç"
1986,v2clrspct,-0.745,2.516,"V-Dem v16 (Coppedge vd. 2026); OECD ortancası: bugünkü 37 üye, Türkiye hariç"
1987,v2clrspct,-0.745,2.516,"V-Dem v16 (Coppedge vd. 2026); OECD ortancası: bugünkü 37 üye, Türkiye hariç"
1988,v2clrspct,-0.745,2.516,"V-Dem v16 (Coppedge vd. 2026); OECD ortancası: bugünkü 37 üye, Türkiye hariç"
1989,v2clrspct,-0.745,2.512,"V-Dem v16 (Coppedge vd. 2026); OECD ortancası: bugünkü 37 üye, Türkiye hariç"
1990,v2clrspct,-0.454,2.555,"V-Dem v16 (Coppedge vd. 2026); OECD ortancası: bugünkü 37 üye, Türkiye hariç"
1991,v2clrspct,-0.454,2.516,"V-Dem v16 (Coppedge vd. 2026); OECD ortancası: bugünkü 37 üye, Türkiye hariç"
1992,v2clrspct,-0.454,2.516,"V-Dem v16 (Coppedge vd. 2026); OECD ortancası: bugünkü 37 üye, Türkiye hariç"
1993,v2clrspct,-0.454,2.52,"V-Dem v16 (Coppedge vd. 2026); OECD ortancası: bugünkü 37 üye, Türkiye hariç"
1994,v2clrspct,-0.454,2.597,"V-Dem v16 (Coppedge vd. 2026); OECD ortancası: bugünkü 37 üye, Türkiye hariç"
1995,v2clrspct,-0.454,2.597,"V-Dem v16 (Coppedge vd. 2026); OECD ortancası: bugünkü 37 üye, Türkiye hariç"
1996,v2clrspct,-0.454,2.597,"V-Dem v16 (Coppedge vd. 2026); OECD ortancası: bugünkü 37 üye, Türkiye hariç"
1997,v2clrspct,-0.454,2.597,"V-Dem v16 (Coppedge vd. 2026); OECD ortancası: bugünkü 37 üye, Türkiye hariç"
1998,v2clrspct,-0.454,2.597,"V-Dem v16 (Coppedge vd. 2026); OECD ortancası: bugünkü 37 üye, Türkiye hariç"
1999,v2clrspct,-0.267,2.597,"V-Dem v16 (Coppedge vd. 2026); OECD ortancası: bugünkü 37 üye, Türkiye hariç"
2000,v2clrspct,-0.267,2.597,"V-Dem v16 (Coppedge vd. 2026); OECD ortancası: bugünkü 37 üye, Türkiye hariç"
2001,v2clrspct,-0.267,2.597,"V-Dem v16 (Coppedge vd. 2026); OECD ortancası: bugünkü 37 üye, Türkiye hariç"
2002,v2clrspct,0.743,2.597,"V-Dem v16 (Coppedge vd. 2026); OECD ortancası: bugünkü 37 üye, Türkiye hariç"
2003,v2clrspct,0.743,2.597,"V-Dem v16 (Coppedge vd. 2026); OECD ortancası: bugünkü 37 üye, Türkiye hariç"
2004,v2clrspct,0.743,2.597,"V-Dem v16 (Coppedge vd. 2026); OECD ortancası: bugünkü 37 üye, Türkiye hariç"
2005,v2clrspct,0.743,2.512,"V-Dem v16 (Coppedge vd. 2026); OECD ortancası: bugünkü 37 üye, Türkiye hariç"
2006,v2clrspct,0.743,2.503,"V-Dem v16 (Coppedge vd. 2026); OECD ortancası: bugünkü 37 üye, Türkiye hariç"
2007,v2clrspct,0.743,2.512,"V-Dem v16 (Coppedge vd. 2026); OECD ortancası: bugünkü 37 üye, Türkiye hariç"
2008,v2clrspct,0.316,2.503,"V-Dem v16 (Coppedge vd. 2026); OECD ortancası: bugünkü 37 üye, Türkiye hariç"
2009,v2clrspct,0.2,2.503,"V-Dem v16 (Coppedge vd. 2026); OECD ortancası: bugünkü 37 üye, Türkiye hariç"
2010,v2clrspct,-0.293,2.503,"V-Dem v16 (Coppedge vd. 2026); OECD ortancası: bugünkü 37 üye, Türkiye hariç"
2011,v2clrspct,-0.293,2.503,"V-Dem v16 (Coppedge vd. 2026); OECD ortancası: bugünkü 37 üye, Türkiye hariç"
2012,v2clrspct,-0.293,2.503,"V-Dem v16 (Coppedge vd. 2026); OECD ortancası: bugünkü 37 üye, Türkiye hariç"
2013,v2clrspct,-0.46,2.242,"V-Dem v16 (Coppedge vd. 2026); OECD ortancası: bugünkü 37 üye, Türkiye hariç"
2014,v2clrspct,-0.651,2.242,"V-Dem v16 (Coppedge vd. 2026); OECD ortancası: bugünkü 37 üye, Türkiye hariç"
2015,v2clrspct,-0.713,2.346,"V-Dem v16 (Coppedge vd. 2026); OECD ortancası: bugünkü 37 üye, Türkiye hariç"
2016,v2clrspct,-1.171,2.217,"V-Dem v16 (Coppedge vd. 2026); OECD ortancası: bugünkü 37 üye, Türkiye hariç"
2017,v2clrspct,-1.737,2.169,"V-Dem v16 (Coppedge vd. 2026); OECD ortancası: bugünkü 37 üye, Türkiye hariç"
2018,v2clrspct,-1.61,2.169,"V-Dem v16 (Coppedge vd. 2026); OECD ortancası: bugünkü 37 üye, Türkiye hariç"
2019,v2clrspct,-1.844,2.205,"V-Dem v16 (Coppedge vd. 2026); OECD ortancası: bugünkü 37 üye, Türkiye hariç"
2020,v2clrspct,-1.579,2.205,"V-Dem v16 (Coppedge vd. 2026); OECD ortancası: bugünkü 37 üye, Türkiye hariç"
2021,v2clrspct,-1.579,2.236,"V-Dem v16 (Coppedge vd. 2026); OECD ortancası: bugünkü 37 üye, Türkiye hariç"
2022,v2clrspct,-1.579,2.236,"V-Dem v16 (Coppedge vd. 2026); OECD ortancası: bugünkü 37 üye, Türkiye hariç"
2023,v2clrspct,-1.579,2.108,"V-Dem v16 (Coppedge vd. 2026); OECD ortancası: bugünkü 37 üye, Türkiye hariç"
2024,v2clrspct,-1.579,1.877,"V-Dem v16 (Coppedge vd. 2026); OECD ortancası: bugünkü 37 üye, Türkiye hariç"
2025,v2clrspct,-1.693,2.153,"V-Dem v16 (Coppedge vd. 2026); OECD ortancası: bugünkü 37 üye, Türkiye hariç"
1923,v2juhcind,-0.057,1.137,"V-Dem v16 (Coppedge vd. 2026); OECD ortancası: bugünkü 37 üye, Türkiye hariç"
1924,v2juhcind,1.492,1.137,"V-Dem v16 (Coppedge vd. 2026); OECD ortancası: bugünkü 37 üye, Türkiye hariç"
1925,v2juhcind,1.492,1.155,"V-Dem v16 (Coppedge vd. 2026); OECD ortancası: bugünkü 37 üye, Türkiye hariç"
1926,v2juhcind,1.492,1.155,"V-Dem v16 (Coppedge vd. 2026); OECD ortancası: bugünkü 37 üye, Türkiye hariç"
1927,v2juhcind,1.492,1.137,"V-Dem v16 (Coppedge vd. 2026); OECD ortancası: bugünkü 37 üye, Türkiye hariç"
1928,v2juhcind,1.492,1.126,"V-Dem v16 (Coppedge vd. 2026); OECD ortancası: bugünkü 37 üye, Türkiye hariç"
1929,v2juhcind,1.492,1.137,"V-Dem v16 (Coppedge vd. 2026); OECD ortancası: bugünkü 37 üye, Türkiye hariç"
1930,v2juhcind,1.492,1.126,"V-Dem v16 (Coppedge vd. 2026); OECD ortancası: bugünkü 37 üye, Türkiye hariç"
1931,v2juhcind,1.492,1.126,"V-Dem v16 (Coppedge vd. 2026); OECD ortancası: bugünkü 37 üye, Türkiye hariç"
1932,v2juhcind,1.492,1.126,"V-Dem v16 (Coppedge vd. 2026); OECD ortancası: bugünkü 37 üye, Türkiye hariç"
1933,v2juhcind,1.492,1.114,"V-Dem v16 (Coppedge vd. 2026); OECD ortancası: bugünkü 37 üye, Türkiye hariç"
1934,v2juhcind,1.492,1.077,"V-Dem v16 (Coppedge vd. 2026); OECD ortancası: bugünkü 37 üye, Türkiye hariç"
1935,v2juhcind,1.492,1.077,"V-Dem v16 (Coppedge vd. 2026); OECD ortancası: bugünkü 37 üye, Türkiye hariç"
1936,v2juhcind,1.492,1.077,"V-Dem v16 (Coppedge vd. 2026); OECD ortancası: bugünkü 37 üye, Türkiye hariç"
1937,v2juhcind,1.492,1.077,"V-Dem v16 (Coppedge vd. 2026); OECD ortancası: bugünkü 37 üye, Türkiye hariç"
1938,v2juhcind,1.492,1.047,"V-Dem v16 (Coppedge vd. 2026); OECD ortancası: bugünkü 37 üye, Türkiye hariç"
1939,v2juhcind,1.492,1.047,"V-Dem v16 (Coppedge vd. 2026); OECD ortancası: bugünkü 37 üye, Türkiye hariç"
1940,v2juhcind,1.492,0.417,"V-Dem v16 (Coppedge vd. 2026); OECD ortancası: bugünkü 37 üye, Türkiye hariç"
1941,v2juhcind,1.492,0.417,"V-Dem v16 (Coppedge vd. 2026); OECD ortancası: bugünkü 37 üye, Türkiye hariç"
1942,v2juhcind,1.492,0.417,"V-Dem v16 (Coppedge vd. 2026); OECD ortancası: bugünkü 37 üye, Türkiye hariç"
1943,v2juhcind,1.492,0.417,"V-Dem v16 (Coppedge vd. 2026); OECD ortancası: bugünkü 37 üye, Türkiye hariç"
1944,v2juhcind,1.492,0.082,"V-Dem v16 (Coppedge vd. 2026); OECD ortancası: bugünkü 37 üye, Türkiye hariç"
1945,v2juhcind,1.492,1.014,"V-Dem v16 (Coppedge vd. 2026); OECD ortancası: bugünkü 37 üye, Türkiye hariç"
1946,v2juhcind,1.492,1.365,"V-Dem v16 (Coppedge vd. 2026); OECD ortancası: bugünkü 37 üye, Türkiye hariç"
1947,v2juhcind,1.492,1.365,"V-Dem v16 (Coppedge vd. 2026); OECD ortancası: bugünkü 37 üye, Türkiye hariç"
1948,v2juhcind,1.492,1.174,"V-Dem v16 (Coppedge vd. 2026); OECD ortancası: bugünkü 37 üye, Türkiye hariç"
1949,v2juhcind,1.492,1.365,"V-Dem v16 (Coppedge vd. 2026); OECD ortancası: bugünkü 37 üye, Türkiye hariç"
1950,v2juhcind,1.024,1.551,"V-Dem v16 (Coppedge vd. 2026); OECD ortancası: bugünkü 37 üye, Türkiye hariç"
1951,v2juhcind,1.459,1.551,"V-Dem v16 (Coppedge vd. 2026); OECD ortancası: bugünkü 37 üye, Türkiye hariç"
1952,v2juhcind,1.459,1.551,"V-Dem v16 (Coppedge vd. 2026); OECD ortancası: bugünkü 37 üye, Türkiye hariç"
1953,v2juhcind,1.459,1.341,"V-Dem v16 (Coppedge vd. 2026); OECD ortancası: bugünkü 37 üye, Türkiye hariç"
1954,v2juhcind,1.077,1.341,"V-Dem v16 (Coppedge vd. 2026); OECD ortancası: bugünkü 37 üye, Türkiye hariç"
1955,v2juhcind,1.077,1.341,"V-Dem v16 (Coppedge vd. 2026); OECD ortancası: bugünkü 37 üye, Türkiye hariç"
1956,v2juhcind,1.077,1.341,"V-Dem v16 (Coppedge vd. 2026); OECD ortancası: bugünkü 37 üye, Türkiye hariç"
1957,v2juhcind,1.077,1.341,"V-Dem v16 (Coppedge vd. 2026); OECD ortancası: bugünkü 37 üye, Türkiye hariç"
1958,v2juhcind,1.077,1.341,"V-Dem v16 (Coppedge vd. 2026); OECD ortancası: bugünkü 37 üye, Türkiye hariç"
1959,v2juhcind,1.077,1.341,"V-Dem v16 (Coppedge vd. 2026); OECD ortancası: bugünkü 37 üye, Türkiye hariç"
1960,v2juhcind,1.077,1.341,"V-Dem v16 (Coppedge vd. 2026); OECD ortancası: bugünkü 37 üye, Türkiye hariç"
1961,v2juhcind,0.296,1.341,"V-Dem v16 (Coppedge vd. 2026); OECD ortancası: bugünkü 37 üye, Türkiye hariç"
1962,v2juhcind,1.129,1.341,"V-Dem v16 (Coppedge vd. 2026); OECD ortancası: bugünkü 37 üye, Türkiye hariç"
1963,v2juhcind,1.129,1.341,"V-Dem v16 (Coppedge vd. 2026); OECD ortancası: bugünkü 37 üye, Türkiye hariç"
1964,v2juhcind,1.129,1.341,"V-Dem v16 (Coppedge vd. 2026); OECD ortancası: bugünkü 37 üye, Türkiye hariç"
1965,v2juhcind,1.177,1.341,"V-Dem v16 (Coppedge vd. 2026); OECD ortancası: bugünkü 37 üye, Türkiye hariç"
1966,v2juhcind,1.177,1.341,"V-Dem v16 (Coppedge vd. 2026); OECD ortancası: bugünkü 37 üye, Türkiye hariç"
1967,v2juhcind,1.177,1.514,"V-Dem v16 (Coppedge vd. 2026); OECD ortancası: bugünkü 37 üye, Türkiye hariç"
1968,v2juhcind,1.177,1.514,"V-Dem v16 (Coppedge vd. 2026); OECD ortancası: bugünkü 37 üye, Türkiye hariç"
1969,v2juhcind,1.177,1.514,"V-Dem v16 (Coppedge vd. 2026); OECD ortancası: bugünkü 37 üye, Türkiye hariç"
1970,v2juhcind,1.177,1.556,"V-Dem v16 (Coppedge vd. 2026); OECD ortancası: bugünkü 37 üye, Türkiye hariç"
1971,v2juhcind,0.653,1.556,"V-Dem v16 (Coppedge vd. 2026); OECD ortancası: bugünkü 37 üye, Türkiye hariç"
1972,v2juhcind,0.653,1.558,"V-Dem v16 (Coppedge vd. 2026); OECD ortancası: bugünkü 37 üye, Türkiye hariç"
1973,v2juhcind,0.653,1.558,"V-Dem v16 (Coppedge vd. 2026); OECD ortancası: bugünkü 37 üye, Türkiye hariç"
1974,v2juhcind,1.204,1.558,"V-Dem v16 (Coppedge vd. 2026); OECD ortancası: bugünkü 37 üye, Türkiye hariç"
1975,v2juhcind,1.204,1.558,"V-Dem v16 (Coppedge vd. 2026); OECD ortancası: bugünkü 37 üye, Türkiye hariç"
1976,v2juhcind,1.204,1.563,"V-Dem v16 (Coppedge vd. 2026); OECD ortancası: bugünkü 37 üye, Türkiye hariç"
1977,v2juhcind,1.204,1.563,"V-Dem v16 (Coppedge vd. 2026); OECD ortancası: bugünkü 37 üye, Türkiye hariç"
1978,v2juhcind,1.204,1.744,"V-Dem v16 (Coppedge vd. 2026); OECD ortancası: bugünkü 37 üye, Türkiye hariç"
1979,v2juhcind,1.204,1.744,"V-Dem v16 (Coppedge vd. 2026); OECD ortancası: bugünkü 37 üye, Türkiye hariç"
1980,v2juhcind,0.655,1.688,"V-Dem v16 (Coppedge vd. 2026); OECD ortancası: bugünkü 37 üye, Türkiye hariç"
1981,v2juhcind,0.341,1.78,"V-Dem v16 (Coppedge vd. 2026); OECD ortancası: bugünkü 37 üye, Türkiye hariç"
1982,v2juhcind,0.341,1.78,"V-Dem v16 (Coppedge vd. 2026); OECD ortancası: bugünkü 37 üye, Türkiye hariç"
1983,v2juhcind,0.471,1.805,"V-Dem v16 (Coppedge vd. 2026); OECD ortancası: bugünkü 37 üye, Türkiye hariç"
1984,v2juhcind,1.501,1.805,"V-Dem v16 (Coppedge vd. 2026); OECD ortancası: bugünkü 37 üye, Türkiye hariç"
1985,v2juhcind,1.501,1.805,"V-Dem v16 (Coppedge vd. 2026); OECD ortancası: bugünkü 37 üye, Türkiye hariç"
1986,v2juhcind,1.562,1.887,"V-Dem v16 (Coppedge vd. 2026); OECD ortancası: bugünkü 37 üye, Türkiye hariç"
1987,v2juhcind,1.562,1.887,"V-Dem v16 (Coppedge vd. 2026); OECD ortancası: bugünkü 37 üye, Türkiye hariç"
1988,v2juhcind,1.562,1.887,"V-Dem v16 (Coppedge vd. 2026); OECD ortancası: bugünkü 37 üye, Türkiye hariç"
1989,v2juhcind,1.562,1.891,"V-Dem v16 (Coppedge vd. 2026); OECD ortancası: bugünkü 37 üye, Türkiye hariç"
1990,v2juhcind,1.562,1.909,"V-Dem v16 (Coppedge vd. 2026); OECD ortancası: bugünkü 37 üye, Türkiye hariç"
1991,v2juhcind,1.562,1.965,"V-Dem v16 (Coppedge vd. 2026); OECD ortancası: bugünkü 37 üye, Türkiye hariç"
1992,v2juhcind,1.562,1.965,"V-Dem v16 (Coppedge vd. 2026); OECD ortancası: bugünkü 37 üye, Türkiye hariç"
1993,v2juhcind,1.562,1.943,"V-Dem v16 (Coppedge vd. 2026); OECD ortancası: bugünkü 37 üye, Türkiye hariç"
1994,v2juhcind,1.562,1.943,"V-Dem v16 (Coppedge vd. 2026); OECD ortancası: bugünkü 37 üye, Türkiye hariç"
1995,v2juhcind,1.562,1.943,"V-Dem v16 (Coppedge vd. 2026); OECD ortancası: bugünkü 37 üye, Türkiye hariç"
1996,v2juhcind,1.562,1.943,"V-Dem v16 (Coppedge vd. 2026); OECD ortancası: bugünkü 37 üye, Türkiye hariç"
1997,v2juhcind,1.562,1.943,"V-Dem v16 (Coppedge vd. 2026); OECD ortancası: bugünkü 37 üye, Türkiye hariç"
1998,v2juhcind,1.562,1.943,"V-Dem v16 (Coppedge vd. 2026); OECD ortancası: bugünkü 37 üye, Türkiye hariç"
1999,v2juhcind,1.562,1.943,"V-Dem v16 (Coppedge vd. 2026); OECD ortancası: bugünkü 37 üye, Türkiye hariç"
2000,v2juhcind,1.562,1.928,"V-Dem v16 (Coppedge vd. 2026); OECD ortancası: bugünkü 37 üye, Türkiye hariç"
2001,v2juhcind,1.562,1.928,"V-Dem v16 (Coppedge vd. 2026); OECD ortancası: bugünkü 37 üye, Türkiye hariç"
2002,v2juhcind,1.719,1.928,"V-Dem v16 (Coppedge vd. 2026); OECD ortancası: bugünkü 37 üye, Türkiye hariç"
2003,v2juhcind,1.719,1.928,"V-Dem v16 (Coppedge vd. 2026); OECD ortancası: bugünkü 37 üye, Türkiye hariç"
2004,v2juhcind,1.719,1.928,"V-Dem v16 (Coppedge vd. 2026); OECD ortancası: bugünkü 37 üye, Türkiye hariç"
2005,v2juhcind,1.719,1.928,"V-Dem v16 (Coppedge vd. 2026); OECD ortancası: bugünkü 37 üye, Türkiye hariç"
2006,v2juhcind,1.719,1.898,"V-Dem v16 (Coppedge vd. 2026); OECD ortancası: bugünkü 37 üye, Türkiye hariç"
2007,v2juhcind,1.941,1.898,"V-Dem v16 (Coppedge vd. 2026); OECD ortancası: bugünkü 37 üye, Türkiye hariç"
2008,v2juhcind,2.083,1.928,"V-Dem v16 (Coppedge vd. 2026); OECD ortancası: bugünkü 37 üye, Türkiye hariç"
2009,v2juhcind,1.852,1.97,"V-Dem v16 (Coppedge vd. 2026); OECD ortancası: bugünkü 37 üye, Türkiye hariç"
2010,v2juhcind,1.459,1.97,"V-Dem v16 (Coppedge vd. 2026); OECD ortancası: bugünkü 37 üye, Türkiye hariç"
2011,v2juhcind,1.459,1.97,"V-Dem v16 (Coppedge vd. 2026); OECD ortancası: bugünkü 37 üye, Türkiye hariç"
2012,v2juhcind,1.459,1.97,"V-Dem v16 (Coppedge vd. 2026); OECD ortancası: bugünkü 37 üye, Türkiye hariç"
2013,v2juhcind,1.459,1.957,"V-Dem v16 (Coppedge vd. 2026); OECD ortancası: bugünkü 37 üye, Türkiye hariç"
2014,v2juhcind,1.151,1.957,"V-Dem v16 (Coppedge vd. 2026); OECD ortancası: bugünkü 37 üye, Türkiye hariç"
2015,v2juhcind,1.052,1.957,"V-Dem v16 (Coppedge vd. 2026); OECD ortancası: bugünkü 37 üye, Türkiye hariç"
2016,v2juhcind,0.721,1.97,"V-Dem v16 (Coppedge vd. 2026); OECD ortancası: bugünkü 37 üye, Türkiye hariç"
2017,v2juhcind,0.156,1.928,"V-Dem v16 (Coppedge vd. 2026); OECD ortancası: bugünkü 37 üye, Türkiye hariç"
2018,v2juhcind,0.156,1.928,"V-Dem v16 (Coppedge vd. 2026); OECD ortancası: bugünkü 37 üye, Türkiye hariç"
2019,v2juhcind,0.156,1.97,"V-Dem v16 (Coppedge vd. 2026); OECD ortancası: bugünkü 37 üye, Türkiye hariç"
2020,v2juhcind,0.093,2.046,"V-Dem v16 (Coppedge vd. 2026); OECD ortancası: bugünkü 37 üye, Türkiye hariç"
2021,v2juhcind,0.131,2.046,"V-Dem v16 (Coppedge vd. 2026); OECD ortancası: bugünkü 37 üye, Türkiye hariç"
2022,v2juhcind,0.131,1.97,"V-Dem v16 (Coppedge vd. 2026); OECD ortancası: bugünkü 37 üye, Türkiye hariç"
2023,v2juhcind,0.262,1.97,"V-Dem v16 (Coppedge vd. 2026); OECD ortancası: bugünkü 37 üye, Türkiye hariç"
2024,v2juhcind,0.1,1.891,"V-Dem v16 (Coppedge vd. 2026); OECD ortancası: bugünkü 37 üye, Türkiye hariç"
2025,v2juhcind,0.1,1.97,"V-Dem v16 (Coppedge vd. 2026); OECD ortancası: bugünkü 37 üye, Türkiye hariç"
1923,v2juncind,-0.246,1.315,"V-Dem v16 (Coppedge vd. 2026); OECD ortancası: bugünkü 37 üye, Türkiye hariç"
1924,v2juncind,0.602,1.315,"V-Dem v16 (Coppedge vd. 2026); OECD ortancası: bugünkü 37 üye, Türkiye hariç"
1925,v2juncind,0.602,1.356,"V-Dem v16 (Coppedge vd. 2026); OECD ortancası: bugünkü 37 üye, Türkiye hariç"
1926,v2juncind,0.602,1.356,"V-Dem v16 (Coppedge vd. 2026); OECD ortancası: bugünkü 37 üye, Türkiye hariç"
1927,v2juncind,0.602,1.315,"V-Dem v16 (Coppedge vd. 2026); OECD ortancası: bugünkü 37 üye, Türkiye hariç"
1928,v2juncind,0.602,1.267,"V-Dem v16 (Coppedge vd. 2026); OECD ortancası: bugünkü 37 üye, Türkiye hariç"
1929,v2juncind,0.602,1.267,"V-Dem v16 (Coppedge vd. 2026); OECD ortancası: bugünkü 37 üye, Türkiye hariç"
1930,v2juncind,0.602,1.267,"V-Dem v16 (Coppedge vd. 2026); OECD ortancası: bugünkü 37 üye, Türkiye hariç"
1931,v2juncind,0.602,1.267,"V-Dem v16 (Coppedge vd. 2026); OECD ortancası: bugünkü 37 üye, Türkiye hariç"
1932,v2juncind,0.602,1.267,"V-Dem v16 (Coppedge vd. 2026); OECD ortancası: bugünkü 37 üye, Türkiye hariç"
1933,v2juncind,0.602,1.267,"V-Dem v16 (Coppedge vd. 2026); OECD ortancası: bugünkü 37 üye, Türkiye hariç"
1934,v2juncind,0.602,1.208,"V-Dem v16 (Coppedge vd. 2026); OECD ortancası: bugünkü 37 üye, Türkiye hariç"
1935,v2juncind,0.602,1.208,"V-Dem v16 (Coppedge vd. 2026); OECD ortancası: bugünkü 37 üye, Türkiye hariç"
1936,v2juncind,0.602,1.208,"V-Dem v16 (Coppedge vd. 2026); OECD ortancası: bugünkü 37 üye, Türkiye hariç"
1937,v2juncind,0.602,1.208,"V-Dem v16 (Coppedge vd. 2026); OECD ortancası: bugünkü 37 üye, Türkiye hariç"
1938,v2juncind,0.602,1.239,"V-Dem v16 (Coppedge vd. 2026); OECD ortancası: bugünkü 37 üye, Türkiye hariç"
1939,v2juncind,0.602,1.239,"V-Dem v16 (Coppedge vd. 2026); OECD ortancası: bugünkü 37 üye, Türkiye hariç"
1940,v2juncind,0.602,0.987,"V-Dem v16 (Coppedge vd. 2026); OECD ortancası: bugünkü 37 üye, Türkiye hariç"
1941,v2juncind,0.602,0.987,"V-Dem v16 (Coppedge vd. 2026); OECD ortancası: bugünkü 37 üye, Türkiye hariç"
1942,v2juncind,0.602,0.958,"V-Dem v16 (Coppedge vd. 2026); OECD ortancası: bugünkü 37 üye, Türkiye hariç"
1943,v2juncind,0.602,0.958,"V-Dem v16 (Coppedge vd. 2026); OECD ortancası: bugünkü 37 üye, Türkiye hariç"
1944,v2juncind,0.602,0.755,"V-Dem v16 (Coppedge vd. 2026); OECD ortancası: bugünkü 37 üye, Türkiye hariç"
1945,v2juncind,0.602,1.126,"V-Dem v16 (Coppedge vd. 2026); OECD ortancası: bugünkü 37 üye, Türkiye hariç"
1946,v2juncind,0.602,1.412,"V-Dem v16 (Coppedge vd. 2026); OECD ortancası: bugünkü 37 üye, Türkiye hariç"
1947,v2juncind,0.602,1.345,"V-Dem v16 (Coppedge vd. 2026); OECD ortancası: bugünkü 37 üye, Türkiye hariç"
1948,v2juncind,0.602,1.354,"V-Dem v16 (Coppedge vd. 2026); OECD ortancası: bugünkü 37 üye, Türkiye hariç"
1949,v2juncind,0.602,1.587,"V-Dem v16 (Coppedge vd. 2026); OECD ortancası: bugünkü 37 üye, Türkiye hariç"
1950,v2juncind,0.602,1.653,"V-Dem v16 (Coppedge vd. 2026); OECD ortancası: bugünkü 37 üye, Türkiye hariç"
1951,v2juncind,1.096,1.653,"V-Dem v16 (Coppedge vd. 2026); OECD ortancası: bugünkü 37 üye, Türkiye hariç"
1952,v2juncind,1.096,1.653,"V-Dem v16 (Coppedge vd. 2026); OECD ortancası: bugünkü 37 üye, Türkiye hariç"
1953,v2juncind,1.096,1.653,"V-Dem v16 (Coppedge vd. 2026); OECD ortancası: bugünkü 37 üye, Türkiye hariç"
1954,v2juncind,1.096,1.653,"V-Dem v16 (Coppedge vd. 2026); OECD ortancası: bugünkü 37 üye, Türkiye hariç"
1955,v2juncind,1.096,1.653,"V-Dem v16 (Coppedge vd. 2026); OECD ortancası: bugünkü 37 üye, Türkiye hariç"
1956,v2juncind,1.096,1.653,"V-Dem v16 (Coppedge vd. 2026); OECD ortancası: bugünkü 37 üye, Türkiye hariç"
1957,v2juncind,1.096,1.653,"V-Dem v16 (Coppedge vd. 2026); OECD ortancası: bugünkü 37 üye, Türkiye hariç"
1958,v2juncind,1.096,1.653,"V-Dem v16 (Coppedge vd. 2026); OECD ortancası: bugünkü 37 üye, Türkiye hariç"
1959,v2juncind,1.096,1.704,"V-Dem v16 (Coppedge vd. 2026); OECD ortancası: bugünkü 37 üye, Türkiye hariç"
1960,v2juncind,0.615,1.704,"V-Dem v16 (Coppedge vd. 2026); OECD ortancası: bugünkü 37 üye, Türkiye hariç"
1961,v2juncind,0.314,1.704,"V-Dem v16 (Coppedge vd. 2026); OECD ortancası: bugünkü 37 üye, Türkiye hariç"
1962,v2juncind,0.875,1.704,"V-Dem v16 (Coppedge vd. 2026); OECD ortancası: bugünkü 37 üye, Türkiye hariç"
1963,v2juncind,0.875,1.704,"V-Dem v16 (Coppedge vd. 2026); OECD ortancası: bugünkü 37 üye, Türkiye hariç"
1964,v2juncind,0.875,1.704,"V-Dem v16 (Coppedge vd. 2026); OECD ortancası: bugünkü 37 üye, Türkiye hariç"
1965,v2juncind,0.989,1.704,"V-Dem v16 (Coppedge vd. 2026); OECD ortancası: bugünkü 37 üye, Türkiye hariç"
1966,v2juncind,0.989,1.704,"V-Dem v16 (Coppedge vd. 2026); OECD ortancası: bugünkü 37 üye, Türkiye hariç"
1967,v2juncind,0.989,1.704,"V-Dem v16 (Coppedge vd. 2026); OECD ortancası: bugünkü 37 üye, Türkiye hariç"
1968,v2juncind,0.989,1.704,"V-Dem v16 (Coppedge vd. 2026); OECD ortancası: bugünkü 37 üye, Türkiye hariç"
1969,v2juncind,0.989,1.704,"V-Dem v16 (Coppedge vd. 2026); OECD ortancası: bugünkü 37 üye, Türkiye hariç"
1970,v2juncind,0.989,1.704,"V-Dem v16 (Coppedge vd. 2026); OECD ortancası: bugünkü 37 üye, Türkiye hariç"
1971,v2juncind,-0.088,1.704,"V-Dem v16 (Coppedge vd. 2026); OECD ortancası: bugünkü 37 üye, Türkiye hariç"
1972,v2juncind,-0.088,1.704,"V-Dem v16 (Coppedge vd. 2026); OECD ortancası: bugünkü 37 üye, Türkiye hariç"
1973,v2juncind,-0.088,1.704,"V-Dem v16 (Coppedge vd. 2026); OECD ortancası: bugünkü 37 üye, Türkiye hariç"
1974,v2juncind,1.004,1.704,"V-Dem v16 (Coppedge vd. 2026); OECD ortancası: bugünkü 37 üye, Türkiye hariç"
1975,v2juncind,1.004,1.704,"V-Dem v16 (Coppedge vd. 2026); OECD ortancası: bugünkü 37 üye, Türkiye hariç"
1976,v2juncind,1.004,1.752,"V-Dem v16 (Coppedge vd. 2026); OECD ortancası: bugünkü 37 üye, Türkiye hariç"
1977,v2juncind,1.004,1.801,"V-Dem v16 (Coppedge vd. 2026); OECD ortancası: bugünkü 37 üye, Türkiye hariç"
1978,v2juncind,1.004,1.866,"V-Dem v16 (Coppedge vd. 2026); OECD ortancası: bugünkü 37 üye, Türkiye hariç"
1979,v2juncind,1.004,1.866,"V-Dem v16 (Coppedge vd. 2026); OECD ortancası: bugünkü 37 üye, Türkiye hariç"
1980,v2juncind,0.562,1.866,"V-Dem v16 (Coppedge vd. 2026); OECD ortancası: bugünkü 37 üye, Türkiye hariç"
1981,v2juncind,-1.953,1.866,"V-Dem v16 (Coppedge vd. 2026); OECD ortancası: bugünkü 37 üye, Türkiye hariç"
1982,v2juncind,-1.953,1.866,"V-Dem v16 (Coppedge vd. 2026); OECD ortancası: bugünkü 37 üye, Türkiye hariç"
1983,v2juncind,-1.607,1.866,"V-Dem v16 (Coppedge vd. 2026); OECD ortancası: bugünkü 37 üye, Türkiye hariç"
1984,v2juncind,0.344,1.866,"V-Dem v16 (Coppedge vd. 2026); OECD ortancası: bugünkü 37 üye, Türkiye hariç"
1985,v2juncind,0.344,1.866,"V-Dem v16 (Coppedge vd. 2026); OECD ortancası: bugünkü 37 üye, Türkiye hariç"
1986,v2juncind,0.344,1.866,"V-Dem v16 (Coppedge vd. 2026); OECD ortancası: bugünkü 37 üye, Türkiye hariç"
1987,v2juncind,0.498,1.866,"V-Dem v16 (Coppedge vd. 2026); OECD ortancası: bugünkü 37 üye, Türkiye hariç"
1988,v2juncind,0.498,1.866,"V-Dem v16 (Coppedge vd. 2026); OECD ortancası: bugünkü 37 üye, Türkiye hariç"
1989,v2juncind,0.498,1.846,"V-Dem v16 (Coppedge vd. 2026); OECD ortancası: bugünkü 37 üye, Türkiye hariç"
1990,v2juncind,0.498,2.056,"V-Dem v16 (Coppedge vd. 2026); OECD ortancası: bugünkü 37 üye, Türkiye hariç"
1991,v2juncind,0.498,2.13,"V-Dem v16 (Coppedge vd. 2026); OECD ortancası: bugünkü 37 üye, Türkiye hariç"
1992,v2juncind,0.498,2.13,"V-Dem v16 (Coppedge vd. 2026); OECD ortancası: bugünkü 37 üye, Türkiye hariç"
1993,v2juncind,0.498,2.138,"V-Dem v16 (Coppedge vd. 2026); OECD ortancası: bugünkü 37 üye, Türkiye hariç"
1994,v2juncind,0.498,2.138,"V-Dem v16 (Coppedge vd. 2026); OECD ortancası: bugünkü 37 üye, Türkiye hariç"
1995,v2juncind,0.498,2.138,"V-Dem v16 (Coppedge vd. 2026); OECD ortancası: bugünkü 37 üye, Türkiye hariç"
1996,v2juncind,0.498,2.138,"V-Dem v16 (Coppedge vd. 2026); OECD ortancası: bugünkü 37 üye, Türkiye hariç"
1997,v2juncind,0.376,2.138,"V-Dem v16 (Coppedge vd. 2026); OECD ortancası: bugünkü 37 üye, Türkiye hariç"
1998,v2juncind,0.376,2.138,"V-Dem v16 (Coppedge vd. 2026); OECD ortancası: bugünkü 37 üye, Türkiye hariç"
1999,v2juncind,0.376,2.138,"V-Dem v16 (Coppedge vd. 2026); OECD ortancası: bugünkü 37 üye, Türkiye hariç"
2000,v2juncind,0.376,2.138,"V-Dem v16 (Coppedge vd. 2026); OECD ortancası: bugünkü 37 üye, Türkiye hariç"
2001,v2juncind,0.636,2.138,"V-Dem v16 (Coppedge vd. 2026); OECD ortancası: bugünkü 37 üye, Türkiye hariç"
2002,v2juncind,1.128,2.138,"V-Dem v16 (Coppedge vd. 2026); OECD ortancası: bugünkü 37 üye, Türkiye hariç"
2003,v2juncind,1.63,2.138,"V-Dem v16 (Coppedge vd. 2026); OECD ortancası: bugünkü 37 üye, Türkiye hariç"
2004,v2juncind,1.63,2.138,"V-Dem v16 (Coppedge vd. 2026); OECD ortancası: bugünkü 37 üye, Türkiye hariç"
2005,v2juncind,1.63,2.121,"V-Dem v16 (Coppedge vd. 2026); OECD ortancası: bugünkü 37 üye, Türkiye hariç"
2006,v2juncind,1.63,2.138,"V-Dem v16 (Coppedge vd. 2026); OECD ortancası: bugünkü 37 üye, Türkiye hariç"
2007,v2juncind,1.759,2.138,"V-Dem v16 (Coppedge vd. 2026); OECD ortancası: bugünkü 37 üye, Türkiye hariç"
2008,v2juncind,1.846,2.121,"V-Dem v16 (Coppedge vd. 2026); OECD ortancası: bugünkü 37 üye, Türkiye hariç"
2009,v2juncind,1.673,2.121,"V-Dem v16 (Coppedge vd. 2026); OECD ortancası: bugünkü 37 üye, Türkiye hariç"
2010,v2juncind,1.129,2.121,"V-Dem v16 (Coppedge vd. 2026); OECD ortancası: bugünkü 37 üye, Türkiye hariç"
2011,v2juncind,0.906,2.121,"V-Dem v16 (Coppedge vd. 2026); OECD ortancası: bugünkü 37 üye, Türkiye hariç"
2012,v2juncind,0.931,2.096,"V-Dem v16 (Coppedge vd. 2026); OECD ortancası: bugünkü 37 üye, Türkiye hariç"
2013,v2juncind,0.753,2.137,"V-Dem v16 (Coppedge vd. 2026); OECD ortancası: bugünkü 37 üye, Türkiye hariç"
2014,v2juncind,0.501,2.137,"V-Dem v16 (Coppedge vd. 2026); OECD ortancası: bugünkü 37 üye, Türkiye hariç"
2015,v2juncind,0.501,2.121,"V-Dem v16 (Coppedge vd. 2026); OECD ortancası: bugünkü 37 üye, Türkiye hariç"
2016,v2juncind,-0.087,2.121,"V-Dem v16 (Coppedge vd. 2026); OECD ortancası: bugünkü 37 üye, Türkiye hariç"
2017,v2juncind,-0.615,1.97,"V-Dem v16 (Coppedge vd. 2026); OECD ortancası: bugünkü 37 üye, Türkiye hariç"
2018,v2juncind,-0.816,1.97,"V-Dem v16 (Coppedge vd. 2026); OECD ortancası: bugünkü 37 üye, Türkiye hariç"
2019,v2juncind,-0.816,2.011,"V-Dem v16 (Coppedge vd. 2026); OECD ortancası: bugünkü 37 üye, Türkiye hariç"
2020,v2juncind,-0.968,2.064,"V-Dem v16 (Coppedge vd. 2026); OECD ortancası: bugünkü 37 üye, Türkiye hariç"
2021,v2juncind,-0.789,2.121,"V-Dem v16 (Coppedge vd. 2026); OECD ortancası: bugünkü 37 üye, Türkiye hariç"
2022,v2juncind,-0.789,1.998,"V-Dem v16 (Coppedge vd. 2026); OECD ortancası: bugünkü 37 üye, Türkiye hariç"
2023,v2juncind,-0.951,1.998,"V-Dem v16 (Coppedge vd. 2026); OECD ortancası: bugünkü 37 üye, Türkiye hariç"
2024,v2juncind,-0.695,2.096,"V-Dem v16 (Coppedge vd. 2026); OECD ortancası: bugünkü 37 üye, Türkiye hariç"
2025,v2juncind,-0.695,2.121,"V-Dem v16 (Coppedge vd. 2026); OECD ortancası: bugünkü 37 üye, Türkiye hariç"
1923,v2jucomp,-0.694,1.426,"V-Dem v16 (Coppedge vd. 2026); OECD ortancası: bugünkü 37 üye, Türkiye hariç"
1924,v2jucomp,-0.694,1.426,"V-Dem v16 (Coppedge vd. 2026); OECD ortancası: bugünkü 37 üye, Türkiye hariç"
1925,v2jucomp,-0.694,1.426,"V-Dem v16 (Coppedge vd. 2026); OECD ortancası: bugünkü 37 üye, Türkiye hariç"
1926,v2jucomp,-0.694,1.32,"V-Dem v16 (Coppedge vd. 2026); OECD ortancası: bugünkü 37 üye, Türkiye hariç"
1927,v2jucomp,-0.694,1.29,"V-Dem v16 (Coppedge vd. 2026); OECD ortancası: bugünkü 37 üye, Türkiye hariç"
1928,v2jucomp,-0.694,1.29,"V-Dem v16 (Coppedge vd. 2026); OECD ortancası: bugünkü 37 üye, Türkiye hariç"
1929,v2jucomp,-0.694,1.29,"V-Dem v16 (Coppedge vd. 2026); OECD ortancası: bugünkü 37 üye, Türkiye hariç"
1930,v2jucomp,-0.694,1.343,"V-Dem v16 (Coppedge vd. 2026); OECD ortancası: bugünkü 37 üye, Türkiye hariç"
1931,v2jucomp,-0.694,1.212,"V-Dem v16 (Coppedge vd. 2026); OECD ortancası: bugünkü 37 üye, Türkiye hariç"
1932,v2jucomp,-0.694,1.212,"V-Dem v16 (Coppedge vd. 2026); OECD ortancası: bugünkü 37 üye, Türkiye hariç"
1933,v2jucomp,-0.694,1.212,"V-Dem v16 (Coppedge vd. 2026); OECD ortancası: bugünkü 37 üye, Türkiye hariç"
1934,v2jucomp,-0.694,1.212,"V-Dem v16 (Coppedge vd. 2026); OECD ortancası: bugünkü 37 üye, Türkiye hariç"
1935,v2jucomp,-0.694,1.212,"V-Dem v16 (Coppedge vd. 2026); OECD ortancası: bugünkü 37 üye, Türkiye hariç"
1936,v2jucomp,-0.694,1.212,"V-Dem v16 (Coppedge vd. 2026); OECD ortancası: bugünkü 37 üye, Türkiye hariç"
1937,v2jucomp,-0.694,1.212,"V-Dem v16 (Coppedge vd. 2026); OECD ortancası: bugünkü 37 üye, Türkiye hariç"
1938,v2jucomp,-0.694,1.239,"V-Dem v16 (Coppedge vd. 2026); OECD ortancası: bugünkü 37 üye, Türkiye hariç"
1939,v2jucomp,-0.694,1.239,"V-Dem v16 (Coppedge vd. 2026); OECD ortancası: bugünkü 37 üye, Türkiye hariç"
1940,v2jucomp,-0.694,0.791,"V-Dem v16 (Coppedge vd. 2026); OECD ortancası: bugünkü 37 üye, Türkiye hariç"
1941,v2jucomp,-0.694,0.791,"V-Dem v16 (Coppedge vd. 2026); OECD ortancası: bugünkü 37 üye, Türkiye hariç"
1942,v2jucomp,-0.694,0.791,"V-Dem v16 (Coppedge vd. 2026); OECD ortancası: bugünkü 37 üye, Türkiye hariç"
1943,v2jucomp,-0.694,0.791,"V-Dem v16 (Coppedge vd. 2026); OECD ortancası: bugünkü 37 üye, Türkiye hariç"
1944,v2jucomp,-0.694,0.434,"V-Dem v16 (Coppedge vd. 2026); OECD ortancası: bugünkü 37 üye, Türkiye hariç"
1945,v2jucomp,-0.694,1.216,"V-Dem v16 (Coppedge vd. 2026); OECD ortancası: bugünkü 37 üye, Türkiye hariç"
1946,v2jucomp,-0.694,1.299,"V-Dem v16 (Coppedge vd. 2026); OECD ortancası: bugünkü 37 üye, Türkiye hariç"
1947,v2jucomp,-0.694,1.587,"V-Dem v16 (Coppedge vd. 2026); OECD ortancası: bugünkü 37 üye, Türkiye hariç"
1948,v2jucomp,-0.694,1.577,"V-Dem v16 (Coppedge vd. 2026); OECD ortancası: bugünkü 37 üye, Türkiye hariç"
1949,v2jucomp,-0.694,1.621,"V-Dem v16 (Coppedge vd. 2026); OECD ortancası: bugünkü 37 üye, Türkiye hariç"
1950,v2jucomp,-0.398,1.621,"V-Dem v16 (Coppedge vd. 2026); OECD ortancası: bugünkü 37 üye, Türkiye hariç"
1951,v2jucomp,-0.398,1.621,"V-Dem v16 (Coppedge vd. 2026); OECD ortancası: bugünkü 37 üye, Türkiye hariç"
1952,v2jucomp,-0.398,1.621,"V-Dem v16 (Coppedge vd. 2026); OECD ortancası: bugünkü 37 üye, Türkiye hariç"
1953,v2jucomp,-0.398,1.621,"V-Dem v16 (Coppedge vd. 2026); OECD ortancası: bugünkü 37 üye, Türkiye hariç"
1954,v2jucomp,-0.398,1.621,"V-Dem v16 (Coppedge vd. 2026); OECD ortancası: bugünkü 37 üye, Türkiye hariç"
1955,v2jucomp,-0.398,1.621,"V-Dem v16 (Coppedge vd. 2026); OECD ortancası: bugünkü 37 üye, Türkiye hariç"
1956,v2jucomp,-0.398,1.621,"V-Dem v16 (Coppedge vd. 2026); OECD ortancası: bugünkü 37 üye, Türkiye hariç"
1957,v2jucomp,-0.398,1.621,"V-Dem v16 (Coppedge vd. 2026); OECD ortancası: bugünkü 37 üye, Türkiye hariç"
1958,v2jucomp,-0.398,1.621,"V-Dem v16 (Coppedge vd. 2026); OECD ortancası: bugünkü 37 üye, Türkiye hariç"
1959,v2jucomp,-0.398,1.739,"V-Dem v16 (Coppedge vd. 2026); OECD ortancası: bugünkü 37 üye, Türkiye hariç"
1960,v2jucomp,-0.398,1.739,"V-Dem v16 (Coppedge vd. 2026); OECD ortancası: bugünkü 37 üye, Türkiye hariç"
1961,v2jucomp,-0.178,1.739,"V-Dem v16 (Coppedge vd. 2026); OECD ortancası: bugünkü 37 üye, Türkiye hariç"
1962,v2jucomp,0.524,1.739,"V-Dem v16 (Coppedge vd. 2026); OECD ortancası: bugünkü 37 üye, Türkiye hariç"
1963,v2jucomp,0.524,1.739,"V-Dem v16 (Coppedge vd. 2026); OECD ortancası: bugünkü 37 üye, Türkiye hariç"
1964,v2jucomp,0.524,1.739,"V-Dem v16 (Coppedge vd. 2026); OECD ortancası: bugünkü 37 üye, Türkiye hariç"
1965,v2jucomp,0.701,1.739,"V-Dem v16 (Coppedge vd. 2026); OECD ortancası: bugünkü 37 üye, Türkiye hariç"
1966,v2jucomp,0.701,1.739,"V-Dem v16 (Coppedge vd. 2026); OECD ortancası: bugünkü 37 üye, Türkiye hariç"
1967,v2jucomp,0.701,1.739,"V-Dem v16 (Coppedge vd. 2026); OECD ortancası: bugünkü 37 üye, Türkiye hariç"
1968,v2jucomp,0.701,1.739,"V-Dem v16 (Coppedge vd. 2026); OECD ortancası: bugünkü 37 üye, Türkiye hariç"
1969,v2jucomp,0.701,1.739,"V-Dem v16 (Coppedge vd. 2026); OECD ortancası: bugünkü 37 üye, Türkiye hariç"
1970,v2jucomp,0.701,1.739,"V-Dem v16 (Coppedge vd. 2026); OECD ortancası: bugünkü 37 üye, Türkiye hariç"
1971,v2jucomp,0.307,1.739,"V-Dem v16 (Coppedge vd. 2026); OECD ortancası: bugünkü 37 üye, Türkiye hariç"
1972,v2jucomp,0.22,1.739,"V-Dem v16 (Coppedge vd. 2026); OECD ortancası: bugünkü 37 üye, Türkiye hariç"
1973,v2jucomp,0.22,1.739,"V-Dem v16 (Coppedge vd. 2026); OECD ortancası: bugünkü 37 üye, Türkiye hariç"
1974,v2jucomp,0.607,1.739,"V-Dem v16 (Coppedge vd. 2026); OECD ortancası: bugünkü 37 üye, Türkiye hariç"
1975,v2jucomp,0.607,1.841,"V-Dem v16 (Coppedge vd. 2026); OECD ortancası: bugünkü 37 üye, Türkiye hariç"
1976,v2jucomp,0.607,1.841,"V-Dem v16 (Coppedge vd. 2026); OECD ortancası: bugünkü 37 üye, Türkiye hariç"
1977,v2jucomp,0.607,1.831,"V-Dem v16 (Coppedge vd. 2026); OECD ortancası: bugünkü 37 üye, Türkiye hariç"
1978,v2jucomp,0.607,1.841,"V-Dem v16 (Coppedge vd. 2026); OECD ortancası: bugünkü 37 üye, Türkiye hariç"
1979,v2jucomp,0.607,1.841,"V-Dem v16 (Coppedge vd. 2026); OECD ortancası: bugünkü 37 üye, Türkiye hariç"
1980,v2jucomp,1.27,1.841,"V-Dem v16 (Coppedge vd. 2026); OECD ortancası: bugünkü 37 üye, Türkiye hariç"
1981,v2jucomp,0.203,1.841,"V-Dem v16 (Coppedge vd. 2026); OECD ortancası: bugünkü 37 üye, Türkiye hariç"
1982,v2jucomp,0.203,1.841,"V-Dem v16 (Coppedge vd. 2026); OECD ortancası: bugünkü 37 üye, Türkiye hariç"
1983,v2jucomp,0.568,1.841,"V-Dem v16 (Coppedge vd. 2026); OECD ortancası: bugünkü 37 üye, Türkiye hariç"
1984,v2jucomp,1.762,1.841,"V-Dem v16 (Coppedge vd. 2026); OECD ortancası: bugünkü 37 üye, Türkiye hariç"
1985,v2jucomp,1.762,1.841,"V-Dem v16 (Coppedge vd. 2026); OECD ortancası: bugünkü 37 üye, Türkiye hariç"
1986,v2jucomp,0.894,1.841,"V-Dem v16 (Coppedge vd. 2026); OECD ortancası: bugünkü 37 üye, Türkiye hariç"
1987,v2jucomp,0.894,1.841,"V-Dem v16 (Coppedge vd. 2026); OECD ortancası: bugünkü 37 üye, Türkiye hariç"
1988,v2jucomp,0.894,1.841,"V-Dem v16 (Coppedge vd. 2026); OECD ortancası: bugünkü 37 üye, Türkiye hariç"
1989,v2jucomp,0.894,1.849,"V-Dem v16 (Coppedge vd. 2026); OECD ortancası: bugünkü 37 üye, Türkiye hariç"
1990,v2jucomp,0.894,1.841,"V-Dem v16 (Coppedge vd. 2026); OECD ortancası: bugünkü 37 üye, Türkiye hariç"
1991,v2jucomp,0.894,1.841,"V-Dem v16 (Coppedge vd. 2026); OECD ortancası: bugünkü 37 üye, Türkiye hariç"
1992,v2jucomp,0.894,1.841,"V-Dem v16 (Coppedge vd. 2026); OECD ortancası: bugünkü 37 üye, Türkiye hariç"
1993,v2jucomp,0.894,1.849,"V-Dem v16 (Coppedge vd. 2026); OECD ortancası: bugünkü 37 üye, Türkiye hariç"
1994,v2jucomp,0.894,1.849,"V-Dem v16 (Coppedge vd. 2026); OECD ortancası: bugünkü 37 üye, Türkiye hariç"
1995,v2jucomp,0.894,1.849,"V-Dem v16 (Coppedge vd. 2026); OECD ortancası: bugünkü 37 üye, Türkiye hariç"
1996,v2jucomp,0.894,1.849,"V-Dem v16 (Coppedge vd. 2026); OECD ortancası: bugünkü 37 üye, Türkiye hariç"
1997,v2jucomp,1.732,1.849,"V-Dem v16 (Coppedge vd. 2026); OECD ortancası: bugünkü 37 üye, Türkiye hariç"
1998,v2jucomp,1.732,1.849,"V-Dem v16 (Coppedge vd. 2026); OECD ortancası: bugünkü 37 üye, Türkiye hariç"
1999,v2jucomp,1.732,1.849,"V-Dem v16 (Coppedge vd. 2026); OECD ortancası: bugünkü 37 üye, Türkiye hariç"
2000,v2jucomp,1.732,1.849,"V-Dem v16 (Coppedge vd. 2026); OECD ortancası: bugünkü 37 üye, Türkiye hariç"
2001,v2jucomp,1.732,1.849,"V-Dem v16 (Coppedge vd. 2026); OECD ortancası: bugünkü 37 üye, Türkiye hariç"
2002,v2jucomp,1.874,1.849,"V-Dem v16 (Coppedge vd. 2026); OECD ortancası: bugünkü 37 üye, Türkiye hariç"
2003,v2jucomp,0.836,1.849,"V-Dem v16 (Coppedge vd. 2026); OECD ortancası: bugünkü 37 üye, Türkiye hariç"
2004,v2jucomp,0.836,1.849,"V-Dem v16 (Coppedge vd. 2026); OECD ortancası: bugünkü 37 üye, Türkiye hariç"
2005,v2jucomp,0.836,1.849,"V-Dem v16 (Coppedge vd. 2026); OECD ortancası: bugünkü 37 üye, Türkiye hariç"
2006,v2jucomp,0.836,1.849,"V-Dem v16 (Coppedge vd. 2026); OECD ortancası: bugünkü 37 üye, Türkiye hariç"
2007,v2jucomp,0.8,1.849,"V-Dem v16 (Coppedge vd. 2026); OECD ortancası: bugünkü 37 üye, Türkiye hariç"
2008,v2jucomp,0.726,1.849,"V-Dem v16 (Coppedge vd. 2026); OECD ortancası: bugünkü 37 üye, Türkiye hariç"
2009,v2jucomp,0.75,1.849,"V-Dem v16 (Coppedge vd. 2026); OECD ortancası: bugünkü 37 üye, Türkiye hariç"
2010,v2jucomp,-0.016,1.849,"V-Dem v16 (Coppedge vd. 2026); OECD ortancası: bugünkü 37 üye, Türkiye hariç"
2011,v2jucomp,-0.127,1.849,"V-Dem v16 (Coppedge vd. 2026); OECD ortancası: bugünkü 37 üye, Türkiye hariç"
2012,v2jucomp,-0.127,1.849,"V-Dem v16 (Coppedge vd. 2026); OECD ortancası: bugünkü 37 üye, Türkiye hariç"
2013,v2jucomp,-0.236,1.849,"V-Dem v16 (Coppedge vd. 2026); OECD ortancası: bugünkü 37 üye, Türkiye hariç"
2014,v2jucomp,-0.533,1.832,"V-Dem v16 (Coppedge vd. 2026); OECD ortancası: bugünkü 37 üye, Türkiye hariç"
2015,v2jucomp,-0.505,1.832,"V-Dem v16 (Coppedge vd. 2026); OECD ortancası: bugünkü 37 üye, Türkiye hariç"
2016,v2jucomp,-1.433,1.849,"V-Dem v16 (Coppedge vd. 2026); OECD ortancası: bugünkü 37 üye, Türkiye hariç"
2017,v2jucomp,-2.266,1.849,"V-Dem v16 (Coppedge vd. 2026); OECD ortancası: bugünkü 37 üye, Türkiye hariç"
2018,v2jucomp,-2.033,1.849,"V-Dem v16 (Coppedge vd. 2026); OECD ortancası: bugünkü 37 üye, Türkiye hariç"
2019,v2jucomp,-1.864,1.859,"V-Dem v16 (Coppedge vd. 2026); OECD ortancası: bugünkü 37 üye, Türkiye hariç"
2020,v2jucomp,-1.838,1.825,"V-Dem v16 (Coppedge vd. 2026); OECD ortancası: bugünkü 37 üye, Türkiye hariç"
2021,v2jucomp,-1.838,1.859,"V-Dem v16 (Coppedge vd. 2026); OECD ortancası: bugünkü 37 üye, Türkiye hariç"
2022,v2jucomp,-1.72,1.859,"V-Dem v16 (Coppedge vd. 2026); OECD ortancası: bugünkü 37 üye, Türkiye hariç"
2023,v2jucomp,-1.851,1.837,"V-Dem v16 (Coppedge vd. 2026); OECD ortancası: bugünkü 37 üye, Türkiye hariç"
2024,v2jucomp,-1.851,1.849,"V-Dem v16 (Coppedge vd. 2026); OECD ortancası: bugünkü 37 üye, Türkiye hariç"
2025,v2jucomp,-1.541,1.849,"V-Dem v16 (Coppedge vd. 2026); OECD ortancası: bugünkü 37 üye, Türkiye hariç"
1923,v2juaccnt,2.045,1.51,"V-Dem v16 (Coppedge vd. 2026); OECD ortancası: bugünkü 37 üye, Türkiye hariç"
1924,v2juaccnt,2.045,1.51,"V-Dem v16 (Coppedge vd. 2026); OECD ortancası: bugünkü 37 üye, Türkiye hariç"
1925,v2juaccnt,2.045,1.51,"V-Dem v16 (Coppedge vd. 2026); OECD ortancası: bugünkü 37 üye, Türkiye hariç"
1926,v2juaccnt,2.045,1.51,"V-Dem v16 (Coppedge vd. 2026); OECD ortancası: bugünkü 37 üye, Türkiye hariç"
1927,v2juaccnt,2.045,1.51,"V-Dem v16 (Coppedge vd. 2026); OECD ortancası: bugünkü 37 üye, Türkiye hariç"
1928,v2juaccnt,2.045,1.51,"V-Dem v16 (Coppedge vd. 2026); OECD ortancası: bugünkü 37 üye, Türkiye hariç"
1929,v2juaccnt,2.045,1.51,"V-Dem v16 (Coppedge vd. 2026); OECD ortancası: bugünkü 37 üye, Türkiye hariç"
1930,v2juaccnt,2.045,1.51,"V-Dem v16 (Coppedge vd. 2026); OECD ortancası: bugünkü 37 üye, Türkiye hariç"
1931,v2juaccnt,2.045,1.51,"V-Dem v16 (Coppedge vd. 2026); OECD ortancası: bugünkü 37 üye, Türkiye hariç"
1932,v2juaccnt,2.045,1.51,"V-Dem v16 (Coppedge vd. 2026); OECD ortancası: bugünkü 37 üye, Türkiye hariç"
1933,v2juaccnt,2.045,1.467,"V-Dem v16 (Coppedge vd. 2026); OECD ortancası: bugünkü 37 üye, Türkiye hariç"
1934,v2juaccnt,2.045,1.467,"V-Dem v16 (Coppedge vd. 2026); OECD ortancası: bugünkü 37 üye, Türkiye hariç"
1935,v2juaccnt,2.045,1.467,"V-Dem v16 (Coppedge vd. 2026); OECD ortancası: bugünkü 37 üye, Türkiye hariç"
1936,v2juaccnt,2.045,1.467,"V-Dem v16 (Coppedge vd. 2026); OECD ortancası: bugünkü 37 üye, Türkiye hariç"
1937,v2juaccnt,2.045,1.467,"V-Dem v16 (Coppedge vd. 2026); OECD ortancası: bugünkü 37 üye, Türkiye hariç"
1938,v2juaccnt,2.045,1.467,"V-Dem v16 (Coppedge vd. 2026); OECD ortancası: bugünkü 37 üye, Türkiye hariç"
1939,v2juaccnt,2.045,1.434,"V-Dem v16 (Coppedge vd. 2026); OECD ortancası: bugünkü 37 üye, Türkiye hariç"
1940,v2juaccnt,2.045,1.447,"V-Dem v16 (Coppedge vd. 2026); OECD ortancası: bugünkü 37 üye, Türkiye hariç"
1941,v2juaccnt,2.045,1.447,"V-Dem v16 (Coppedge vd. 2026); OECD ortancası: bugünkü 37 üye, Türkiye hariç"
1942,v2juaccnt,2.045,1.447,"V-Dem v16 (Coppedge vd. 2026); OECD ortancası: bugünkü 37 üye, Türkiye hariç"
1943,v2juaccnt,2.045,1.447,"V-Dem v16 (Coppedge vd. 2026); OECD ortancası: bugünkü 37 üye, Türkiye hariç"
1944,v2juaccnt,2.045,1.11,"V-Dem v16 (Coppedge vd. 2026); OECD ortancası: bugünkü 37 üye, Türkiye hariç"
1945,v2juaccnt,2.045,1.467,"V-Dem v16 (Coppedge vd. 2026); OECD ortancası: bugünkü 37 üye, Türkiye hariç"
1946,v2juaccnt,2.045,1.467,"V-Dem v16 (Coppedge vd. 2026); OECD ortancası: bugünkü 37 üye, Türkiye hariç"
1947,v2juaccnt,2.045,1.467,"V-Dem v16 (Coppedge vd. 2026); OECD ortancası: bugünkü 37 üye, Türkiye hariç"
1948,v2juaccnt,2.045,1.501,"V-Dem v16 (Coppedge vd. 2026); OECD ortancası: bugünkü 37 üye, Türkiye hariç"
1949,v2juaccnt,2.045,1.61,"V-Dem v16 (Coppedge vd. 2026); OECD ortancası: bugünkü 37 üye, Türkiye hariç"
1950,v2juaccnt,2.045,1.61,"V-Dem v16 (Coppedge vd. 2026); OECD ortancası: bugünkü 37 üye, Türkiye hariç"
1951,v2juaccnt,2.355,1.61,"V-Dem v16 (Coppedge vd. 2026); OECD ortancası: bugünkü 37 üye, Türkiye hariç"
1952,v2juaccnt,2.355,1.61,"V-Dem v16 (Coppedge vd. 2026); OECD ortancası: bugünkü 37 üye, Türkiye hariç"
1953,v2juaccnt,2.355,1.61,"V-Dem v16 (Coppedge vd. 2026); OECD ortancası: bugünkü 37 üye, Türkiye hariç"
1954,v2juaccnt,2.355,1.61,"V-Dem v16 (Coppedge vd. 2026); OECD ortancası: bugünkü 37 üye, Türkiye hariç"
1955,v2juaccnt,2.355,1.61,"V-Dem v16 (Coppedge vd. 2026); OECD ortancası: bugünkü 37 üye, Türkiye hariç"
1956,v2juaccnt,2.355,1.61,"V-Dem v16 (Coppedge vd. 2026); OECD ortancası: bugünkü 37 üye, Türkiye hariç"
1957,v2juaccnt,2.355,1.61,"V-Dem v16 (Coppedge vd. 2026); OECD ortancası: bugünkü 37 üye, Türkiye hariç"
1958,v2juaccnt,2.355,1.61,"V-Dem v16 (Coppedge vd. 2026); OECD ortancası: bugünkü 37 üye, Türkiye hariç"
1959,v2juaccnt,2.355,1.61,"V-Dem v16 (Coppedge vd. 2026); OECD ortancası: bugünkü 37 üye, Türkiye hariç"
1960,v2juaccnt,2.355,1.63,"V-Dem v16 (Coppedge vd. 2026); OECD ortancası: bugünkü 37 üye, Türkiye hariç"
1961,v2juaccnt,2.355,1.63,"V-Dem v16 (Coppedge vd. 2026); OECD ortancası: bugünkü 37 üye, Türkiye hariç"
1962,v2juaccnt,2.355,1.63,"V-Dem v16 (Coppedge vd. 2026); OECD ortancası: bugünkü 37 üye, Türkiye hariç"
1963,v2juaccnt,2.355,1.63,"V-Dem v16 (Coppedge vd. 2026); OECD ortancası: bugünkü 37 üye, Türkiye hariç"
1964,v2juaccnt,2.355,1.63,"V-Dem v16 (Coppedge vd. 2026); OECD ortancası: bugünkü 37 üye, Türkiye hariç"
1965,v2juaccnt,2.355,1.63,"V-Dem v16 (Coppedge vd. 2026); OECD ortancası: bugünkü 37 üye, Türkiye hariç"
1966,v2juaccnt,2.355,1.63,"V-Dem v16 (Coppedge vd. 2026); OECD ortancası: bugünkü 37 üye, Türkiye hariç"
1967,v2juaccnt,2.355,1.773,"V-Dem v16 (Coppedge vd. 2026); OECD ortancası: bugünkü 37 üye, Türkiye hariç"
1968,v2juaccnt,2.355,1.773,"V-Dem v16 (Coppedge vd. 2026); OECD ortancası: bugünkü 37 üye, Türkiye hariç"
1969,v2juaccnt,2.355,1.773,"V-Dem v16 (Coppedge vd. 2026); OECD ortancası: bugünkü 37 üye, Türkiye hariç"
1970,v2juaccnt,2.545,1.773,"V-Dem v16 (Coppedge vd. 2026); OECD ortancası: bugünkü 37 üye, Türkiye hariç"
1971,v2juaccnt,2.545,1.773,"V-Dem v16 (Coppedge vd. 2026); OECD ortancası: bugünkü 37 üye, Türkiye hariç"
1972,v2juaccnt,2.545,1.773,"V-Dem v16 (Coppedge vd. 2026); OECD ortancası: bugünkü 37 üye, Türkiye hariç"
1973,v2juaccnt,2.545,1.773,"V-Dem v16 (Coppedge vd. 2026); OECD ortancası: bugünkü 37 üye, Türkiye hariç"
1974,v2juaccnt,2.545,1.773,"V-Dem v16 (Coppedge vd. 2026); OECD ortancası: bugünkü 37 üye, Türkiye hariç"
1975,v2juaccnt,2.545,1.773,"V-Dem v16 (Coppedge vd. 2026); OECD ortancası: bugünkü 37 üye, Türkiye hariç"
1976,v2juaccnt,2.545,1.773,"V-Dem v16 (Coppedge vd. 2026); OECD ortancası: bugünkü 37 üye, Türkiye hariç"
1977,v2juaccnt,2.545,1.773,"V-Dem v16 (Coppedge vd. 2026); OECD ortancası: bugünkü 37 üye, Türkiye hariç"
1978,v2juaccnt,2.545,1.81,"V-Dem v16 (Coppedge vd. 2026); OECD ortancası: bugünkü 37 üye, Türkiye hariç"
1979,v2juaccnt,2.545,1.81,"V-Dem v16 (Coppedge vd. 2026); OECD ortancası: bugünkü 37 üye, Türkiye hariç"
1980,v2juaccnt,2.356,1.81,"V-Dem v16 (Coppedge vd. 2026); OECD ortancası: bugünkü 37 üye, Türkiye hariç"
1981,v2juaccnt,2.356,1.81,"V-Dem v16 (Coppedge vd. 2026); OECD ortancası: bugünkü 37 üye, Türkiye hariç"
1982,v2juaccnt,2.356,1.81,"V-Dem v16 (Coppedge vd. 2026); OECD ortancası: bugünkü 37 üye, Türkiye hariç"
1983,v2juaccnt,2.62,1.81,"V-Dem v16 (Coppedge vd. 2026); OECD ortancası: bugünkü 37 üye, Türkiye hariç"
1984,v2juaccnt,2.62,1.81,"V-Dem v16 (Coppedge vd. 2026); OECD ortancası: bugünkü 37 üye, Türkiye hariç"
1985,v2juaccnt,2.62,1.81,"V-Dem v16 (Coppedge vd. 2026); OECD ortancası: bugünkü 37 üye, Türkiye hariç"
1986,v2juaccnt,2.62,1.81,"V-Dem v16 (Coppedge vd. 2026); OECD ortancası: bugünkü 37 üye, Türkiye hariç"
1987,v2juaccnt,2.62,1.81,"V-Dem v16 (Coppedge vd. 2026); OECD ortancası: bugünkü 37 üye, Türkiye hariç"
1988,v2juaccnt,2.62,1.81,"V-Dem v16 (Coppedge vd. 2026); OECD ortancası: bugünkü 37 üye, Türkiye hariç"
1989,v2juaccnt,2.62,1.788,"V-Dem v16 (Coppedge vd. 2026); OECD ortancası: bugünkü 37 üye, Türkiye hariç"
1990,v2juaccnt,2.62,1.7,"V-Dem v16 (Coppedge vd. 2026); OECD ortancası: bugünkü 37 üye, Türkiye hariç"
1991,v2juaccnt,2.62,1.7,"V-Dem v16 (Coppedge vd. 2026); OECD ortancası: bugünkü 37 üye, Türkiye hariç"
1992,v2juaccnt,2.62,1.81,"V-Dem v16 (Coppedge vd. 2026); OECD ortancası: bugünkü 37 üye, Türkiye hariç"
1993,v2juaccnt,2.881,1.788,"V-Dem v16 (Coppedge vd. 2026); OECD ortancası: bugünkü 37 üye, Türkiye hariç"
1994,v2juaccnt,2.881,1.788,"V-Dem v16 (Coppedge vd. 2026); OECD ortancası: bugünkü 37 üye, Türkiye hariç"
1995,v2juaccnt,2.881,1.788,"V-Dem v16 (Coppedge vd. 2026); OECD ortancası: bugünkü 37 üye, Türkiye hariç"
1996,v2juaccnt,2.881,1.788,"V-Dem v16 (Coppedge vd. 2026); OECD ortancası: bugünkü 37 üye, Türkiye hariç"
1997,v2juaccnt,2.881,1.788,"V-Dem v16 (Coppedge vd. 2026); OECD ortancası: bugünkü 37 üye, Türkiye hariç"
1998,v2juaccnt,2.881,1.788,"V-Dem v16 (Coppedge vd. 2026); OECD ortancası: bugünkü 37 üye, Türkiye hariç"
1999,v2juaccnt,2.881,1.788,"V-Dem v16 (Coppedge vd. 2026); OECD ortancası: bugünkü 37 üye, Türkiye hariç"
2000,v2juaccnt,2.881,1.788,"V-Dem v16 (Coppedge vd. 2026); OECD ortancası: bugünkü 37 üye, Türkiye hariç"
2001,v2juaccnt,2.881,1.788,"V-Dem v16 (Coppedge vd. 2026); OECD ortancası: bugünkü 37 üye, Türkiye hariç"
2002,v2juaccnt,1.848,1.833,"V-Dem v16 (Coppedge vd. 2026); OECD ortancası: bugünkü 37 üye, Türkiye hariç"
2003,v2juaccnt,1.848,1.833,"V-Dem v16 (Coppedge vd. 2026); OECD ortancası: bugünkü 37 üye, Türkiye hariç"
2004,v2juaccnt,1.848,1.833,"V-Dem v16 (Coppedge vd. 2026); OECD ortancası: bugünkü 37 üye, Türkiye hariç"
2005,v2juaccnt,1.848,1.833,"V-Dem v16 (Coppedge vd. 2026); OECD ortancası: bugünkü 37 üye, Türkiye hariç"
2006,v2juaccnt,1.848,1.833,"V-Dem v16 (Coppedge vd. 2026); OECD ortancası: bugünkü 37 üye, Türkiye hariç"
2007,v2juaccnt,1.848,1.833,"V-Dem v16 (Coppedge vd. 2026); OECD ortancası: bugünkü 37 üye, Türkiye hariç"
2008,v2juaccnt,1.848,1.833,"V-Dem v16 (Coppedge vd. 2026); OECD ortancası: bugünkü 37 üye, Türkiye hariç"
2009,v2juaccnt,2.093,1.833,"V-Dem v16 (Coppedge vd. 2026); OECD ortancası: bugünkü 37 üye, Türkiye hariç"
2010,v2juaccnt,1.833,1.833,"V-Dem v16 (Coppedge vd. 2026); OECD ortancası: bugünkü 37 üye, Türkiye hariç"
2011,v2juaccnt,1.833,2.035,"V-Dem v16 (Coppedge vd. 2026); OECD ortancası: bugünkü 37 üye, Türkiye hariç"
2012,v2juaccnt,1.778,2.035,"V-Dem v16 (Coppedge vd. 2026); OECD ortancası: bugünkü 37 üye, Türkiye hariç"
2013,v2juaccnt,1.796,2.052,"V-Dem v16 (Coppedge vd. 2026); OECD ortancası: bugünkü 37 üye, Türkiye hariç"
2014,v2juaccnt,2.141,2.052,"V-Dem v16 (Coppedge vd. 2026); OECD ortancası: bugünkü 37 üye, Türkiye hariç"
2015,v2juaccnt,1.958,2.052,"V-Dem v16 (Coppedge vd. 2026); OECD ortancası: bugünkü 37 üye, Türkiye hariç"
2016,v2juaccnt,2.424,2.052,"V-Dem v16 (Coppedge vd. 2026); OECD ortancası: bugünkü 37 üye, Türkiye hariç"
2017,v2juaccnt,1.377,2.052,"V-Dem v16 (Coppedge vd. 2026); OECD ortancası: bugünkü 37 üye, Türkiye hariç"
2018,v2juaccnt,1.377,2.079,"V-Dem v16 (Coppedge vd. 2026); OECD ortancası: bugünkü 37 üye, Türkiye hariç"
2019,v2juaccnt,1.392,2.052,"V-Dem v16 (Coppedge vd. 2026); OECD ortancası: bugünkü 37 üye, Türkiye hariç"
2020,v2juaccnt,1.032,1.933,"V-Dem v16 (Coppedge vd. 2026); OECD ortancası: bugünkü 37 üye, Türkiye hariç"
2021,v2juaccnt,1.149,1.933,"V-Dem v16 (Coppedge vd. 2026); OECD ortancası: bugünkü 37 üye, Türkiye hariç"
2022,v2juaccnt,0.843,1.914,"V-Dem v16 (Coppedge vd. 2026); OECD ortancası: bugünkü 37 üye, Türkiye hariç"
2023,v2juaccnt,0.843,1.929,"V-Dem v16 (Coppedge vd. 2026); OECD ortancası: bugünkü 37 üye, Türkiye hariç"
2024,v2juaccnt,1.11,1.929,"V-Dem v16 (Coppedge vd. 2026); OECD ortancası: bugünkü 37 üye, Türkiye hariç"
2025,v2juaccnt,0.461,1.929,"V-Dem v16 (Coppedge vd. 2026); OECD ortancası: bugünkü 37 üye, Türkiye hariç"
1923,v2x_jucon,0.43,0.857,"V-Dem v16 (Coppedge vd. 2026); OECD ortancası: bugünkü 37 üye, Türkiye hariç"
1924,v2x_jucon,0.542,0.857,"V-Dem v16 (Coppedge vd. 2026); OECD ortancası: bugünkü 37 üye, Türkiye hariç"
1925,v2x_jucon,0.542,0.857,"V-Dem v16 (Coppedge vd. 2026); OECD ortancası: bugünkü 37 üye, Türkiye hariç"
1926,v2x_jucon,0.542,0.828,"V-Dem v16 (Coppedge vd. 2026); OECD ortancası: bugünkü 37 üye, Türkiye hariç"
1927,v2x_jucon,0.542,0.828,"V-Dem v16 (Coppedge vd. 2026); OECD ortancası: bugünkü 37 üye, Türkiye hariç"
1928,v2x_jucon,0.542,0.828,"V-Dem v16 (Coppedge vd. 2026); OECD ortancası: bugünkü 37 üye, Türkiye hariç"
1929,v2x_jucon,0.542,0.828,"V-Dem v16 (Coppedge vd. 2026); OECD ortancası: bugünkü 37 üye, Türkiye hariç"
1930,v2x_jucon,0.542,0.821,"V-Dem v16 (Coppedge vd. 2026); OECD ortancası: bugünkü 37 üye, Türkiye hariç"
1931,v2x_jucon,0.542,0.821,"V-Dem v16 (Coppedge vd. 2026); OECD ortancası: bugünkü 37 üye, Türkiye hariç"
1932,v2x_jucon,0.542,0.821,"V-Dem v16 (Coppedge vd. 2026); OECD ortancası: bugünkü 37 üye, Türkiye hariç"
1933,v2x_jucon,0.542,0.79,"V-Dem v16 (Coppedge vd. 2026); OECD ortancası: bugünkü 37 üye, Türkiye hariç"
1934,v2x_jucon,0.542,0.778,"V-Dem v16 (Coppedge vd. 2026); OECD ortancası: bugünkü 37 üye, Türkiye hariç"
1935,v2x_jucon,0.542,0.776,"V-Dem v16 (Coppedge vd. 2026); OECD ortancası: bugünkü 37 üye, Türkiye hariç"
1936,v2x_jucon,0.542,0.776,"V-Dem v16 (Coppedge vd. 2026); OECD ortancası: bugünkü 37 üye, Türkiye hariç"
1937,v2x_jucon,0.542,0.774,"V-Dem v16 (Coppedge vd. 2026); OECD ortancası: bugünkü 37 üye, Türkiye hariç"
1938,v2x_jucon,0.542,0.774,"V-Dem v16 (Coppedge vd. 2026); OECD ortancası: bugünkü 37 üye, Türkiye hariç"
1939,v2x_jucon,0.542,0.774,"V-Dem v16 (Coppedge vd. 2026); OECD ortancası: bugünkü 37 üye, Türkiye hariç"
1940,v2x_jucon,0.533,0.652,"V-Dem v16 (Coppedge vd. 2026); OECD ortancası: bugünkü 37 üye, Türkiye hariç"
1941,v2x_jucon,0.533,0.652,"V-Dem v16 (Coppedge vd. 2026); OECD ortancası: bugünkü 37 üye, Türkiye hariç"
1942,v2x_jucon,0.533,0.652,"V-Dem v16 (Coppedge vd. 2026); OECD ortancası: bugünkü 37 üye, Türkiye hariç"
1943,v2x_jucon,0.533,0.652,"V-Dem v16 (Coppedge vd. 2026); OECD ortancası: bugünkü 37 üye, Türkiye hariç"
1944,v2x_jucon,0.533,0.602,"V-Dem v16 (Coppedge vd. 2026); OECD ortancası: bugünkü 37 üye, Türkiye hariç"
1945,v2x_jucon,0.536,0.774,"V-Dem v16 (Coppedge vd. 2026); OECD ortancası: bugünkü 37 üye, Türkiye hariç"
1946,v2x_jucon,0.536,0.845,"V-Dem v16 (Coppedge vd. 2026); OECD ortancası: bugünkü 37 üye, Türkiye hariç"
1947,v2x_jucon,0.536,0.85,"V-Dem v16 (Coppedge vd. 2026); OECD ortancası: bugünkü 37 üye, Türkiye hariç"
1948,v2x_jucon,0.536,0.882,"V-Dem v16 (Coppedge vd. 2026); OECD ortancası: bugünkü 37 üye, Türkiye hariç"
1949,v2x_jucon,0.536,0.895,"V-Dem v16 (Coppedge vd. 2026); OECD ortancası: bugünkü 37 üye, Türkiye hariç"
1950,v2x_jucon,0.524,0.915,"V-Dem v16 (Coppedge vd. 2026); OECD ortancası: bugünkü 37 üye, Türkiye hariç"
1951,v2x_jucon,0.615,0.915,"V-Dem v16 (Coppedge vd. 2026); OECD ortancası: bugünkü 37 üye, Türkiye hariç"
1952,v2x_jucon,0.615,0.915,"V-Dem v16 (Coppedge vd. 2026); OECD ortancası: bugünkü 37 üye, Türkiye hariç"
1953,v2x_jucon,0.615,0.915,"V-Dem v16 (Coppedge vd. 2026); OECD ortancası: bugünkü 37 üye, Türkiye hariç"
1954,v2x_jucon,0.68,0.915,"V-Dem v16 (Coppedge vd. 2026); OECD ortancası: bugünkü 37 üye, Türkiye hariç"
1955,v2x_jucon,0.585,0.901,"V-Dem v16 (Coppedge vd. 2026); OECD ortancası: bugünkü 37 üye, Türkiye hariç"
1956,v2x_jucon,0.585,0.901,"V-Dem v16 (Coppedge vd. 2026); OECD ortancası: bugünkü 37 üye, Türkiye hariç"
1957,v2x_jucon,0.585,0.901,"V-Dem v16 (Coppedge vd. 2026); OECD ortancası: bugünkü 37 üye, Türkiye hariç"
1958,v2x_jucon,0.585,0.901,"V-Dem v16 (Coppedge vd. 2026); OECD ortancası: bugünkü 37 üye, Türkiye hariç"
1959,v2x_jucon,0.585,0.901,"V-Dem v16 (Coppedge vd. 2026); OECD ortancası: bugünkü 37 üye, Türkiye hariç"
1960,v2x_jucon,0.596,0.901,"V-Dem v16 (Coppedge vd. 2026); OECD ortancası: bugünkü 37 üye, Türkiye hariç"
1961,v2x_jucon,0.523,0.901,"V-Dem v16 (Coppedge vd. 2026); OECD ortancası: bugünkü 37 üye, Türkiye hariç"
1962,v2x_jucon,0.771,0.901,"V-Dem v16 (Coppedge vd. 2026); OECD ortancası: bugünkü 37 üye, Türkiye hariç"
1963,v2x_jucon,0.771,0.901,"V-Dem v16 (Coppedge vd. 2026); OECD ortancası: bugünkü 37 üye, Türkiye hariç"
1964,v2x_jucon,0.771,0.901,"V-Dem v16 (Coppedge vd. 2026); OECD ortancası: bugünkü 37 üye, Türkiye hariç"
1965,v2x_jucon,0.804,0.901,"V-Dem v16 (Coppedge vd. 2026); OECD ortancası: bugünkü 37 üye, Türkiye hariç"
1966,v2x_jucon,0.763,0.901,"V-Dem v16 (Coppedge vd. 2026); OECD ortancası: bugünkü 37 üye, Türkiye hariç"
1967,v2x_jucon,0.763,0.901,"V-Dem v16 (Coppedge vd. 2026); OECD ortancası: bugünkü 37 üye, Türkiye hariç"
1968,v2x_jucon,0.763,0.901,"V-Dem v16 (Coppedge vd. 2026); OECD ortancası: bugünkü 37 üye, Türkiye hariç"
1969,v2x_jucon,0.763,0.913,"V-Dem v16 (Coppedge vd. 2026); OECD ortancası: bugünkü 37 üye, Türkiye hariç"
1970,v2x_jucon,0.763,0.917,"V-Dem v16 (Coppedge vd. 2026); OECD ortancası: bugünkü 37 üye, Türkiye hariç"
1971,v2x_jucon,0.51,0.917,"V-Dem v16 (Coppedge vd. 2026); OECD ortancası: bugünkü 37 üye, Türkiye hariç"
1972,v2x_jucon,0.488,0.917,"V-Dem v16 (Coppedge vd. 2026); OECD ortancası: bugünkü 37 üye, Türkiye hariç"
1973,v2x_jucon,0.488,0.917,"V-Dem v16 (Coppedge vd. 2026); OECD ortancası: bugünkü 37 üye, Türkiye hariç"
1974,v2x_jucon,0.722,0.917,"V-Dem v16 (Coppedge vd. 2026); OECD ortancası: bugünkü 37 üye, Türkiye hariç"
1975,v2x_jucon,0.722,0.917,"V-Dem v16 (Coppedge vd. 2026); OECD ortancası: bugünkü 37 üye, Türkiye hariç"
1976,v2x_jucon,0.739,0.919,"V-Dem v16 (Coppedge vd. 2026); OECD ortancası: bugünkü 37 üye, Türkiye hariç"
1977,v2x_jucon,0.739,0.919,"V-Dem v16 (Coppedge vd. 2026); OECD ortancası: bugünkü 37 üye, Türkiye hariç"
1978,v2x_jucon,0.72,0.927,"V-Dem v16 (Coppedge vd. 2026); OECD ortancası: bugünkü 37 üye, Türkiye hariç"
1979,v2x_jucon,0.72,0.927,"V-Dem v16 (Coppedge vd. 2026); OECD ortancası: bugünkü 37 üye, Türkiye hariç"
1980,v2x_jucon,0.723,0.927,"V-Dem v16 (Coppedge vd. 2026); OECD ortancası: bugünkü 37 üye, Türkiye hariç"
1981,v2x_jucon,0.278,0.934,"V-Dem v16 (Coppedge vd. 2026); OECD ortancası: bugünkü 37 üye, Türkiye hariç"
1982,v2x_jucon,0.278,0.935,"V-Dem v16 (Coppedge vd. 2026); OECD ortancası: bugünkü 37 üye, Türkiye hariç"
1983,v2x_jucon,0.396,0.94,"V-Dem v16 (Coppedge vd. 2026); OECD ortancası: bugünkü 37 üye, Türkiye hariç"
1984,v2x_jucon,0.813,0.94,"V-Dem v16 (Coppedge vd. 2026); OECD ortancası: bugünkü 37 üye, Türkiye hariç"
1985,v2x_jucon,0.813,0.942,"V-Dem v16 (Coppedge vd. 2026); OECD ortancası: bugünkü 37 üye, Türkiye hariç"
1986,v2x_jucon,0.762,0.942,"V-Dem v16 (Coppedge vd. 2026); OECD ortancası: bugünkü 37 üye, Türkiye hariç"
1987,v2x_jucon,0.73,0.942,"V-Dem v16 (Coppedge vd. 2026); OECD ortancası: bugünkü 37 üye, Türkiye hariç"
1988,v2x_jucon,0.73,0.942,"V-Dem v16 (Coppedge vd. 2026); OECD ortancası: bugünkü 37 üye, Türkiye hariç"
1989,v2x_jucon,0.73,0.931,"V-Dem v16 (Coppedge vd. 2026); OECD ortancası: bugünkü 37 üye, Türkiye hariç"
1990,v2x_jucon,0.73,0.938,"V-Dem v16 (Coppedge vd. 2026); OECD ortancası: bugünkü 37 üye, Türkiye hariç"
1991,v2x_jucon,0.73,0.94,"V-Dem v16 (Coppedge vd. 2026); OECD ortancası: bugünkü 37 üye, Türkiye hariç"
1992,v2x_jucon,0.73,0.941,"V-Dem v16 (Coppedge vd. 2026); OECD ortancası: bugünkü 37 üye, Türkiye hariç"
1993,v2x_jucon,0.73,0.94,"V-Dem v16 (Coppedge vd. 2026); OECD ortancası: bugünkü 37 üye, Türkiye hariç"
1994,v2x_jucon,0.73,0.942,"V-Dem v16 (Coppedge vd. 2026); OECD ortancası: bugünkü 37 üye, Türkiye hariç"
1995,v2x_jucon,0.73,0.942,"V-Dem v16 (Coppedge vd. 2026); OECD ortancası: bugünkü 37 üye, Türkiye hariç"
1996,v2x_jucon,0.757,0.942,"V-Dem v16 (Coppedge vd. 2026); OECD ortancası: bugünkü 37 üye, Türkiye hariç"
1997,v2x_jucon,0.829,0.942,"V-Dem v16 (Coppedge vd. 2026); OECD ortancası: bugünkü 37 üye, Türkiye hariç"
1998,v2x_jucon,0.815,0.942,"V-Dem v16 (Coppedge vd. 2026); OECD ortancası: bugünkü 37 üye, Türkiye hariç"
1999,v2x_jucon,0.815,0.942,"V-Dem v16 (Coppedge vd. 2026); OECD ortancası: bugünkü 37 üye, Türkiye hariç"
2000,v2x_jucon,0.815,0.942,"V-Dem v16 (Coppedge vd. 2026); OECD ortancası: bugünkü 37 üye, Türkiye hariç"
2001,v2x_jucon,0.829,0.942,"V-Dem v16 (Coppedge vd. 2026); OECD ortancası: bugünkü 37 üye, Türkiye hariç"
2002,v2x_jucon,0.866,0.942,"V-Dem v16 (Coppedge vd. 2026); OECD ortancası: bugünkü 37 üye, Türkiye hariç"
2003,v2x_jucon,0.839,0.942,"V-Dem v16 (Coppedge vd. 2026); OECD ortancası: bugünkü 37 üye, Türkiye hariç"
2004,v2x_jucon,0.839,0.942,"V-Dem v16 (Coppedge vd. 2026); OECD ortancası: bugünkü 37 üye, Türkiye hariç"
2005,v2x_jucon,0.839,0.942,"V-Dem v16 (Coppedge vd. 2026); OECD ortancası: bugünkü 37 üye, Türkiye hariç"
2006,v2x_jucon,0.839,0.942,"V-Dem v16 (Coppedge vd. 2026); OECD ortancası: bugünkü 37 üye, Türkiye hariç"
2007,v2x_jucon,0.835,0.942,"V-Dem v16 (Coppedge vd. 2026); OECD ortancası: bugünkü 37 üye, Türkiye hariç"
2008,v2x_jucon,0.84,0.942,"V-Dem v16 (Coppedge vd. 2026); OECD ortancası: bugünkü 37 üye, Türkiye hariç"
2009,v2x_jucon,0.831,0.942,"V-Dem v16 (Coppedge vd. 2026); OECD ortancası: bugünkü 37 üye, Türkiye hariç"
2010,v2x_jucon,0.722,0.944,"V-Dem v16 (Coppedge vd. 2026); OECD ortancası: bugünkü 37 üye, Türkiye hariç"
2011,v2x_jucon,0.702,0.944,"V-Dem v16 (Coppedge vd. 2026); OECD ortancası: bugünkü 37 üye, Türkiye hariç"
2012,v2x_jucon,0.696,0.943,"V-Dem v16 (Coppedge vd. 2026); OECD ortancası: bugünkü 37 üye, Türkiye hariç"
2013,v2x_jucon,0.655,0.946,"V-Dem v16 (Coppedge vd. 2026); OECD ortancası: bugünkü 37 üye, Türkiye hariç"
2014,v2x_jucon,0.576,0.946,"V-Dem v16 (Coppedge vd. 2026); OECD ortancası: bugünkü 37 üye, Türkiye hariç"
2015,v2x_jucon,0.551,0.943,"V-Dem v16 (Coppedge vd. 2026); OECD ortancası: bugünkü 37 üye, Türkiye hariç"
2016,v2x_jucon,0.315,0.943,"V-Dem v16 (Coppedge vd. 2026); OECD ortancası: bugünkü 37 üye, Türkiye hariç"
2017,v2x_jucon,0.135,0.932,"V-Dem v16 (Coppedge vd. 2026); OECD ortancası: bugünkü 37 üye, Türkiye hariç"
2018,v2x_jucon,0.15,0.934,"V-Dem v16 (Coppedge vd. 2026); OECD ortancası: bugünkü 37 üye, Türkiye hariç"
2019,v2x_jucon,0.162,0.943,"V-Dem v16 (Coppedge vd. 2026); OECD ortancası: bugünkü 37 üye, Türkiye hariç"
2020,v2x_jucon,0.153,0.928,"V-Dem v16 (Coppedge vd. 2026); OECD ortancası: bugünkü 37 üye, Türkiye hariç"
2021,v2x_jucon,0.16,0.93,"V-Dem v16 (Coppedge vd. 2026); OECD ortancası: bugünkü 37 üye, Türkiye hariç"
2022,v2x_jucon,0.164,0.93,"V-Dem v16 (Coppedge vd. 2026); OECD ortancası: bugünkü 37 üye, Türkiye hariç"
2023,v2x_jucon,0.178,0.938,"V-Dem v16 (Coppedge vd. 2026); OECD ortancası: bugünkü 37 üye, Türkiye hariç"
2024,v2x_jucon,0.197,0.94,"V-Dem v16 (Coppedge vd. 2026); OECD ortancası: bugünkü 37 üye, Türkiye hariç"
2025,v2x_jucon,0.202,0.937,"V-Dem v16 (Coppedge vd. 2026); OECD ortancası: bugünkü 37 üye, Türkiye hariç"
1923,v2stcritrecadm,0.927,0.817,"V-Dem v16 (Coppedge vd. 2026); OECD ortancası: bugünkü 37 üye, Türkiye hariç"
1924,v2stcritrecadm,0.927,0.817,"V-Dem v16 (Coppedge vd. 2026); OECD ortancası: bugünkü 37 üye, Türkiye hariç"
1925,v2stcritrecadm,0.927,0.817,"V-Dem v16 (Coppedge vd. 2026); OECD ortancası: bugünkü 37 üye, Türkiye hariç"
1926,v2stcritrecadm,0.927,0.817,"V-Dem v16 (Coppedge vd. 2026); OECD ortancası: bugünkü 37 üye, Türkiye hariç"
1927,v2stcritrecadm,0.927,0.852,"V-Dem v16 (Coppedge vd. 2026); OECD ortancası: bugünkü 37 üye, Türkiye hariç"
1928,v2stcritrecadm,0.927,0.852,"V-Dem v16 (Coppedge vd. 2026); OECD ortancası: bugünkü 37 üye, Türkiye hariç"
1929,v2stcritrecadm,0.927,0.852,"V-Dem v16 (Coppedge vd. 2026); OECD ortancası: bugünkü 37 üye, Türkiye hariç"
1930,v2stcritrecadm,0.927,0.852,"V-Dem v16 (Coppedge vd. 2026); OECD ortancası: bugünkü 37 üye, Türkiye hariç"
1931,v2stcritrecadm,0.927,0.852,"V-Dem v16 (Coppedge vd. 2026); OECD ortancası: bugünkü 37 üye, Türkiye hariç"
1932,v2stcritrecadm,0.927,0.852,"V-Dem v16 (Coppedge vd. 2026); OECD ortancası: bugünkü 37 üye, Türkiye hariç"
1933,v2stcritrecadm,0.927,0.817,"V-Dem v16 (Coppedge vd. 2026); OECD ortancası: bugünkü 37 üye, Türkiye hariç"
1934,v2stcritrecadm,0.927,0.817,"V-Dem v16 (Coppedge vd. 2026); OECD ortancası: bugünkü 37 üye, Türkiye hariç"
1935,v2stcritrecadm,0.927,0.817,"V-Dem v16 (Coppedge vd. 2026); OECD ortancası: bugünkü 37 üye, Türkiye hariç"
1936,v2stcritrecadm,0.927,0.817,"V-Dem v16 (Coppedge vd. 2026); OECD ortancası: bugünkü 37 üye, Türkiye hariç"
1937,v2stcritrecadm,0.927,0.817,"V-Dem v16 (Coppedge vd. 2026); OECD ortancası: bugünkü 37 üye, Türkiye hariç"
1938,v2stcritrecadm,0.927,0.824,"V-Dem v16 (Coppedge vd. 2026); OECD ortancası: bugünkü 37 üye, Türkiye hariç"
1939,v2stcritrecadm,0.927,0.797,"V-Dem v16 (Coppedge vd. 2026); OECD ortancası: bugünkü 37 üye, Türkiye hariç"
1940,v2stcritrecadm,0.927,0.633,"V-Dem v16 (Coppedge vd. 2026); OECD ortancası: bugünkü 37 üye, Türkiye hariç"
1941,v2stcritrecadm,0.927,0.633,"V-Dem v16 (Coppedge vd. 2026); OECD ortancası: bugünkü 37 üye, Türkiye hariç"
1942,v2stcritrecadm,0.927,0.633,"V-Dem v16 (Coppedge vd. 2026); OECD ortancası: bugünkü 37 üye, Türkiye hariç"
1943,v2stcritrecadm,0.927,0.633,"V-Dem v16 (Coppedge vd. 2026); OECD ortancası: bugünkü 37 üye, Türkiye hariç"
1944,v2stcritrecadm,0.927,0.621,"V-Dem v16 (Coppedge vd. 2026); OECD ortancası: bugünkü 37 üye, Türkiye hariç"
1945,v2stcritrecadm,0.927,0.689,"V-Dem v16 (Coppedge vd. 2026); OECD ortancası: bugünkü 37 üye, Türkiye hariç"
1946,v2stcritrecadm,0.927,1.191,"V-Dem v16 (Coppedge vd. 2026); OECD ortancası: bugünkü 37 üye, Türkiye hariç"
1947,v2stcritrecadm,0.927,1.191,"V-Dem v16 (Coppedge vd. 2026); OECD ortancası: bugünkü 37 üye, Türkiye hariç"
1948,v2stcritrecadm,0.927,1.333,"V-Dem v16 (Coppedge vd. 2026); OECD ortancası: bugünkü 37 üye, Türkiye hariç"
1949,v2stcritrecadm,0.927,1.348,"V-Dem v16 (Coppedge vd. 2026); OECD ortancası: bugünkü 37 üye, Türkiye hariç"
1950,v2stcritrecadm,0.927,1.348,"V-Dem v16 (Coppedge vd. 2026); OECD ortancası: bugünkü 37 üye, Türkiye hariç"
1951,v2stcritrecadm,0.927,1.348,"V-Dem v16 (Coppedge vd. 2026); OECD ortancası: bugünkü 37 üye, Türkiye hariç"
1952,v2stcritrecadm,0.927,1.348,"V-Dem v16 (Coppedge vd. 2026); OECD ortancası: bugünkü 37 üye, Türkiye hariç"
1953,v2stcritrecadm,0.927,1.348,"V-Dem v16 (Coppedge vd. 2026); OECD ortancası: bugünkü 37 üye, Türkiye hariç"
1954,v2stcritrecadm,0.927,1.348,"V-Dem v16 (Coppedge vd. 2026); OECD ortancası: bugünkü 37 üye, Türkiye hariç"
1955,v2stcritrecadm,0.927,1.348,"V-Dem v16 (Coppedge vd. 2026); OECD ortancası: bugünkü 37 üye, Türkiye hariç"
1956,v2stcritrecadm,0.927,1.348,"V-Dem v16 (Coppedge vd. 2026); OECD ortancası: bugünkü 37 üye, Türkiye hariç"
1957,v2stcritrecadm,0.927,1.348,"V-Dem v16 (Coppedge vd. 2026); OECD ortancası: bugünkü 37 üye, Türkiye hariç"
1958,v2stcritrecadm,0.927,1.348,"V-Dem v16 (Coppedge vd. 2026); OECD ortancası: bugünkü 37 üye, Türkiye hariç"
1959,v2stcritrecadm,0.927,1.348,"V-Dem v16 (Coppedge vd. 2026); OECD ortancası: bugünkü 37 üye, Türkiye hariç"
1960,v2stcritrecadm,0.927,1.348,"V-Dem v16 (Coppedge vd. 2026); OECD ortancası: bugünkü 37 üye, Türkiye hariç"
1961,v2stcritrecadm,1.872,1.348,"V-Dem v16 (Coppedge vd. 2026); OECD ortancası: bugünkü 37 üye, Türkiye hariç"
1962,v2stcritrecadm,1.872,1.348,"V-Dem v16 (Coppedge vd. 2026); OECD ortancası: bugünkü 37 üye, Türkiye hariç"
1963,v2stcritrecadm,1.872,1.348,"V-Dem v16 (Coppedge vd. 2026); OECD ortancası: bugünkü 37 üye, Türkiye hariç"
1964,v2stcritrecadm,1.872,1.348,"V-Dem v16 (Coppedge vd. 2026); OECD ortancası: bugünkü 37 üye, Türkiye hariç"
1965,v2stcritrecadm,1.872,1.348,"V-Dem v16 (Coppedge vd. 2026); OECD ortancası: bugünkü 37 üye, Türkiye hariç"
1966,v2stcritrecadm,1.872,1.348,"V-Dem v16 (Coppedge vd. 2026); OECD ortancası: bugünkü 37 üye, Türkiye hariç"
1967,v2stcritrecadm,1.872,1.348,"V-Dem v16 (Coppedge vd. 2026); OECD ortancası: bugünkü 37 üye, Türkiye hariç"
1968,v2stcritrecadm,1.872,1.348,"V-Dem v16 (Coppedge vd. 2026); OECD ortancası: bugünkü 37 üye, Türkiye hariç"
1969,v2stcritrecadm,1.872,1.348,"V-Dem v16 (Coppedge vd. 2026); OECD ortancası: bugünkü 37 üye, Türkiye hariç"
1970,v2stcritrecadm,1.872,1.348,"V-Dem v16 (Coppedge vd. 2026); OECD ortancası: bugünkü 37 üye, Türkiye hariç"
1971,v2stcritrecadm,1.872,1.348,"V-Dem v16 (Coppedge vd. 2026); OECD ortancası: bugünkü 37 üye, Türkiye hariç"
1972,v2stcritrecadm,1.872,1.348,"V-Dem v16 (Coppedge vd. 2026); OECD ortancası: bugünkü 37 üye, Türkiye hariç"
1973,v2stcritrecadm,1.872,1.348,"V-Dem v16 (Coppedge vd. 2026); OECD ortancası: bugünkü 37 üye, Türkiye hariç"
1974,v2stcritrecadm,1.872,1.348,"V-Dem v16 (Coppedge vd. 2026); OECD ortancası: bugünkü 37 üye, Türkiye hariç"
1975,v2stcritrecadm,1.872,1.37,"V-Dem v16 (Coppedge vd. 2026); OECD ortancası: bugünkü 37 üye, Türkiye hariç"
1976,v2stcritrecadm,1.872,1.37,"V-Dem v16 (Coppedge vd. 2026); OECD ortancası: bugünkü 37 üye, Türkiye hariç"
1977,v2stcritrecadm,1.872,1.381,"V-Dem v16 (Coppedge vd. 2026); OECD ortancası: bugünkü 37 üye, Türkiye hariç"
1978,v2stcritrecadm,1.872,1.381,"V-Dem v16 (Coppedge vd. 2026); OECD ortancası: bugünkü 37 üye, Türkiye hariç"
1979,v2stcritrecadm,1.872,1.381,"V-Dem v16 (Coppedge vd. 2026); OECD ortancası: bugünkü 37 üye, Türkiye hariç"
1980,v2stcritrecadm,1.872,1.512,"V-Dem v16 (Coppedge vd. 2026); OECD ortancası: bugünkü 37 üye, Türkiye hariç"
1981,v2stcritrecadm,1.872,1.512,"V-Dem v16 (Coppedge vd. 2026); OECD ortancası: bugünkü 37 üye, Türkiye hariç"
1982,v2stcritrecadm,1.872,1.512,"V-Dem v16 (Coppedge vd. 2026); OECD ortancası: bugünkü 37 üye, Türkiye hariç"
1983,v2stcritrecadm,1.872,1.512,"V-Dem v16 (Coppedge vd. 2026); OECD ortancası: bugünkü 37 üye, Türkiye hariç"
1984,v2stcritrecadm,1.872,1.512,"V-Dem v16 (Coppedge vd. 2026); OECD ortancası: bugünkü 37 üye, Türkiye hariç"
1985,v2stcritrecadm,1.872,1.512,"V-Dem v16 (Coppedge vd. 2026); OECD ortancası: bugünkü 37 üye, Türkiye hariç"
1986,v2stcritrecadm,1.872,1.512,"V-Dem v16 (Coppedge vd. 2026); OECD ortancası: bugünkü 37 üye, Türkiye hariç"
1987,v2stcritrecadm,1.872,1.572,"V-Dem v16 (Coppedge vd. 2026); OECD ortancası: bugünkü 37 üye, Türkiye hariç"
1988,v2stcritrecadm,1.872,1.572,"V-Dem v16 (Coppedge vd. 2026); OECD ortancası: bugünkü 37 üye, Türkiye hariç"
1989,v2stcritrecadm,1.872,1.52,"V-Dem v16 (Coppedge vd. 2026); OECD ortancası: bugünkü 37 üye, Türkiye hariç"
1990,v2stcritrecadm,1.872,1.652,"V-Dem v16 (Coppedge vd. 2026); OECD ortancası: bugünkü 37 üye, Türkiye hariç"
1991,v2stcritrecadm,1.872,1.652,"V-Dem v16 (Coppedge vd. 2026); OECD ortancası: bugünkü 37 üye, Türkiye hariç"
1992,v2stcritrecadm,1.872,1.652,"V-Dem v16 (Coppedge vd. 2026); OECD ortancası: bugünkü 37 üye, Türkiye hariç"
1993,v2stcritrecadm,1.872,1.624,"V-Dem v16 (Coppedge vd. 2026); OECD ortancası: bugünkü 37 üye, Türkiye hariç"
1994,v2stcritrecadm,1.872,1.624,"V-Dem v16 (Coppedge vd. 2026); OECD ortancası: bugünkü 37 üye, Türkiye hariç"
1995,v2stcritrecadm,1.872,1.624,"V-Dem v16 (Coppedge vd. 2026); OECD ortancası: bugünkü 37 üye, Türkiye hariç"
1996,v2stcritrecadm,1.872,1.624,"V-Dem v16 (Coppedge vd. 2026); OECD ortancası: bugünkü 37 üye, Türkiye hariç"
1997,v2stcritrecadm,1.872,1.624,"V-Dem v16 (Coppedge vd. 2026); OECD ortancası: bugünkü 37 üye, Türkiye hariç"
1998,v2stcritrecadm,1.872,1.624,"V-Dem v16 (Coppedge vd. 2026); OECD ortancası: bugünkü 37 üye, Türkiye hariç"
1999,v2stcritrecadm,1.872,1.624,"V-Dem v16 (Coppedge vd. 2026); OECD ortancası: bugünkü 37 üye, Türkiye hariç"
2000,v2stcritrecadm,1.872,1.624,"V-Dem v16 (Coppedge vd. 2026); OECD ortancası: bugünkü 37 üye, Türkiye hariç"
2001,v2stcritrecadm,1.872,1.624,"V-Dem v16 (Coppedge vd. 2026); OECD ortancası: bugünkü 37 üye, Türkiye hariç"
2002,v2stcritrecadm,1.872,1.68,"V-Dem v16 (Coppedge vd. 2026); OECD ortancası: bugünkü 37 üye, Türkiye hariç"
2003,v2stcritrecadm,1.872,1.924,"V-Dem v16 (Coppedge vd. 2026); OECD ortancası: bugünkü 37 üye, Türkiye hariç"
2004,v2stcritrecadm,1.872,1.924,"V-Dem v16 (Coppedge vd. 2026); OECD ortancası: bugünkü 37 üye, Türkiye hariç"
2005,v2stcritrecadm,1.872,1.737,"V-Dem v16 (Coppedge vd. 2026); OECD ortancası: bugünkü 37 üye, Türkiye hariç"
2006,v2stcritrecadm,1.872,1.737,"V-Dem v16 (Coppedge vd. 2026); OECD ortancası: bugünkü 37 üye, Türkiye hariç"
2007,v2stcritrecadm,1.117,1.737,"V-Dem v16 (Coppedge vd. 2026); OECD ortancası: bugünkü 37 üye, Türkiye hariç"
2008,v2stcritrecadm,0.87,1.737,"V-Dem v16 (Coppedge vd. 2026); OECD ortancası: bugünkü 37 üye, Türkiye hariç"
2009,v2stcritrecadm,0.87,1.737,"V-Dem v16 (Coppedge vd. 2026); OECD ortancası: bugünkü 37 üye, Türkiye hariç"
2010,v2stcritrecadm,0.368,1.68,"V-Dem v16 (Coppedge vd. 2026); OECD ortancası: bugünkü 37 üye, Türkiye hariç"
2011,v2stcritrecadm,0.368,1.727,"V-Dem v16 (Coppedge vd. 2026); OECD ortancası: bugünkü 37 üye, Türkiye hariç"
2012,v2stcritrecadm,0.081,1.737,"V-Dem v16 (Coppedge vd. 2026); OECD ortancası: bugünkü 37 üye, Türkiye hariç"
2013,v2stcritrecadm,0.081,1.727,"V-Dem v16 (Coppedge vd. 2026); OECD ortancası: bugünkü 37 üye, Türkiye hariç"
2014,v2stcritrecadm,-0.056,1.727,"V-Dem v16 (Coppedge vd. 2026); OECD ortancası: bugünkü 37 üye, Türkiye hariç"
2015,v2stcritrecadm,-0.056,1.727,"V-Dem v16 (Coppedge vd. 2026); OECD ortancası: bugünkü 37 üye, Türkiye hariç"
2016,v2stcritrecadm,-0.551,1.727,"V-Dem v16 (Coppedge vd. 2026); OECD ortancası: bugünkü 37 üye, Türkiye hariç"
2017,v2stcritrecadm,-0.856,1.682,"V-Dem v16 (Coppedge vd. 2026); OECD ortancası: bugünkü 37 üye, Türkiye hariç"
2018,v2stcritrecadm,-0.856,1.682,"V-Dem v16 (Coppedge vd. 2026); OECD ortancası: bugünkü 37 üye, Türkiye hariç"
2019,v2stcritrecadm,-0.723,1.727,"V-Dem v16 (Coppedge vd. 2026); OECD ortancası: bugünkü 37 üye, Türkiye hariç"
2020,v2stcritrecadm,-0.723,1.835,"V-Dem v16 (Coppedge vd. 2026); OECD ortancası: bugünkü 37 üye, Türkiye hariç"
2021,v2stcritrecadm,-0.723,1.844,"V-Dem v16 (Coppedge vd. 2026); OECD ortancası: bugünkü 37 üye, Türkiye hariç"
2022,v2stcritrecadm,-0.815,1.891,"V-Dem v16 (Coppedge vd. 2026); OECD ortancası: bugünkü 37 üye, Türkiye hariç"
2023,v2stcritrecadm,-0.815,1.739,"V-Dem v16 (Coppedge vd. 2026); OECD ortancası: bugünkü 37 üye, Türkiye hariç"
2024,v2stcritrecadm,-0.815,1.717,"V-Dem v16 (Coppedge vd. 2026); OECD ortancası: bugünkü 37 üye, Türkiye hariç"
2025,v2stcritrecadm,-0.815,1.717,"V-Dem v16 (Coppedge vd. 2026); OECD ortancası: bugünkü 37 üye, Türkiye hariç"
1923,v2excrptps,-0.252,1.319,"V-Dem v16 (Coppedge vd. 2026); OECD ortancası: bugünkü 37 üye, Türkiye hariç"
1924,v2excrptps,-0.252,1.403,"V-Dem v16 (Coppedge vd. 2026); OECD ortancası: bugünkü 37 üye, Türkiye hariç"
1925,v2excrptps,-0.252,1.514,"V-Dem v16 (Coppedge vd. 2026); OECD ortancası: bugünkü 37 üye, Türkiye hariç"
1926,v2excrptps,-0.252,1.514,"V-Dem v16 (Coppedge vd. 2026); OECD ortancası: bugünkü 37 üye, Türkiye hariç"
1927,v2excrptps,-0.252,1.514,"V-Dem v16 (Coppedge vd. 2026); OECD ortancası: bugünkü 37 üye, Türkiye hariç"
1928,v2excrptps,-0.252,1.514,"V-Dem v16 (Coppedge vd. 2026); OECD ortancası: bugünkü 37 üye, Türkiye hariç"
1929,v2excrptps,-0.252,1.514,"V-Dem v16 (Coppedge vd. 2026); OECD ortancası: bugünkü 37 üye, Türkiye hariç"
1930,v2excrptps,-0.252,1.524,"V-Dem v16 (Coppedge vd. 2026); OECD ortancası: bugünkü 37 üye, Türkiye hariç"
1931,v2excrptps,-0.252,1.524,"V-Dem v16 (Coppedge vd. 2026); OECD ortancası: bugünkü 37 üye, Türkiye hariç"
1932,v2excrptps,-0.252,1.524,"V-Dem v16 (Coppedge vd. 2026); OECD ortancası: bugünkü 37 üye, Türkiye hariç"
1933,v2excrptps,-0.252,1.458,"V-Dem v16 (Coppedge vd. 2026); OECD ortancası: bugünkü 37 üye, Türkiye hariç"
1934,v2excrptps,-0.252,1.458,"V-Dem v16 (Coppedge vd. 2026); OECD ortancası: bugünkü 37 üye, Türkiye hariç"
1935,v2excrptps,-0.252,1.458,"V-Dem v16 (Coppedge vd. 2026); OECD ortancası: bugünkü 37 üye, Türkiye hariç"
1936,v2excrptps,-0.252,1.514,"V-Dem v16 (Coppedge vd. 2026); OECD ortancası: bugünkü 37 üye, Türkiye hariç"
1937,v2excrptps,-0.252,1.514,"V-Dem v16 (Coppedge vd. 2026); OECD ortancası: bugünkü 37 üye, Türkiye hariç"
1938,v2excrptps,-0.252,1.514,"V-Dem v16 (Coppedge vd. 2026); OECD ortancası: bugünkü 37 üye, Türkiye hariç"
1939,v2excrptps,-0.252,1.448,"V-Dem v16 (Coppedge vd. 2026); OECD ortancası: bugünkü 37 üye, Türkiye hariç"
1940,v2excrptps,-0.252,1.306,"V-Dem v16 (Coppedge vd. 2026); OECD ortancası: bugünkü 37 üye, Türkiye hariç"
1941,v2excrptps,-0.252,1.13,"V-Dem v16 (Coppedge vd. 2026); OECD ortancası: bugünkü 37 üye, Türkiye hariç"
1942,v2excrptps,-0.252,1.13,"V-Dem v16 (Coppedge vd. 2026); OECD ortancası: bugünkü 37 üye, Türkiye hariç"
1943,v2excrptps,-0.252,1.13,"V-Dem v16 (Coppedge vd. 2026); OECD ortancası: bugünkü 37 üye, Türkiye hariç"
1944,v2excrptps,-0.252,1.173,"V-Dem v16 (Coppedge vd. 2026); OECD ortancası: bugünkü 37 üye, Türkiye hariç"
1945,v2excrptps,-0.252,1.747,"V-Dem v16 (Coppedge vd. 2026); OECD ortancası: bugünkü 37 üye, Türkiye hariç"
1946,v2excrptps,-0.252,1.747,"V-Dem v16 (Coppedge vd. 2026); OECD ortancası: bugünkü 37 üye, Türkiye hariç"
1947,v2excrptps,-0.252,1.747,"V-Dem v16 (Coppedge vd. 2026); OECD ortancası: bugünkü 37 üye, Türkiye hariç"
1948,v2excrptps,-0.252,1.636,"V-Dem v16 (Coppedge vd. 2026); OECD ortancası: bugünkü 37 üye, Türkiye hariç"
1949,v2excrptps,-0.252,1.704,"V-Dem v16 (Coppedge vd. 2026); OECD ortancası: bugünkü 37 üye, Türkiye hariç"
1950,v2excrptps,-0.252,1.704,"V-Dem v16 (Coppedge vd. 2026); OECD ortancası: bugünkü 37 üye, Türkiye hariç"
1951,v2excrptps,-0.252,1.704,"V-Dem v16 (Coppedge vd. 2026); OECD ortancası: bugünkü 37 üye, Türkiye hariç"
1952,v2excrptps,-0.252,1.704,"V-Dem v16 (Coppedge vd. 2026); OECD ortancası: bugünkü 37 üye, Türkiye hariç"
1953,v2excrptps,-0.252,1.753,"V-Dem v16 (Coppedge vd. 2026); OECD ortancası: bugünkü 37 üye, Türkiye hariç"
1954,v2excrptps,-0.252,1.753,"V-Dem v16 (Coppedge vd. 2026); OECD ortancası: bugünkü 37 üye, Türkiye hariç"
1955,v2excrptps,-0.252,1.797,"V-Dem v16 (Coppedge vd. 2026); OECD ortancası: bugünkü 37 üye, Türkiye hariç"
1956,v2excrptps,-0.252,1.797,"V-Dem v16 (Coppedge vd. 2026); OECD ortancası: bugünkü 37 üye, Türkiye hariç"
1957,v2excrptps,-0.252,1.797,"V-Dem v16 (Coppedge vd. 2026); OECD ortancası: bugünkü 37 üye, Türkiye hariç"
1958,v2excrptps,-0.252,1.797,"V-Dem v16 (Coppedge vd. 2026); OECD ortancası: bugünkü 37 üye, Türkiye hariç"
1959,v2excrptps,-0.252,1.797,"V-Dem v16 (Coppedge vd. 2026); OECD ortancası: bugünkü 37 üye, Türkiye hariç"
1960,v2excrptps,0.061,1.797,"V-Dem v16 (Coppedge vd. 2026); OECD ortancası: bugünkü 37 üye, Türkiye hariç"
1961,v2excrptps,0.061,1.797,"V-Dem v16 (Coppedge vd. 2026); OECD ortancası: bugünkü 37 üye, Türkiye hariç"
1962,v2excrptps,0.061,1.797,"V-Dem v16 (Coppedge vd. 2026); OECD ortancası: bugünkü 37 üye, Türkiye hariç"
1963,v2excrptps,0.061,1.797,"V-Dem v16 (Coppedge vd. 2026); OECD ortancası: bugünkü 37 üye, Türkiye hariç"
1964,v2excrptps,0.061,1.797,"V-Dem v16 (Coppedge vd. 2026); OECD ortancası: bugünkü 37 üye, Türkiye hariç"
1965,v2excrptps,0.061,1.797,"V-Dem v16 (Coppedge vd. 2026); OECD ortancası: bugünkü 37 üye, Türkiye hariç"
1966,v2excrptps,0.061,1.797,"V-Dem v16 (Coppedge vd. 2026); OECD ortancası: bugünkü 37 üye, Türkiye hariç"
1967,v2excrptps,0.061,1.797,"V-Dem v16 (Coppedge vd. 2026); OECD ortancası: bugünkü 37 üye, Türkiye hariç"
1968,v2excrptps,0.061,1.797,"V-Dem v16 (Coppedge vd. 2026); OECD ortancası: bugünkü 37 üye, Türkiye hariç"
1969,v2excrptps,0.061,1.69,"V-Dem v16 (Coppedge vd. 2026); OECD ortancası: bugünkü 37 üye, Türkiye hariç"
1970,v2excrptps,0.061,1.69,"V-Dem v16 (Coppedge vd. 2026); OECD ortancası: bugünkü 37 üye, Türkiye hariç"
1971,v2excrptps,0.061,1.69,"V-Dem v16 (Coppedge vd. 2026); OECD ortancası: bugünkü 37 üye, Türkiye hariç"
1972,v2excrptps,0.061,1.69,"V-Dem v16 (Coppedge vd. 2026); OECD ortancası: bugünkü 37 üye, Türkiye hariç"
1973,v2excrptps,0.061,1.69,"V-Dem v16 (Coppedge vd. 2026); OECD ortancası: bugünkü 37 üye, Türkiye hariç"
1974,v2excrptps,0.061,1.69,"V-Dem v16 (Coppedge vd. 2026); OECD ortancası: bugünkü 37 üye, Türkiye hariç"
1975,v2excrptps,0.061,1.69,"V-Dem v16 (Coppedge vd. 2026); OECD ortancası: bugünkü 37 üye, Türkiye hariç"
1976,v2excrptps,0.061,1.69,"V-Dem v16 (Coppedge vd. 2026); OECD ortancası: bugünkü 37 üye, Türkiye hariç"
1977,v2excrptps,0.061,1.797,"V-Dem v16 (Coppedge vd. 2026); OECD ortancası: bugünkü 37 üye, Türkiye hariç"
1978,v2excrptps,0.061,1.797,"V-Dem v16 (Coppedge vd. 2026); OECD ortancası: bugünkü 37 üye, Türkiye hariç"
1979,v2excrptps,0.061,1.797,"V-Dem v16 (Coppedge vd. 2026); OECD ortancası: bugünkü 37 üye, Türkiye hariç"
1980,v2excrptps,0.061,1.888,"V-Dem v16 (Coppedge vd. 2026); OECD ortancası: bugünkü 37 üye, Türkiye hariç"
1981,v2excrptps,0.061,1.797,"V-Dem v16 (Coppedge vd. 2026); OECD ortancası: bugünkü 37 üye, Türkiye hariç"
1982,v2excrptps,0.061,1.797,"V-Dem v16 (Coppedge vd. 2026); OECD ortancası: bugünkü 37 üye, Türkiye hariç"
1983,v2excrptps,0.36,1.797,"V-Dem v16 (Coppedge vd. 2026); OECD ortancası: bugünkü 37 üye, Türkiye hariç"
1984,v2excrptps,0.36,1.797,"V-Dem v16 (Coppedge vd. 2026); OECD ortancası: bugünkü 37 üye, Türkiye hariç"
1985,v2excrptps,0.36,1.797,"V-Dem v16 (Coppedge vd. 2026); OECD ortancası: bugünkü 37 üye, Türkiye hariç"
1986,v2excrptps,0.36,1.797,"V-Dem v16 (Coppedge vd. 2026); OECD ortancası: bugünkü 37 üye, Türkiye hariç"
1987,v2excrptps,0.36,1.872,"V-Dem v16 (Coppedge vd. 2026); OECD ortancası: bugünkü 37 üye, Türkiye hariç"
1988,v2excrptps,0.36,1.872,"V-Dem v16 (Coppedge vd. 2026); OECD ortancası: bugünkü 37 üye, Türkiye hariç"
1989,v2excrptps,0.36,1.858,"V-Dem v16 (Coppedge vd. 2026); OECD ortancası: bugünkü 37 üye, Türkiye hariç"
1990,v2excrptps,0.36,1.686,"V-Dem v16 (Coppedge vd. 2026); OECD ortancası: bugünkü 37 üye, Türkiye hariç"
1991,v2excrptps,0.36,1.686,"V-Dem v16 (Coppedge vd. 2026); OECD ortancası: bugünkü 37 üye, Türkiye hariç"
1992,v2excrptps,0.36,1.686,"V-Dem v16 (Coppedge vd. 2026); OECD ortancası: bugünkü 37 üye, Türkiye hariç"
1993,v2excrptps,0.36,1.636,"V-Dem v16 (Coppedge vd. 2026); OECD ortancası: bugünkü 37 üye, Türkiye hariç"
1994,v2excrptps,0.36,1.69,"V-Dem v16 (Coppedge vd. 2026); OECD ortancası: bugünkü 37 üye, Türkiye hariç"
1995,v2excrptps,0.36,1.69,"V-Dem v16 (Coppedge vd. 2026); OECD ortancası: bugünkü 37 üye, Türkiye hariç"
1996,v2excrptps,0.36,1.69,"V-Dem v16 (Coppedge vd. 2026); OECD ortancası: bugünkü 37 üye, Türkiye hariç"
1997,v2excrptps,0.36,1.69,"V-Dem v16 (Coppedge vd. 2026); OECD ortancası: bugünkü 37 üye, Türkiye hariç"
1998,v2excrptps,0.36,1.69,"V-Dem v16 (Coppedge vd. 2026); OECD ortancası: bugünkü 37 üye, Türkiye hariç"
1999,v2excrptps,0.36,1.7,"V-Dem v16 (Coppedge vd. 2026); OECD ortancası: bugünkü 37 üye, Türkiye hariç"
2000,v2excrptps,0.518,1.7,"V-Dem v16 (Coppedge vd. 2026); OECD ortancası: bugünkü 37 üye, Türkiye hariç"
2001,v2excrptps,0.518,1.7,"V-Dem v16 (Coppedge vd. 2026); OECD ortancası: bugünkü 37 üye, Türkiye hariç"
2002,v2excrptps,-0.308,1.7,"V-Dem v16 (Coppedge vd. 2026); OECD ortancası: bugünkü 37 üye, Türkiye hariç"
2003,v2excrptps,-0.308,1.7,"V-Dem v16 (Coppedge vd. 2026); OECD ortancası: bugünkü 37 üye, Türkiye hariç"
2004,v2excrptps,-0.308,1.7,"V-Dem v16 (Coppedge vd. 2026); OECD ortancası: bugünkü 37 üye, Türkiye hariç"
2005,v2excrptps,-0.308,1.858,"V-Dem v16 (Coppedge vd. 2026); OECD ortancası: bugünkü 37 üye, Türkiye hariç"
2006,v2excrptps,-0.308,1.858,"V-Dem v16 (Coppedge vd. 2026); OECD ortancası: bugünkü 37 üye, Türkiye hariç"
2007,v2excrptps,-0.345,1.858,"V-Dem v16 (Coppedge vd. 2026); OECD ortancası: bugünkü 37 üye, Türkiye hariç"
2008,v2excrptps,-0.441,1.858,"V-Dem v16 (Coppedge vd. 2026); OECD ortancası: bugünkü 37 üye, Türkiye hariç"
2009,v2excrptps,-0.441,1.886,"V-Dem v16 (Coppedge vd. 2026); OECD ortancası: bugünkü 37 üye, Türkiye hariç"
2010,v2excrptps,-0.558,1.886,"V-Dem v16 (Coppedge vd. 2026); OECD ortancası: bugünkü 37 üye, Türkiye hariç"
2011,v2excrptps,-0.558,1.886,"V-Dem v16 (Coppedge vd. 2026); OECD ortancası: bugünkü 37 üye, Türkiye hariç"
2012,v2excrptps,-0.618,1.917,"V-Dem v16 (Coppedge vd. 2026); OECD ortancası: bugünkü 37 üye, Türkiye hariç"
2013,v2excrptps,-0.637,2.053,"V-Dem v16 (Coppedge vd. 2026); OECD ortancası: bugünkü 37 üye, Türkiye hariç"
2014,v2excrptps,-0.707,2.053,"V-Dem v16 (Coppedge vd. 2026); OECD ortancası: bugünkü 37 üye, Türkiye hariç"
2015,v2excrptps,-0.719,2.053,"V-Dem v16 (Coppedge vd. 2026); OECD ortancası: bugünkü 37 üye, Türkiye hariç"
2016,v2excrptps,-1.03,1.917,"V-Dem v16 (Coppedge vd. 2026); OECD ortancası: bugünkü 37 üye, Türkiye hariç"
2017,v2excrptps,-1.215,1.917,"V-Dem v16 (Coppedge vd. 2026); OECD ortancası: bugünkü 37 üye, Türkiye hariç"
2018,v2excrptps,-1.215,1.797,"V-Dem v16 (Coppedge vd. 2026); OECD ortancası: bugünkü 37 üye, Türkiye hariç"
2019,v2excrptps,-1.215,2.045,"V-Dem v16 (Coppedge vd. 2026); OECD ortancası: bugünkü 37 üye, Türkiye hariç"
2020,v2excrptps,-1.241,2.045,"V-Dem v16 (Coppedge vd. 2026); OECD ortancası: bugünkü 37 üye, Türkiye hariç"
2021,v2excrptps,-1.241,2.045,"V-Dem v16 (Coppedge vd. 2026); OECD ortancası: bugünkü 37 üye, Türkiye hariç"
2022,v2excrptps,-1.241,2.045,"V-Dem v16 (Coppedge vd. 2026); OECD ortancası: bugünkü 37 üye, Türkiye hariç"
2023,v2excrptps,-0.872,2.053,"V-Dem v16 (Coppedge vd. 2026); OECD ortancası: bugünkü 37 üye, Türkiye hariç"
2024,v2excrptps,-0.841,2.045,"V-Dem v16 (Coppedge vd. 2026); OECD ortancası: bugünkü 37 üye, Türkiye hariç"
2025,v2excrptps,-0.841,2.026,"V-Dem v16 (Coppedge vd. 2026); OECD ortancası: bugünkü 37 üye, Türkiye hariç"
1923,v2x_corr,0.195,0.112,"V-Dem v16 (Coppedge vd. 2026); OECD ortancası: bugünkü 37 üye, Türkiye hariç"
1924,v2x_corr,0.195,0.107,"V-Dem v16 (Coppedge vd. 2026); OECD ortancası: bugünkü 37 üye, Türkiye hariç"
1925,v2x_corr,0.282,0.107,"V-Dem v16 (Coppedge vd. 2026); OECD ortancası: bugünkü 37 üye, Türkiye hariç"
1926,v2x_corr,0.282,0.107,"V-Dem v16 (Coppedge vd. 2026); OECD ortancası: bugünkü 37 üye, Türkiye hariç"
1927,v2x_corr,0.282,0.103,"V-Dem v16 (Coppedge vd. 2026); OECD ortancası: bugünkü 37 üye, Türkiye hariç"
1928,v2x_corr,0.282,0.103,"V-Dem v16 (Coppedge vd. 2026); OECD ortancası: bugünkü 37 üye, Türkiye hariç"
1929,v2x_corr,0.282,0.103,"V-Dem v16 (Coppedge vd. 2026); OECD ortancası: bugünkü 37 üye, Türkiye hariç"
1930,v2x_corr,0.282,0.103,"V-Dem v16 (Coppedge vd. 2026); OECD ortancası: bugünkü 37 üye, Türkiye hariç"
1931,v2x_corr,0.282,0.103,"V-Dem v16 (Coppedge vd. 2026); OECD ortancası: bugünkü 37 üye, Türkiye hariç"
1932,v2x_corr,0.282,0.102,"V-Dem v16 (Coppedge vd. 2026); OECD ortancası: bugünkü 37 üye, Türkiye hariç"
1933,v2x_corr,0.282,0.133,"V-Dem v16 (Coppedge vd. 2026); OECD ortancası: bugünkü 37 üye, Türkiye hariç"
1934,v2x_corr,0.282,0.106,"V-Dem v16 (Coppedge vd. 2026); OECD ortancası: bugünkü 37 üye, Türkiye hariç"
1935,v2x_corr,0.282,0.096,"V-Dem v16 (Coppedge vd. 2026); OECD ortancası: bugünkü 37 üye, Türkiye hariç"
1936,v2x_corr,0.282,0.096,"V-Dem v16 (Coppedge vd. 2026); OECD ortancası: bugünkü 37 üye, Türkiye hariç"
1937,v2x_corr,0.282,0.096,"V-Dem v16 (Coppedge vd. 2026); OECD ortancası: bugünkü 37 üye, Türkiye hariç"
1938,v2x_corr,0.282,0.111,"V-Dem v16 (Coppedge vd. 2026); OECD ortancası: bugünkü 37 üye, Türkiye hariç"
1939,v2x_corr,0.282,0.111,"V-Dem v16 (Coppedge vd. 2026); OECD ortancası: bugünkü 37 üye, Türkiye hariç"
1940,v2x_corr,0.299,0.088,"V-Dem v16 (Coppedge vd. 2026); OECD ortancası: bugünkü 37 üye, Türkiye hariç"
1941,v2x_corr,0.299,0.093,"V-Dem v16 (Coppedge vd. 2026); OECD ortancası: bugünkü 37 üye, Türkiye hariç"
1942,v2x_corr,0.299,0.093,"V-Dem v16 (Coppedge vd. 2026); OECD ortancası: bugünkü 37 üye, Türkiye hariç"
1943,v2x_corr,0.299,0.098,"V-Dem v16 (Coppedge vd. 2026); OECD ortancası: bugünkü 37 üye, Türkiye hariç"
1944,v2x_corr,0.299,0.096,"V-Dem v16 (Coppedge vd. 2026); OECD ortancası: bugünkü 37 üye, Türkiye hariç"
1945,v2x_corr,0.299,0.063,"V-Dem v16 (Coppedge vd. 2026); OECD ortancası: bugünkü 37 üye, Türkiye hariç"
1946,v2x_corr,0.299,0.066,"V-Dem v16 (Coppedge vd. 2026); OECD ortancası: bugünkü 37 üye, Türkiye hariç"
1947,v2x_corr,0.299,0.072,"V-Dem v16 (Coppedge vd. 2026); OECD ortancası: bugünkü 37 üye, Türkiye hariç"
1948,v2x_corr,0.299,0.074,"V-Dem v16 (Coppedge vd. 2026); OECD ortancası: bugünkü 37 üye, Türkiye hariç"
1949,v2x_corr,0.299,0.073,"V-Dem v16 (Coppedge vd. 2026); OECD ortancası: bugünkü 37 üye, Türkiye hariç"
1950,v2x_corr,0.411,0.068,"V-Dem v16 (Coppedge vd. 2026); OECD ortancası: bugünkü 37 üye, Türkiye hariç"
1951,v2x_corr,0.496,0.068,"V-Dem v16 (Coppedge vd. 2026); OECD ortancası: bugünkü 37 üye, Türkiye hariç"
1952,v2x_corr,0.496,0.068,"V-Dem v16 (Coppedge vd. 2026); OECD ortancası: bugünkü 37 üye, Türkiye hariç"
1953,v2x_corr,0.496,0.068,"V-Dem v16 (Coppedge vd. 2026); OECD ortancası: bugünkü 37 üye, Türkiye hariç"
1954,v2x_corr,0.496,0.068,"V-Dem v16 (Coppedge vd. 2026); OECD ortancası: bugünkü 37 üye, Türkiye hariç"
1955,v2x_corr,0.496,0.068,"V-Dem v16 (Coppedge vd. 2026); OECD ortancası: bugünkü 37 üye, Türkiye hariç"
1956,v2x_corr,0.496,0.068,"V-Dem v16 (Coppedge vd. 2026); OECD ortancası: bugünkü 37 üye, Türkiye hariç"
1957,v2x_corr,0.496,0.068,"V-Dem v16 (Coppedge vd. 2026); OECD ortancası: bugünkü 37 üye, Türkiye hariç"
1958,v2x_corr,0.496,0.068,"V-Dem v16 (Coppedge vd. 2026); OECD ortancası: bugünkü 37 üye, Türkiye hariç"
1959,v2x_corr,0.496,0.059,"V-Dem v16 (Coppedge vd. 2026); OECD ortancası: bugünkü 37 üye, Türkiye hariç"
1960,v2x_corr,0.397,0.059,"V-Dem v16 (Coppedge vd. 2026); OECD ortancası: bugünkü 37 üye, Türkiye hariç"
1961,v2x_corr,0.3,0.059,"V-Dem v16 (Coppedge vd. 2026); OECD ortancası: bugünkü 37 üye, Türkiye hariç"
1962,v2x_corr,0.365,0.059,"V-Dem v16 (Coppedge vd. 2026); OECD ortancası: bugünkü 37 üye, Türkiye hariç"
1963,v2x_corr,0.365,0.058,"V-Dem v16 (Coppedge vd. 2026); OECD ortancası: bugünkü 37 üye, Türkiye hariç"
1964,v2x_corr,0.365,0.058,"V-Dem v16 (Coppedge vd. 2026); OECD ortancası: bugünkü 37 üye, Türkiye hariç"
1965,v2x_corr,0.365,0.057,"V-Dem v16 (Coppedge vd. 2026); OECD ortancası: bugünkü 37 üye, Türkiye hariç"
1966,v2x_corr,0.38,0.057,"V-Dem v16 (Coppedge vd. 2026); OECD ortancası: bugünkü 37 üye, Türkiye hariç"
1967,v2x_corr,0.38,0.057,"V-Dem v16 (Coppedge vd. 2026); OECD ortancası: bugünkü 37 üye, Türkiye hariç"
1968,v2x_corr,0.38,0.057,"V-Dem v16 (Coppedge vd. 2026); OECD ortancası: bugünkü 37 üye, Türkiye hariç"
1969,v2x_corr,0.38,0.058,"V-Dem v16 (Coppedge vd. 2026); OECD ortancası: bugünkü 37 üye, Türkiye hariç"
1970,v2x_corr,0.367,0.063,"V-Dem v16 (Coppedge vd. 2026); OECD ortancası: bugünkü 37 üye, Türkiye hariç"
1971,v2x_corr,0.351,0.063,"V-Dem v16 (Coppedge vd. 2026); OECD ortancası: bugünkü 37 üye, Türkiye hariç"
1972,v2x_corr,0.351,0.063,"V-Dem v16 (Coppedge vd. 2026); OECD ortancası: bugünkü 37 üye, Türkiye hariç"
1973,v2x_corr,0.351,0.066,"V-Dem v16 (Coppedge vd. 2026); OECD ortancası: bugünkü 37 üye, Türkiye hariç"
1974,v2x_corr,0.367,0.066,"V-Dem v16 (Coppedge vd. 2026); OECD ortancası: bugünkü 37 üye, Türkiye hariç"
1975,v2x_corr,0.367,0.059,"V-Dem v16 (Coppedge vd. 2026); OECD ortancası: bugünkü 37 üye, Türkiye hariç"
1976,v2x_corr,0.367,0.059,"V-Dem v16 (Coppedge vd. 2026); OECD ortancası: bugünkü 37 üye, Türkiye hariç"
1977,v2x_corr,0.367,0.059,"V-Dem v16 (Coppedge vd. 2026); OECD ortancası: bugünkü 37 üye, Türkiye hariç"
1978,v2x_corr,0.367,0.058,"V-Dem v16 (Coppedge vd. 2026); OECD ortancası: bugünkü 37 üye, Türkiye hariç"
1979,v2x_corr,0.367,0.058,"V-Dem v16 (Coppedge vd. 2026); OECD ortancası: bugünkü 37 üye, Türkiye hariç"
1980,v2x_corr,0.256,0.058,"V-Dem v16 (Coppedge vd. 2026); OECD ortancası: bugünkü 37 üye, Türkiye hariç"
1981,v2x_corr,0.256,0.058,"V-Dem v16 (Coppedge vd. 2026); OECD ortancası: bugünkü 37 üye, Türkiye hariç"
1982,v2x_corr,0.257,0.069,"V-Dem v16 (Coppedge vd. 2026); OECD ortancası: bugünkü 37 üye, Türkiye hariç"
1983,v2x_corr,0.428,0.069,"V-Dem v16 (Coppedge vd. 2026); OECD ortancası: bugünkü 37 üye, Türkiye hariç"
1984,v2x_corr,0.442,0.069,"V-Dem v16 (Coppedge vd. 2026); OECD ortancası: bugünkü 37 üye, Türkiye hariç"
1985,v2x_corr,0.442,0.069,"V-Dem v16 (Coppedge vd. 2026); OECD ortancası: bugünkü 37 üye, Türkiye hariç"
1986,v2x_corr,0.442,0.069,"V-Dem v16 (Coppedge vd. 2026); OECD ortancası: bugünkü 37 üye, Türkiye hariç"
1987,v2x_corr,0.483,0.062,"V-Dem v16 (Coppedge vd. 2026); OECD ortancası: bugünkü 37 üye, Türkiye hariç"
1988,v2x_corr,0.483,0.062,"V-Dem v16 (Coppedge vd. 2026); OECD ortancası: bugünkü 37 üye, Türkiye hariç"
1989,v2x_corr,0.483,0.065,"V-Dem v16 (Coppedge vd. 2026); OECD ortancası: bugünkü 37 üye, Türkiye hariç"
1990,v2x_corr,0.483,0.066,"V-Dem v16 (Coppedge vd. 2026); OECD ortancası: bugünkü 37 üye, Türkiye hariç"
1991,v2x_corr,0.483,0.063,"V-Dem v16 (Coppedge vd. 2026); OECD ortancası: bugünkü 37 üye, Türkiye hariç"
1992,v2x_corr,0.483,0.063,"V-Dem v16 (Coppedge vd. 2026); OECD ortancası: bugünkü 37 üye, Türkiye hariç"
1993,v2x_corr,0.483,0.065,"V-Dem v16 (Coppedge vd. 2026); OECD ortancası: bugünkü 37 üye, Türkiye hariç"
1994,v2x_corr,0.483,0.065,"V-Dem v16 (Coppedge vd. 2026); OECD ortancası: bugünkü 37 üye, Türkiye hariç"
1995,v2x_corr,0.483,0.065,"V-Dem v16 (Coppedge vd. 2026); OECD ortancası: bugünkü 37 üye, Türkiye hariç"
1996,v2x_corr,0.483,0.063,"V-Dem v16 (Coppedge vd. 2026); OECD ortancası: bugünkü 37 üye, Türkiye hariç"
1997,v2x_corr,0.483,0.063,"V-Dem v16 (Coppedge vd. 2026); OECD ortancası: bugünkü 37 üye, Türkiye hariç"
1998,v2x_corr,0.483,0.061,"V-Dem v16 (Coppedge vd. 2026); OECD ortancası: bugünkü 37 üye, Türkiye hariç"
1999,v2x_corr,0.508,0.061,"V-Dem v16 (Coppedge vd. 2026); OECD ortancası: bugünkü 37 üye, Türkiye hariç"
2000,v2x_corr,0.502,0.059,"V-Dem v16 (Coppedge vd. 2026); OECD ortancası: bugünkü 37 üye, Türkiye hariç"
2001,v2x_corr,0.502,0.059,"V-Dem v16 (Coppedge vd. 2026); OECD ortancası: bugünkü 37 üye, Türkiye hariç"
2002,v2x_corr,0.517,0.059,"V-Dem v16 (Coppedge vd. 2026); OECD ortancası: bugünkü 37 üye, Türkiye hariç"
2003,v2x_corr,0.517,0.059,"V-Dem v16 (Coppedge vd. 2026); OECD ortancası: bugünkü 37 üye, Türkiye hariç"
2004,v2x_corr,0.532,0.059,"V-Dem v16 (Coppedge vd. 2026); OECD ortancası: bugünkü 37 üye, Türkiye hariç"
2005,v2x_corr,0.532,0.059,"V-Dem v16 (Coppedge vd. 2026); OECD ortancası: bugünkü 37 üye, Türkiye hariç"
2006,v2x_corr,0.535,0.059,"V-Dem v16 (Coppedge vd. 2026); OECD ortancası: bugünkü 37 üye, Türkiye hariç"
2007,v2x_corr,0.548,0.059,"V-Dem v16 (Coppedge vd. 2026); OECD ortancası: bugünkü 37 üye, Türkiye hariç"
2008,v2x_corr,0.582,0.059,"V-Dem v16 (Coppedge vd. 2026); OECD ortancası: bugünkü 37 üye, Türkiye hariç"
2009,v2x_corr,0.582,0.059,"V-Dem v16 (Coppedge vd. 2026); OECD ortancası: bugünkü 37 üye, Türkiye hariç"
2010,v2x_corr,0.652,0.059,"V-Dem v16 (Coppedge vd. 2026); OECD ortancası: bugünkü 37 üye, Türkiye hariç"
2011,v2x_corr,0.666,0.059,"V-Dem v16 (Coppedge vd. 2026); OECD ortancası: bugünkü 37 üye, Türkiye hariç"
2012,v2x_corr,0.686,0.059,"V-Dem v16 (Coppedge vd. 2026); OECD ortancası: bugünkü 37 üye, Türkiye hariç"
2013,v2x_corr,0.712,0.053,"V-Dem v16 (Coppedge vd. 2026); OECD ortancası: bugünkü 37 üye, Türkiye hariç"
2014,v2x_corr,0.777,0.053,"V-Dem v16 (Coppedge vd. 2026); OECD ortancası: bugünkü 37 üye, Türkiye hariç"
2015,v2x_corr,0.78,0.053,"V-Dem v16 (Coppedge vd. 2026); OECD ortancası: bugünkü 37 üye, Türkiye hariç"
2016,v2x_corr,0.827,0.062,"V-Dem v16 (Coppedge vd. 2026); OECD ortancası: bugünkü 37 üye, Türkiye hariç"
2017,v2x_corr,0.837,0.053,"V-Dem v16 (Coppedge vd. 2026); OECD ortancası: bugünkü 37 üye, Türkiye hariç"
2018,v2x_corr,0.836,0.055,"V-Dem v16 (Coppedge vd. 2026); OECD ortancası: bugünkü 37 üye, Türkiye hariç"
2019,v2x_corr,0.847,0.061,"V-Dem v16 (Coppedge vd. 2026); OECD ortancası: bugünkü 37 üye, Türkiye hariç"
2020,v2x_corr,0.851,0.055,"V-Dem v16 (Coppedge vd. 2026); OECD ortancası: bugünkü 37 üye, Türkiye hariç"
2021,v2x_corr,0.838,0.054,"V-Dem v16 (Coppedge vd. 2026); OECD ortancası: bugünkü 37 üye, Türkiye hariç"
2022,v2x_corr,0.843,0.053,"V-Dem v16 (Coppedge vd. 2026); OECD ortancası: bugünkü 37 üye, Türkiye hariç"
2023,v2x_corr,0.841,0.055,"V-Dem v16 (Coppedge vd. 2026); OECD ortancası: bugünkü 37 üye, Türkiye hariç"
2024,v2x_corr,0.8,0.051,"V-Dem v16 (Coppedge vd. 2026); OECD ortancası: bugünkü 37 üye, Türkiye hariç"
2025,v2x_corr,0.804,0.06,"V-Dem v16 (Coppedge vd. 2026); OECD ortancası: bugünkü 37 üye, Türkiye hariç"
1923,v2x_libdem,0.102,0.512,"V-Dem v16 (Coppedge vd. 2026); OECD ortancası: bugünkü 37 üye, Türkiye hariç"
1924,v2x_libdem,0.12,0.514,"V-Dem v16 (Coppedge vd. 2026); OECD ortancası: bugünkü 37 üye, Türkiye hariç"
1925,v2x_libdem,0.096,0.514,"V-Dem v16 (Coppedge vd. 2026); OECD ortancası: bugünkü 37 üye, Türkiye hariç"
1926,v2x_libdem,0.096,0.504,"V-Dem v16 (Coppedge vd. 2026); OECD ortancası: bugünkü 37 üye, Türkiye hariç"
1927,v2x_libdem,0.096,0.504,"V-Dem v16 (Coppedge vd. 2026); OECD ortancası: bugünkü 37 üye, Türkiye hariç"
1928,v2x_libdem,0.098,0.498,"V-Dem v16 (Coppedge vd. 2026); OECD ortancası: bugünkü 37 üye, Türkiye hariç"
1929,v2x_libdem,0.097,0.497,"V-Dem v16 (Coppedge vd. 2026); OECD ortancası: bugünkü 37 üye, Türkiye hariç"
1930,v2x_libdem,0.097,0.483,"V-Dem v16 (Coppedge vd. 2026); OECD ortancası: bugünkü 37 üye, Türkiye hariç"
1931,v2x_libdem,0.104,0.479,"V-Dem v16 (Coppedge vd. 2026); OECD ortancası: bugünkü 37 üye, Türkiye hariç"
1932,v2x_libdem,0.104,0.479,"V-Dem v16 (Coppedge vd. 2026); OECD ortancası: bugünkü 37 üye, Türkiye hariç"
1933,v2x_libdem,0.104,0.462,"V-Dem v16 (Coppedge vd. 2026); OECD ortancası: bugünkü 37 üye, Türkiye hariç"
1934,v2x_libdem,0.104,0.419,"V-Dem v16 (Coppedge vd. 2026); OECD ortancası: bugünkü 37 üye, Türkiye hariç"
1935,v2x_libdem,0.104,0.419,"V-Dem v16 (Coppedge vd. 2026); OECD ortancası: bugünkü 37 üye, Türkiye hariç"
1936,v2x_libdem,0.104,0.393,"V-Dem v16 (Coppedge vd. 2026); OECD ortancası: bugünkü 37 üye, Türkiye hariç"
1937,v2x_libdem,0.104,0.36,"V-Dem v16 (Coppedge vd. 2026); OECD ortancası: bugünkü 37 üye, Türkiye hariç"
1938,v2x_libdem,0.104,0.446,"V-Dem v16 (Coppedge vd. 2026); OECD ortancası: bugünkü 37 üye, Türkiye hariç"
1939,v2x_libdem,0.104,0.361,"V-Dem v16 (Coppedge vd. 2026); OECD ortancası: bugünkü 37 üye, Türkiye hariç"
1940,v2x_libdem,0.104,0.221,"V-Dem v16 (Coppedge vd. 2026); OECD ortancası: bugünkü 37 üye, Türkiye hariç"
1941,v2x_libdem,0.101,0.192,"V-Dem v16 (Coppedge vd. 2026); OECD ortancası: bugünkü 37 üye, Türkiye hariç"
1942,v2x_libdem,0.101,0.191,"V-Dem v16 (Coppedge vd. 2026); OECD ortancası: bugünkü 37 üye, Türkiye hariç"
1943,v2x_libdem,0.106,0.19,"V-Dem v16 (Coppedge vd. 2026); OECD ortancası: bugünkü 37 üye, Türkiye hariç"
1944,v2x_libdem,0.106,0.168,"V-Dem v16 (Coppedge vd. 2026); OECD ortancası: bugünkü 37 üye, Türkiye hariç"
1945,v2x_libdem,0.108,0.229,"V-Dem v16 (Coppedge vd. 2026); OECD ortancası: bugünkü 37 üye, Türkiye hariç"
1946,v2x_libdem,0.137,0.469,"V-Dem v16 (Coppedge vd. 2026); OECD ortancası: bugünkü 37 üye, Türkiye hariç"
1947,v2x_libdem,0.146,0.54,"V-Dem v16 (Coppedge vd. 2026); OECD ortancası: bugünkü 37 üye, Türkiye hariç"
1948,v2x_libdem,0.147,0.51,"V-Dem v16 (Coppedge vd. 2026); OECD ortancası: bugünkü 37 üye, Türkiye hariç"
1949,v2x_libdem,0.146,0.588,"V-Dem v16 (Coppedge vd. 2026); OECD ortancası: bugünkü 37 üye, Türkiye hariç"
1950,v2x_libdem,0.188,0.592,"V-Dem v16 (Coppedge vd. 2026); OECD ortancası: bugünkü 37 üye, Türkiye hariç"
1951,v2x_libdem,0.225,0.592,"V-Dem v16 (Coppedge vd. 2026); OECD ortancası: bugünkü 37 üye, Türkiye hariç"
1952,v2x_libdem,0.225,0.592,"V-Dem v16 (Coppedge vd. 2026); OECD ortancası: bugünkü 37 üye, Türkiye hariç"
1953,v2x_libdem,0.23,0.627,"V-Dem v16 (Coppedge vd. 2026); OECD ortancası: bugünkü 37 üye, Türkiye hariç"
1954,v2x_libdem,0.23,0.624,"V-Dem v16 (Coppedge vd. 2026); OECD ortancası: bugünkü 37 üye, Türkiye hariç"
1955,v2x_libdem,0.218,0.625,"V-Dem v16 (Coppedge vd. 2026); OECD ortancası: bugünkü 37 üye, Türkiye hariç"
1956,v2x_libdem,0.203,0.636,"V-Dem v16 (Coppedge vd. 2026); OECD ortancası: bugünkü 37 üye, Türkiye hariç"
1957,v2x_libdem,0.203,0.639,"V-Dem v16 (Coppedge vd. 2026); OECD ortancası: bugünkü 37 üye, Türkiye hariç"
1958,v2x_libdem,0.2,0.639,"V-Dem v16 (Coppedge vd. 2026); OECD ortancası: bugünkü 37 üye, Türkiye hariç"
1959,v2x_libdem,0.2,0.643,"V-Dem v16 (Coppedge vd. 2026); OECD ortancası: bugünkü 37 üye, Türkiye hariç"
1960,v2x_libdem,0.133,0.655,"V-Dem v16 (Coppedge vd. 2026); OECD ortancası: bugünkü 37 üye, Türkiye hariç"
1961,v2x_libdem,0.115,0.658,"V-Dem v16 (Coppedge vd. 2026); OECD ortancası: bugünkü 37 üye, Türkiye hariç"
1962,v2x_libdem,0.231,0.662,"V-Dem v16 (Coppedge vd. 2026); OECD ortancası: bugünkü 37 üye, Türkiye hariç"
1963,v2x_libdem,0.245,0.677,"V-Dem v16 (Coppedge vd. 2026); OECD ortancası: bugünkü 37 üye, Türkiye hariç"
1964,v2x_libdem,0.252,0.677,"V-Dem v16 (Coppedge vd. 2026); OECD ortancası: bugünkü 37 üye, Türkiye hariç"
1965,v2x_libdem,0.259,0.678,"V-Dem v16 (Coppedge vd. 2026); OECD ortancası: bugünkü 37 üye, Türkiye hariç"
1966,v2x_libdem,0.363,0.683,"V-Dem v16 (Coppedge vd. 2026); OECD ortancası: bugünkü 37 üye, Türkiye hariç"
1967,v2x_libdem,0.396,0.688,"V-Dem v16 (Coppedge vd. 2026); OECD ortancası: bugünkü 37 üye, Türkiye hariç"
1968,v2x_libdem,0.396,0.688,"V-Dem v16 (Coppedge vd. 2026); OECD ortancası: bugünkü 37 üye, Türkiye hariç"
1969,v2x_libdem,0.395,0.703,"V-Dem v16 (Coppedge vd. 2026); OECD ortancası: bugünkü 37 üye, Türkiye hariç"
1970,v2x_libdem,0.369,0.712,"V-Dem v16 (Coppedge vd. 2026); OECD ortancası: bugünkü 37 üye, Türkiye hariç"
1971,v2x_libdem,0.283,0.714,"V-Dem v16 (Coppedge vd. 2026); OECD ortancası: bugünkü 37 üye, Türkiye hariç"
1972,v2x_libdem,0.291,0.721,"V-Dem v16 (Coppedge vd. 2026); OECD ortancası: bugünkü 37 üye, Türkiye hariç"
1973,v2x_libdem,0.31,0.726,"V-Dem v16 (Coppedge vd. 2026); OECD ortancası: bugünkü 37 üye, Türkiye hariç"
1974,v2x_libdem,0.38,0.734,"V-Dem v16 (Coppedge vd. 2026); OECD ortancası: bugünkü 37 üye, Türkiye hariç"
1975,v2x_libdem,0.38,0.734,"V-Dem v16 (Coppedge vd. 2026); OECD ortancası: bugünkü 37 üye, Türkiye hariç"
1976,v2x_libdem,0.383,0.734,"V-Dem v16 (Coppedge vd. 2026); OECD ortancası: bugünkü 37 üye, Türkiye hariç"
1977,v2x_libdem,0.378,0.742,"V-Dem v16 (Coppedge vd. 2026); OECD ortancası: bugünkü 37 üye, Türkiye hariç"
1978,v2x_libdem,0.376,0.742,"V-Dem v16 (Coppedge vd. 2026); OECD ortancası: bugünkü 37 üye, Türkiye hariç"
1979,v2x_libdem,0.375,0.747,"V-Dem v16 (Coppedge vd. 2026); OECD ortancası: bugünkü 37 üye, Türkiye hariç"
1980,v2x_libdem,0.196,0.76,"V-Dem v16 (Coppedge vd. 2026); OECD ortancası: bugünkü 37 üye, Türkiye hariç"
1981,v2x_libdem,0.055,0.764,"V-Dem v16 (Coppedge vd. 2026); OECD ortancası: bugünkü 37 üye, Türkiye hariç"
1982,v2x_libdem,0.061,0.77,"V-Dem v16 (Coppedge vd. 2026); OECD ortancası: bugünkü 37 üye, Türkiye hariç"
1983,v2x_libdem,0.136,0.771,"V-Dem v16 (Coppedge vd. 2026); OECD ortancası: bugünkü 37 üye, Türkiye hariç"
1984,v2x_libdem,0.282,0.772,"V-Dem v16 (Coppedge vd. 2026); OECD ortancası: bugünkü 37 üye, Türkiye hariç"
1985,v2x_libdem,0.282,0.771,"V-Dem v16 (Coppedge vd. 2026); OECD ortancası: bugünkü 37 üye, Türkiye hariç"
1986,v2x_libdem,0.283,0.772,"V-Dem v16 (Coppedge vd. 2026); OECD ortancası: bugünkü 37 üye, Türkiye hariç"
1987,v2x_libdem,0.286,0.778,"V-Dem v16 (Coppedge vd. 2026); OECD ortancası: bugünkü 37 üye, Türkiye hariç"
1988,v2x_libdem,0.321,0.778,"V-Dem v16 (Coppedge vd. 2026); OECD ortancası: bugünkü 37 üye, Türkiye hariç"
1989,v2x_libdem,0.321,0.778,"V-Dem v16 (Coppedge vd. 2026); OECD ortancası: bugünkü 37 üye, Türkiye hariç"
1990,v2x_libdem,0.348,0.778,"V-Dem v16 (Coppedge vd. 2026); OECD ortancası: bugünkü 37 üye, Türkiye hariç"
1991,v2x_libdem,0.361,0.784,"V-Dem v16 (Coppedge vd. 2026); OECD ortancası: bugünkü 37 üye, Türkiye hariç"
1992,v2x_libdem,0.369,0.787,"V-Dem v16 (Coppedge vd. 2026); OECD ortancası: bugünkü 37 üye, Türkiye hariç"
1993,v2x_libdem,0.368,0.79,"V-Dem v16 (Coppedge vd. 2026); OECD ortancası: bugünkü 37 üye, Türkiye hariç"
1994,v2x_libdem,0.371,0.792,"V-Dem v16 (Coppedge vd. 2026); OECD ortancası: bugünkü 37 üye, Türkiye hariç"
1995,v2x_libdem,0.373,0.793,"V-Dem v16 (Coppedge vd. 2026); OECD ortancası: bugünkü 37 üye, Türkiye hariç"
1996,v2x_libdem,0.382,0.797,"V-Dem v16 (Coppedge vd. 2026); OECD ortancası: bugünkü 37 üye, Türkiye hariç"
1997,v2x_libdem,0.391,0.798,"V-Dem v16 (Coppedge vd. 2026); OECD ortancası: bugünkü 37 üye, Türkiye hariç"
1998,v2x_libdem,0.389,0.798,"V-Dem v16 (Coppedge vd. 2026); OECD ortancası: bugünkü 37 üye, Türkiye hariç"
1999,v2x_libdem,0.413,0.798,"V-Dem v16 (Coppedge vd. 2026); OECD ortancası: bugünkü 37 üye, Türkiye hariç"
2000,v2x_libdem,0.425,0.8,"V-Dem v16 (Coppedge vd. 2026); OECD ortancası: bugünkü 37 üye, Türkiye hariç"
2001,v2x_libdem,0.431,0.801,"V-Dem v16 (Coppedge vd. 2026); OECD ortancası: bugünkü 37 üye, Türkiye hariç"
2002,v2x_libdem,0.487,0.802,"V-Dem v16 (Coppedge vd. 2026); OECD ortancası: bugünkü 37 üye, Türkiye hariç"
2003,v2x_libdem,0.498,0.802,"V-Dem v16 (Coppedge vd. 2026); OECD ortancası: bugünkü 37 üye, Türkiye hariç"
2004,v2x_libdem,0.502,0.802,"V-Dem v16 (Coppedge vd. 2026); OECD ortancası: bugünkü 37 üye, Türkiye hariç"
2005,v2x_libdem,0.484,0.804,"V-Dem v16 (Coppedge vd. 2026); OECD ortancası: bugünkü 37 üye, Türkiye hariç"
2006,v2x_libdem,0.483,0.806,"V-Dem v16 (Coppedge vd. 2026); OECD ortancası: bugünkü 37 üye, Türkiye hariç"
2007,v2x_libdem,0.461,0.807,"V-Dem v16 (Coppedge vd. 2026); OECD ortancası: bugünkü 37 üye, Türkiye hariç"
2008,v2x_libdem,0.411,0.816,"V-Dem v16 (Coppedge vd. 2026); OECD ortancası: bugünkü 37 üye, Türkiye hariç"
2009,v2x_libdem,0.403,0.814,"V-Dem v16 (Coppedge vd. 2026); OECD ortancası: bugünkü 37 üye, Türkiye hariç"
2010,v2x_libdem,0.36,0.816,"V-Dem v16 (Coppedge vd. 2026); OECD ortancası: bugünkü 37 üye, Türkiye hariç"
2011,v2x_libdem,0.354,0.818,"V-Dem v16 (Coppedge vd. 2026); OECD ortancası: bugünkü 37 üye, Türkiye hariç"
2012,v2x_libdem,0.346,0.814,"V-Dem v16 (Coppedge vd. 2026); OECD ortancası: bugünkü 37 üye, Türkiye hariç"
2013,v2x_libdem,0.289,0.807,"V-Dem v16 (Coppedge vd. 2026); OECD ortancası: bugünkü 37 üye, Türkiye hariç"
2014,v2x_libdem,0.252,0.805,"V-Dem v16 (Coppedge vd. 2026); OECD ortancası: bugünkü 37 üye, Türkiye hariç"
2015,v2x_libdem,0.23,0.804,"V-Dem v16 (Coppedge vd. 2026); OECD ortancası: bugünkü 37 üye, Türkiye hariç"
2016,v2x_libdem,0.143,0.793,"V-Dem v16 (Coppedge vd. 2026); OECD ortancası: bugünkü 37 üye, Türkiye hariç"
2017,v2x_libdem,0.101,0.793,"V-Dem v16 (Coppedge vd. 2026); OECD ortancası: bugünkü 37 üye, Türkiye hariç"
2018,v2x_libdem,0.104,0.793,"V-Dem v16 (Coppedge vd. 2026); OECD ortancası: bugünkü 37 üye, Türkiye hariç"
2019,v2x_libdem,0.107,0.784,"V-Dem v16 (Coppedge vd. 2026); OECD ortancası: bugünkü 37 üye, Türkiye hariç"
2020,v2x_libdem,0.115,0.786,"V-Dem v16 (Coppedge vd. 2026); OECD ortancası: bugünkü 37 üye, Türkiye hariç"
2021,v2x_libdem,0.113,0.777,"V-Dem v16 (Coppedge vd. 2026); OECD ortancası: bugünkü 37 üye, Türkiye hariç"
2022,v2x_libdem,0.11,0.769,"V-Dem v16 (Coppedge vd. 2026); OECD ortancası: bugünkü 37 üye, Türkiye hariç"
2023,v2x_libdem,0.108,0.775,"V-Dem v16 (Coppedge vd. 2026); OECD ortancası: bugünkü 37 üye, Türkiye hariç"
2024,v2x_libdem,0.109,0.759,"V-Dem v16 (Coppedge vd. 2026); OECD ortancası: bugünkü 37 üye, Türkiye hariç"
2025,v2x_libdem,0.11,0.751,"V-Dem v16 (Coppedge vd. 2026); OECD ortancası: bugünkü 37 üye, Türkiye hariç"
