plan_no,sorun_id,gosterge,hedef_degeri,birim,hedef_yili,gerceklesme,gerceklesme_donemi,eslesme,kaynak,not,alinti,nitelik,nitelik_kaynagi
3,S01,Orta öğretim ikinci devre okullaşma oranı,25,%,1977,24.6,1977-1978,ayni_olcu,"Dördüncü Beş Yıllık Kalkınma Planı (1979-1983), DPT; veri/ham/planlar/04_1979-1983.pdf, PDF s. 266 (paragraf 701); ayrıntı PDF s. 455 Tablo 246","Orta öğretim II. devre = lise düzeyi, 16-18 yaş (IV. Plan Tablo 244 ve 247). Tablo 246: genel lise 14,6 + meslekî-teknik lise 10,0. III. Plan'ın kendi hedef tablosu (Tablo 588) 1977-1978 için 24,9 verir; hedef tutmadı.","1977 - 1978 öğretim yılında ... Ortaöğretimde yüzde 24,6",hedef,X/XI dışı: 03-v1.2 sınıflaması (tablo başlığı ve cümle); 01.10.2026 güncellemesinde yeniden sınanmadı
3,S01,Yüksek öğretim okullaşma oranı,9,%,1977,10.1,1977-1978,ayni_olcu,"Dördüncü Beş Yıllık Kalkınma Planı (1979-1983), DPT; veri/ham/planlar/04_1979-1983.pdf, PDF s. 466 (paragraf 1623)","19-22 yaş (IV. Plan Tablo 262 çağ nüfusu). Plan metni kendi karşılaştırmasını yapıyor. DİKKAT: bu gösterge adı, aynı plandaki '(uzun dönem perspektif)' satırının başı; kod/plan_gerceklesme.py'deki startswith eşleştirmesi iki satır bulur.","Yükseköğretimde 1977 - 78 öğretim yılında okullaşma oranı yüzde 10,1 olarak gerçekleşmiş ve Üçüncü Plan hedefi aşılmıştır.",hedef,X/XI dışı: 03-v1.2 sınıflaması (tablo başlığı ve cümle); 01.10.2026 güncellemesinde yeniden sınanmadı
4,S01,Orta öğretim okullaşma oranı,37,%,1983,27.9,1983-1984,yakin_olcu,"Kalkınma Bakanlığı / SBB, Ekonomik ve Sosyal Göstergeler (1950-2014), Tablo 8.19 Brüt Okullaşma Oranları, s. 262 (PDF s. 281); https://www.sbb.gov.tr/wp-content/uploads/2018/11/Ekonomik_ve_Sosyal_Gostergeler_1950_2014.pdf (aynı tablo xls: https://www.sbb.gov.tr/wp-content/uploads/2019/01/T-8.19-Br%C3%BCt-Okulla%C5%9Fma-Oranlar%C4%B1.xls)","SBB serisi yaş grubunu yazmıyor; IV. Plan hedefi 16-18 yaş. V. Plan Tablo 99 (15-17 yaş) aynı yıl için 30,7 verir, ancak V. Plan'ın 1983-84 satırları geçiş programı hedefi olabilir. İki değer de hedefin (37) çok altında; sonuç değişmiyor.","Lise ve Dengi Okul ... 1983-1984: 27,9",hedef,X/XI dışı: 03-v1.2 sınıflaması (tablo başlığı ve cümle); 01.10.2026 güncellemesinde yeniden sınanmadı
4,S01,Yüksek öğretim okullaşma oranı,15,%,1983,8.0,1983-1984,yakin_olcu,"Kalkınma Bakanlığı / SBB, Ekonomik ve Sosyal Göstergeler (1950-2014), Tablo 8.19 Brüt Okullaşma Oranları, s. 262 (PDF s. 281); https://www.sbb.gov.tr/wp-content/uploads/2018/11/Ekonomik_ve_Sosyal_Gostergeler_1950_2014.pdf (aynı tablo xls: https://www.sbb.gov.tr/wp-content/uploads/2019/01/T-8.19-Br%C3%BCt-Okulla%C5%9Fma-Oranlar%C4%B1.xls)","Toplam = açıköğretim 1,0 + örgün 7,0. Yaş grubu yazılmıyor; IV. Plan hedefi 19-22 yaş. V. Plan Tablo 102 (18-21 yaş, açıköğretim dahil) 1983-84 için 8,8 verir. İki değer de hedefin (15) çok altında.","Yükseköğretim: Toplam ... 1983-1984: 8,0",hedef,X/XI dışı: 03-v1.2 sınıflaması (tablo başlığı ve cümle); 01.10.2026 güncellemesinde yeniden sınanmadı
4,S01,Temel eğitim ikinci kademe kapsama oranı,60,% (çağ nüfusu),1983,46.6,1983-1984,yakin_olcu,"Kalkınma Bakanlığı / SBB, Ekonomik ve Sosyal Göstergeler (1950-2014), Tablo 8.19 Brüt Okullaşma Oranları, s. 262 (PDF s. 281); https://www.sbb.gov.tr/wp-content/uploads/2018/11/Ekonomik_ve_Sosyal_Gostergeler_1950_2014.pdf (aynı tablo xls: https://www.sbb.gov.tr/wp-content/uploads/2019/01/T-8.19-Br%C3%BCt-Okulla%C5%9Fma-Oranlar%C4%B1.xls)","Brüt ortaokul okullaşma oranı. Yaş grubu yazılmıyor; IV. Plan 13-15 yaş kullanıyor (Tablo 243). V. Plan Tablo 98 (12-14 yaş, genel + meslekî-teknik ortaokul) 1983-84 için 47,4 verir. İki değer de hedefin (60) altında.","Ortaokul ... 1983-1984: 46,6",hedef,X/XI dışı: 03-v1.2 sınıflaması (tablo başlığı ve cümle); 01.10.2026 güncellemesinde yeniden sınanmadı
5,S01,Okul öncesi (5-6 yaş) okullaşma oranı,10,%,1989,4.2,1988-1989,ayni_olcu,"Altıncı Beş Yıllık Kalkınma Planı (1990-1994), DPT; veri/ham/planlar/06_1990-1994.pdf, PDF s. 306, Tablo 194 Okul Öncesi Eğitimde Hedefler","Aynı yaş grubu (5-6). Değer VI. Plan hedef tablosunun başlangıç satırı (plan 1989'da hazırlandı, 1988-89 gerçekleşmiş yıl). V. Plan hedefi 1988-89 için %10.","1988 - 1989 2.450 102 4,2",hedef,X/XI dışı: 03-v1.2 sınıflaması (tablo başlığı ve cümle); 01.10.2026 güncellemesinde yeniden sınanmadı
5,S01,Yükseköğretim okullaşma oranı,12,%,1989,12.4,1988-1989,ayni_olcu,"Altıncı Beş Yıllık Kalkınma Planı (1990-1994), DPT; veri/ham/planlar/06_1990-1994.pdf, PDF s. 308, Tablo 197 Yüksek Öğretimde Hedefler","18-21 yaş, açıköğretim dahil (V. Plan Tablo 102 ile aynı kapsam). VI. Plan hedef tablosunun başlangıç satırı. SBB Tablo 8.19 aynı yıl için 12,8 verir; iki değer de hedefi (12) aşıyor.","1988-89 4.362 12,4 544",hedef,X/XI dışı: 03-v1.2 sınıflaması (tablo başlığı ve cümle); 01.10.2026 güncellemesinde yeniden sınanmadı
5,S01,Lise (toplam) okullaşma oranı,39.4,%,1988-89,35.2,1988-1989,ayni_olcu,"Altıncı Beş Yıllık Kalkınma Planı (1990-1994), DPT; veri/ham/planlar/06_1990-1994.pdf, PDF s. 307, Tablo 196 Orta Öğretimde Sayısal Hedefler","15-17 yaş, genel + meslekî (V. Plan Tablo 99 ile aynı). VI. Plan hedef tablosunun başlangıç satırı; SBB Tablo 8.19 de 35,2 verir.","1988-89 3.611 741 531 1.272 20,5 14,7 35,2",hedef,X/XI dışı: 03-v1.2 sınıflaması (tablo başlığı ve cümle); 01.10.2026 güncellemesinde yeniden sınanmadı
6,S01,Okul öncesi eğitim okullaşma oranı,"11,5",%,1993-1994,6.6,1993-1994,ayni_olcu,"DPT, Yedinci Beş Yıllık Kalkınma Planı 1996 Yılı Programı, Tablo II.1 Eğitim Kademelerinde Öğrenci Sayıları ve Okullaşma Oranları, s. 22 (PDF s. 48); https://www.sbb.gov.tr/wp-content/uploads/2022/07/1996_Yili_Programi.pdf","Dipnot (1): 1993-1994'te 5-6 yaş grubu esas alınmış; VI. Plan hedefi de 5-6 yaş (Tablo 194). VII. Plan 1994-95 için 4-6 yaşa geçer (5,1).","Okul Öncesi Eğitim 175 200 6,6 (1)",hedef,X/XI dışı: 03-v1.2 sınıflaması (tablo başlığı ve cümle); 01.10.2026 güncellemesinde yeniden sınanmadı
6,S01,Orta öğretim okullaşma oranı,"45,2",%,1993-1994,49.4,1993-1994,ayni_olcu,"DPT, Yedinci Beş Yıllık Kalkınma Planı 1996 Yılı Programı, Tablo II.1 Eğitim Kademelerinde Öğrenci Sayıları ve Okullaşma Oranları, s. 22 (PDF s. 48); https://www.sbb.gov.tr/wp-content/uploads/2022/07/1996_Yili_Programi.pdf","Genel + meslekî-teknik lise (29,2 + 20,2). SBB Tablo 8.19 'Lise ve Dengi Okul' 1993-1994 için 47,7 verir; iki değer de hedefi (45,2) aşıyor.","Ortaöğretim 1 954 750 49,4",hedef,X/XI dışı: 03-v1.2 sınıflaması (tablo başlığı ve cümle); 01.10.2026 güncellemesinde yeniden sınanmadı
6,S01,Yükseköğretim okullaşma oranı (açıköğretim dahil),"15,0",%,1993-1994,21.6,1993-1994,yakin_olcu,"DPT, Yedinci Beş Yıllık Kalkınma Planı 1996 Yılı Programı, Tablo II.1 Eğitim Kademelerinde Öğrenci Sayıları ve Okullaşma Oranları, s. 22 (PDF s. 48); https://www.sbb.gov.tr/wp-content/uploads/2022/07/1996_Yili_Programi.pdf","Örgün 12,1 + açıköğretim 9,5. Yaş grubu yazılmıyor (VI. Plan hedefi 18-21). SBB Tablo 8.19 aynı yıl için 22,2 verir. Açıköğretim sayımı kaynaklar arasında değişiyor (VII. Plan 1994-95 için açık 14,2, 1996 Programı 9,5); hedef (15) her durumda aşılmış.","Yükseköğretim 1 053 765 21,6",hedef,X/XI dışı: 03-v1.2 sınıflaması (tablo başlığı ve cümle); 01.10.2026 güncellemesinde yeniden sınanmadı
7,S01,Ortaöğretim okullaşma oranı,"75,0",%,2000-2001,53.5,2000-2001,yakin_olcu,"DPT, Sekizinci Beş Yıllık Kalkınma Planı 2002 Yılı Programı, Tablo VI.2 Eğitim Kademelerinde Öğrenci Sayıları ve Okullaşma Oranları, s. 150 (PDF s. 173); https://www.sbb.gov.tr/wp-content/uploads/2022/07/2002_Yili_Programi.pdf","Açık lise hariç (örgün) değer alındı: VII. Plan'ın 1994-95 başlangıcı (53,0) açık liseyi içermiyor (SBB Tablo 8.19 dipnot 3: açık öğretim 1997-98'den itibaren dahil). Açık lise dahil toplam 64,0; MEB brüt ortaöğretim 2000/'01 60,97. Üç değer de hedefin (75) altında.","Örgün ortaöğretimde okullaşma oranı yüzde 53,5’tir.",hedef,X/XI dışı: 03-v1.2 sınıflaması (tablo başlığı ve cümle); 01.10.2026 güncellemesinde yeniden sınanmadı
8,S01,Okul öncesi eğitim okullaşma oranı,"25,0",%,2005,19.9,2005-2006,yakin_olcu,"DPT, Dokuzuncu Kalkınma Planı 2007 Yılı Programı, Tablo IV.38 Eğitim Kademeleri İtibarıyla Okullaşma Oranları, s. 190 (PDF s. 215); https://www.sbb.gov.tr/wp-content/uploads/2022/07/2007_Yili_Programi.pdf","2007 Programı dipnotu: 4-5 yaş. VIII. Plan yaş grubu yazmıyor; başlangıç değeri 9,8 (1999-2000) SBB Tablo 8.19'da 4-5 yaş olarak, 2001 Yılı Programı'nda ise '5-6 yaş' olarak etiketli. 2005 hedefi Plan'ın son yılının öğretim yılı (2005-2006) olarak alındı; 2004-2005 = 15,3. IX. Plan ÖİK raporu da %25'in 2005'te tutmadığını söyler.","Okul Öncesi Eğitim (1) 358 13,2 435 15,3 550 19,9",hedef,X/XI dışı: 03-v1.2 sınıflaması (tablo başlığı ve cümle); 01.10.2026 güncellemesinde yeniden sınanmadı
8,S01,Ortaöğretim okullaşma oranı,"75,0",%,2005,85.2,2005-2006,yakin_olcu,"DPT, Dokuzuncu Kalkınma Planı 2007 Yılı Programı, Tablo IV.38 Eğitim Kademeleri İtibarıyla Okullaşma Oranları, s. 190 (PDF s. 215); https://www.sbb.gov.tr/wp-content/uploads/2022/07/2007_Yili_Programi.pdf","Açık lise dahil (dipnot 2), VIII. Plan başlangıcı (59,4) da açık liseyi içeriyor (2002 Programı Tablo VI.2 dipnotu). Fark: 2005-06'da lise 4 yıla çıktı, oran 14-17 yaşa göre (2006 Programı Tablo V.1 dipnotu); VIII. Plan 15-17. 2004-2005 = 81,0; ikisi de hedefi (75) aşıyor, ancak bu, 2002-03'teki açık lise artışına dayanıyor (örgün değer bulunamadı).","Ortaöğretim (2) 3 015 81,0 3 047 81,0 3 259 85,2",hedef,X/XI dışı: 03-v1.2 sınıflaması (tablo başlığı ve cümle); 01.10.2026 güncellemesinde yeniden sınanmadı
8,S01,Yükseköğretim okullaşma oranı (yüksek lisans dahil),"37,3",%,2005,43.4,2005-2006,yakin_olcu,"DPT, Dokuzuncu Kalkınma Planı 2007 Yılı Programı, Tablo IV.38 Eğitim Kademeleri İtibarıyla Okullaşma Oranları, s. 190 (PDF s. 215); https://www.sbb.gov.tr/wp-content/uploads/2022/07/2007_Yili_Programi.pdf","Kapsam farkı: 2007 Programı'nda lisansüstü hariç, 17-20 yaş; VIII. Plan hedefi yüksek lisans dahil. Lisansüstü eklenirse oran daha yüksek olur, yani hedef (37,3) her durumda aşılmış. 2004-2005 = 38,4.","Yükseköğretim Toplam (3) ... 43,4",hedef,X/XI dışı: 03-v1.2 sınıflaması (tablo başlığı ve cümle); 01.10.2026 güncellemesinde yeniden sınanmadı
9,S01,"Pre-school education schooling rate (4-5 age, gross)",50.0,%,2012/2013,44.0,2012-2013,ayni_olcu,"Onuncu Kalkınma Planı (2014-2018), Kalkınma Bakanlığı; veri/ham/planlar/10_2014-2018.pdf, PDF s. 42 (paragraf 138)","4-5 yaş brüt (X. Plan Tablo 2). MEB Örgün Eğitim 2012-2013 Tablo 1.2: 44,04.",2012-2013 eğitim öğretim yılında okul öncesi eğitimde yüzde 44,hedef,X/XI dışı: 03-v1.2 sınıflaması (tablo başlığı ve cümle); 01.10.2026 güncellemesinde yeniden sınanmadı
9,S01,Secondary education schooling rate (gross),100.0,%,2012/2013,96.8,2012-2013,ayni_olcu,"Onuncu Kalkınma Planı (2014-2018), Kalkınma Bakanlığı; veri/ham/planlar/10_2014-2018.pdf, PDF s. 42 (paragraf 138)","Brüt. 2012-13'te ortaöğretim 4 yıllık, 14-17 yaş; IX. Plan başlangıcı (85,2, 2005/06) da 14-17 yaşa göre. MEB 2012/'13 brüt ortaöğretim 96,77.","ve ortaöğretimde yüzde 96,8 olarak gerçekleşmiştir",hedef,X/XI dışı: 03-v1.2 sınıflaması (tablo başlığı ve cümle); 01.10.2026 güncellemesinde yeniden sınanmadı
9,S01,"Higher education schooling rate, total (gross)",48.0,%,2012/2013,92.1,2012-2013,yakin_olcu,"Kalkınma Bakanlığı / SBB, Ekonomik ve Sosyal Göstergeler (1950-2014), Tablo 8.19 Brüt Okullaşma Oranları, s. 262 (PDF s. 281); https://www.sbb.gov.tr/wp-content/uploads/2018/11/Ekonomik_ve_Sosyal_Gostergeler_1950_2014.pdf (aynı tablo xls: https://www.sbb.gov.tr/wp-content/uploads/2019/01/T-8.19-Br%C3%BCt-Okulla%C5%9Fma-Oranlar%C4%B1.xls)","Örgün + açıköğretim. IX. Plan tanımı: lisansüstü hariç, 17-20 yaş; SBB serisi 2004-05 için IX. Plan başlangıcıyla aynı (38,4), ancak sonraki yıllarda yaş grubu yazılmıyor (2019 Programı 18-22 kullanıyor). X. Plan (PDF s. 43, paragraf 139) 2011-12 için 81,6 verir ve 'Dokuzuncu Kalkınma Planı hedefleri aşılmıştır' der. MEB tablosunun farklı tanımlı değeri (74,86) kullanılmadı.","Yükseköğretim: Toplam ... 2012-2013: 92,1",hedef,X/XI dışı: 03-v1.2 sınıflaması (tablo başlığı ve cümle); 01.10.2026 güncellemesinde yeniden sınanmadı
10,S01,Okul öncesi (4-5 yaş) brüt okullaşma oranı,"70,0",%,2018,57.91,2018/2019,ayni_olcu,"MEB SGB, Millî Eğitim İstatistikleri: Örgün Eğitim 2023/'24, Tablo 1.1.a Öğretim yılı ve eğitim seviyesine göre okullaşma oranı, s. 1 (PDF s. 28); https://sgb.meb.gov.tr/meb_iys_dosyalar/2025_10/16093144_meb_istatistikleri_orgun_egitim_2023_20241.pdf","X. Plan'da '2012' sütunu 2012-2013 öğretim yılı (paragraf 138: %44), dolayısıyla 2018 = 2018-2019. 2020 Yılı Cumhurbaşkanlığı Yıllık Programı da 2018-2019 için %57,9 verir. 2017/'18 = 57,64.","2018/'19 ... Brüt - Gross 4-5 Yaş 57,91",tahmin,"X Tablo 2 (PDF 44), dipnot: '2013 ve 2018 yılı verileri Onuncu Kalkınma Planı tahminleridir'"
11,S01,5 yaş net okullaşma oranı,"100,0",%,2023,87.17,2022/2023,yakin_olcu,"MEB SGB, Millî Eğitim İstatistikleri: Örgün Eğitim 2022/'23, Tablo 1.1.b Öğretim yılı ve yaş gruplarına göre NET okullaşma oranı, s. 1 (PDF s. 28); https://sgb.meb.gov.tr/meb_iys_dosyalar/2023_09/29151106_meb_istatistikleri_orgun_egitim_2022_2023.pdf","Yaşa göre net oran (kademeden bağımsız). XI. Plan'ın 2018 başlangıcı (75,1) bu tablonun 2017/'18 değeriyle (75,14) aynı; bu yüzden 2023 = 2022/'23. Kapsam farkı: 2022/'23'ten itibaren yabancı uyruklular hariç (Not 3). 2023/'24 = 86,24. Kademeye göre 5 yaş net oran (Tablo 1.1.a) 84,95 ile karıştırılmamalı.","2022/'23 Toplam - Total ... 5 Yaş 87,17",tahmin,"XI Tablo 33 (PDF 137), dipnot: '2023 yılı verileri On Birinci Kalkınma Planı tahminleridir'"
11,S01,"Okullaşma oranı, kadın (yükseköğrenim)",60,%,2023,51.19,2022/2023,yakin_olcu,"MEB SGB, Millî Eğitim İstatistikleri: Örgün Eğitim 2022/'23, Tablo 1.1.a Öğretim yılı ve eğitim seviyesine göre okullaşma oranı, s. 1 (PDF s. 28); https://sgb.meb.gov.tr/meb_iys_dosyalar/2023_09/29151106_meb_istatistikleri_orgun_egitim_2022_2023.pdf","Yükseköğretim NET, kadın. XI. Plan'ın 2018 değeri (47,4) MEB 2017/'18 net kadın oranıyla (47,36) aynı; brüt değil. XII. Plan Tablo 38 de 2022 için MEB 2021-22 net oranını (49,2) verir. Kapsam farkı: 2022/'23'ten itibaren yabancı uyruklular hariç. 2023/'24 = 53,86.","2022/'23 ... Net - Net ... 46,02 41,06 51,19",tahmin,"XI Tablo 36 (PDF 147), dipnot: '2023 yılı verileri On Birinci Kalkınma Planı tahminleridir'"
3,S02,Ortaöğretim (II. devre) meslekî-teknik okullaşma oranı,"11,5",%,1977-1978,10.0,1977-1978,ayni_olcu,"Dördüncü Beş Yıllık Kalkınma Planı (1979-1983), DPT; veri/ham/planlar/04_1979-1983.pdf, PDF s. 456, Tablo 247 Mesleki ve Teknik Öğretim II. Devresinde Gelişme","16-18 yaş. Tablo 247 aynı satırda III. Plan hedefini (11,5) ve gerçekleşmeyi (10,0) yan yana verir; Tablo 246 (PDF s. 455) da 10,0.","1977 - 1978 2.681,8 308,4 11,5 2.902,0 291,3 10,0",hedef,X/XI dışı: 03-v1.2 sınıflaması (tablo başlığı ve cümle); 01.10.2026 güncellemesinde yeniden sınanmadı
3,S02,Orta öğretim öğrencilerinin meslekî ve teknik liselerdeki payı (perspektif),65,%,1995,42.3,1995,ayni_olcu,"DPT, Dokuzuncu Kalkınma Planı 2007 Yılı Programı, s. 191 (PDF s. 216); https://www.sbb.gov.tr/wp-content/uploads/2022/07/2007_Yili_Programi.pdf","Pay (öğrenci yüzdesi), okullaşma oranı değil; hedef de pay. III. Plan hedefi 1995-1996 için 35/65 (Tablo 588). Kontrol: VIII. Plan Tablo 14 (1995-96: 946 / 2 223 bin öğrenci) aynı tablodaki iki sayıdan %42,6 çıkar; VII. Plan 1994-95 için 'yüzde 42' der.","1995 yılında ortaöğretim içinde mesleki ve teknik ortaöğretimin payı yüzde 42,3",hedef,X/XI dışı: 03-v1.2 sınıflaması (tablo başlığı ve cümle); 01.10.2026 güncellemesinde yeniden sınanmadı
5,S02,Mesleki-teknik liseler okullaşma oranı,20.6,%,1988-89,14.7,1988-1989,ayni_olcu,"Altıncı Beş Yıllık Kalkınma Planı (1990-1994), DPT; veri/ham/planlar/06_1990-1994.pdf, PDF s. 307, Tablo 196 Orta Öğretimde Sayısal Hedefler","15-17 yaş, meslekî okullaşma oranı (V. Plan Tablo 99 ile aynı). VI. Plan hedef tablosunun başlangıç satırı.","1988-89 3.611 741 531 1.272 20,5 14,7 35,2",hedef,X/XI dışı: 03-v1.2 sınıflaması (tablo başlığı ve cümle); 01.10.2026 güncellemesinde yeniden sınanmadı
6,S02,Mesleki-teknik eğitimde okullaşma oranı,"21,2",%,1993-1994,20.2,1993-1994,ayni_olcu,"DPT, Yedinci Beş Yıllık Kalkınma Planı 1996 Yılı Programı, Tablo II.1 Eğitim Kademelerinde Öğrenci Sayıları ve Okullaşma Oranları, s. 22 (PDF s. 48); https://www.sbb.gov.tr/wp-content/uploads/2022/07/1996_Yili_Programi.pdf","Okullaşma oranı (pay değil). VII. Plan 1994-95 için 22,4 verir. Hedef 21,2; 1 puan altında kaldı.","- Mesleki ve Teknik Liseler 800 383 20,2",hedef,X/XI dışı: 03-v1.2 sınıflaması (tablo başlığı ve cümle); 01.10.2026 güncellemesinde yeniden sınanmadı
7,S02,Mesleki ve teknik liseler okullaşma oranı,"34,5",%,2000-2001,22.2,2000-2001,ayni_olcu,"DPT, Sekizinci Beş Yıllık Kalkınma Planı 2002 Yılı Programı, Tablo VI.2 Eğitim Kademelerinde Öğrenci Sayıları ve Okullaşma Oranları, s. 150 (PDF s. 173); https://www.sbb.gov.tr/wp-content/uploads/2022/07/2002_Yili_Programi.pdf","Okullaşma oranı. Aynı tablo 1998-99 için 25,1, 1999-2000 için 22,8 verir (düşüş). Hedef 34,5.","- Mes.ve Teknik Eğitim 999 25,1 925 22,8 903 22,2",hedef,X/XI dışı: 03-v1.2 sınıflaması (tablo başlığı ve cümle); 01.10.2026 güncellemesinde yeniden sınanmadı
8,S02,Mesleki ve teknik eğitimde okullaşma oranı,"35,0",%,2005,30.9,2005-2006,yakin_olcu,"DPT, Dokuzuncu Kalkınma Planı 2007 Yılı Programı, Tablo IV.38 Eğitim Kademeleri İtibarıyla Okullaşma Oranları, s. 190 (PDF s. 215); https://www.sbb.gov.tr/wp-content/uploads/2022/07/2007_Yili_Programi.pdf","2005-06'da ortaöğretim 4 yıla çıktı, oran 14-17 yaşa göre; VIII. Plan 15-17. 2004-2005 = 29,6. Aynı Program 2005-06 için ortaöğretim içindeki meslekî payı %36,3 olarak verir (farklı ölçü, alınmadı).","b) Mes. ve Teknik Eğitim 1 073 28,8 1 113 29,6 1 183 30,9",hedef,X/XI dışı: 03-v1.2 sınıflaması (tablo başlığı ve cümle); 01.10.2026 güncellemesinde yeniden sınanmadı
10,S02,Gençlerde işsizlik oranı,"13,0",%,2018,20.01,2018,yakin_olcu,"Dünya Bankası WDI, SL.UEM.1524.ZS (ILO modellenmiş tahmin)","15–24 yaş, ILO modellenmiş tahmin.",,tahmin,"X Tablo 6 (PDF 58), dipnot: '2013 ve 2018 yılı verileri Onuncu Kalkınma Planı tahminleridir'"
11,S02,"İşsizlik oranı, genç nüfus","17,8",%,2023,17.31,2023,yakin_olcu,"Dünya Bankası WDI, SL.UEM.1524.ZS (ILO modellenmiş tahmin)","15–24 yaş, ILO modellenmiş tahmin.",,tahmin,"XI Tablo 34 (PDF 140), dipnot: '2023 yılı verileri On Birinci Kalkınma Planı tahminleridir'"
11,S02,Genç istihdam oranı (15-24 yaş),"39,5",%,2023,37.7,2023,ayni_olcu,"TÜİK, İstatistiklerle Gençlik 2024, Haber Bülteni sayı 54077, 16 Mayıs 2025 (Hanehalkı İşgücü Araştırması); https://veriportali.tuik.gov.tr/tr/press/54077","15-24 yaş, TÜİK kesin değeri. XII. Plan Tablo 40 aynı yıl için 37,9 verir, ancak 'gerçekleşme tahmini' olarak.","genç nüfusun istihdam oranı, 2023 yılında %37,7 iken",tahmin,"XI Tablo 37 (PDF 153), dipnot: '2023 yılı verileri On Birinci Kalkınma Planı tahminleridir'"
9,S04,Female labor force participation rate,29.6,%,2013,30.64,2013,yakin_olcu,"Dünya Bankası WDI, SL.TLF.CACT.FE.ZS (ILO modellenmiş tahmin)",ILO modellenmiş tahmin; TÜİK hane halkı işgücü değeri biraz farklı olabilir.,,hedef,X/XI dışı: 03-v1.2 sınıflaması (tablo başlığı ve cümle); 01.10.2026 güncellemesinde yeniden sınanmadı
10,S04,Kadın işgücüne katılma oranı,"34,9",%,2018,34.12,2018,yakin_olcu,"Dünya Bankası WDI, SL.TLF.CACT.FE.ZS (ILO modellenmiş tahmin)",ILO modellenmiş tahmin; TÜİK değeri biraz farklı olabilir.,,hedef,"X Öncelikli Dönüşüm Programı, Program Hedefleri (PDF 176): 'yüzde 34,9 … yükseltilmesi'; Tablo 6 dipnotu tahmin"
11,S04,"İşgücüne katılma oranı, kadın","38,5",%,2023,35.76,2023,yakin_olcu,"Dünya Bankası WDI, SL.TLF.CACT.FE.ZS (ILO modellenmiş tahmin)",ILO modellenmiş tahmin; TÜİK değeri biraz farklı olabilir.,,tahmin,"XI Tablo 34 (PDF 140), dipnot: '2023 yılı verileri On Birinci Kalkınma Planı tahminleridir'"
11,S04,Kadın istihdam oranı,34,%,2023,31.3,2023,yakin_olcu,"2025 Yılı Cumhurbaşkanlığı Yıllık Programı, SBB; 2.3.5. Kadın, a) Mevcut Durum, s. 296 (PDF s. 309) (veri: TÜİK Hanehalkı İşgücü Araştırması); https://www.sbb.gov.tr/wp-content/uploads/2024/11/2025-Yili-Cumhurbaskanligi-Yillik-Programi-05112024.pdf","Aynı gösterge (TÜİK HİA, 15+ yaş kadın istihdam oranı). yakin_olcu nedeni seri kırılması: XI. Plan'ın 2018 başlangıcı (29,4; Tablo 36, 11_2019-2023.pdf, PDF s. 147) eski HİA tanımlarıyla; TÜİK Ocak 2021'den itibaren 19. ICLS tanımlarına geçti ve seriyi 2014'e kadar geriye dönük yeniden hesapladı (TÜİK, HİA'da yapılan düzenlemelere ilişkin metodoloji dokümanı, PDF s. 8-10). 2023 değeri yalnız yeni seride var. Revizyon sonucu çevirmiyor: TÜİK'e göre tanım etkisi normal dönemde küçük (kendi tüketimine üreten çiftçiler 2020 için yaklaşık 50 bin kişi, işten geçici uzak kalanlar 2020 ilk yarısında yaklaşık 60 bin kişi); bunların tamamı kadın sayılsa bile oran 0,5 puan kadar değişir, hedefle fark 2,7 puan. Seyir (yeni seri, SBB programları): 2020 26,2 · 2021 28 · 2022 30,4 · 2023 31,3 · 2024 32,5. XII. Plan Tablo 38 (12_2024-2028.pdf, PDF s. 184) 2023 için 31,4 gerçekleşme tahmini verir. Yeni seride 2018 değerini resmî bir kaynakta bulamadım. Hedefin 2,7 puan altında.","2023 yılında kadın istihdam oranı yüzde 31,3, erkek istihdam oranı yüzde 65,7 kadın işsizlik oranı yüzde 12,6, erkek işsizlik oranı ise yüzde 7,7 olarak gerçekleşmiştir.",tahmin,"XI Tablo 36 (PDF 147), dipnot: '2023 yılı verileri On Birinci Kalkınma Planı tahminleridir'"
3,S05,Toplam nüfus üst sınırı (alçak doğurganlık),65,milyon (aşmaması),1995,61.644,1995 (yıl ortası),yakin_olcu,"Yedinci Beş Yıllık Kalkınma Planı (1996-2000), DPT; Tablo 8 VII'nci Plan Döneminde Demografik Göstergelerde Beklenen Gelişmeler (kaynak: DİE, DPT), veri/ham/planlar/07_1996-2000.pdf, PDF s. 50","Hedef bir üst sınır ('65 milyonu aşmaması', III. Plan PDF s. 1019); yıl ortası mı yıl sonu mu belirtmiyor. 1995 sayım yılı değil, değer DİE/DPT tahmini; bu yüzden yakin_olcu. Aynı tabloda yıl sonu 62 171 bin. VIII. Plan (08_2001-2005.pdf, PDF s. 89, Tablo 13) 1995 yıl ortası için daha düşük bir tahmin verir: 60.500 bin. Kontrol: TÜİK sayımları (1990: 56 473 035, 2000: 67 803 927; TÜİK İstatistik Göstergeler 1923-2011, Tablo 1.1, veri/ham/tuik_istatistik_gostergeler_1923_2011.pdf, PDF s. 12) arasında yıllık binde 18,28 hızla 1995 ortasına üstel ara değer yaklaşık 61,5 milyon eder (tek tablo içinde hesap). ADNKS'ye göre geriye dönük tahmin 2000 için bile 64,7 milyon (SBB ESG Tablo 8.1). Hangi kaynak alınırsa alınsın 1995 nüfusu 65 milyonun 3-4,5 milyon altında; üst sınır aşılmadı.","Toplam Nüfus (Yıl Ortası) Bin Kişi 61 644 62 697 66 834 (1995, 1996, 2000)",hedef,X/XI dışı: 03-v1.2 sınıflaması (tablo başlığı ve cümle); 01.10.2026 güncellemesinde yeniden sınanmadı
4,S05,Toplam doğurganlık oranı (uzun dönem),"2,67",çocuk/kadın,1995-2000,2.7,1995–2000,yakin_olcu,"Dünya Bankası WDI, SP.DYN.TFRT.IN",1995–2000 ortalaması.,,tahmin,X/XI dışı: 03-v1.2 sınıflaması (tablo başlığı ve cümle); 01.10.2026 güncellemesinde yeniden sınanmadı (uzun dönem projeksiyon varsayımı)
6,S05,Nüfus artış hızı (beklenen),"21,60",binde,1990-1995,18.5,1990-1995 yıllık ortalama,yakin_olcu,"Yedinci Beş Yıllık Kalkınma Planı (1996-2000), DPT; 2. Nüfus ve Aile Planlaması, a) Mevcut Durum, veri/ham/planlar/07_1996-2000.pdf, PDF s. 47; Tablo 7 Demografik Göstergelerde Gelişmeler (kaynak: DİE, DPT), PDF s. 48","Yüzde 1,85 = binde 18,5. Hedef tanımı doğal artış: VI. Plan (06_1990-1994.pdf, PDF s. 299, md. 749) 'yıllık ortalama doğal nüfus artış hızı binde 21,6' der; Tablo 190'da (PDF s. 300) 21,60 = kaba doğum 28,50 − kaba ölüm 6,90. VII. Plan'ın 1,85'i göç dahil nüfus artış hızı (Tablo 7 dipnotu: 'Göçleri kapsamaktadır') ve 1995'te yapılmış bir tahmin; bu yüzden yakin_olcu. Doğal artış tanımıyla değer daha düşük: aynı Tablo 7'de 1990 için 24,8 − 6,9 = binde 17,9, 1994 için 22,8 − 6,6 = binde 16,2 (dönem ortalaması verilmiyor). 1990-2000 sayımlar arası yıllık hız binde 18,28 (TÜİK). Her tanım ve kaynakta hedefin (beklentinin) 3-5 puan altında. Hedef değil plan beklentisi; düşüşün ana nedeni VI. Plan'ın doğurganlığı yüksek tahmin etmesi (Tablo 190 TDH 3,46; VII. Plan 1994 için 2,69).","1990-1995 döneminde yıllık ortalama olarak yüzde 1,85 düzeyinde gerçekleşeceği tahmin edilmektedir",tahmin,X/XI dışı: 03-v1.2 sınıflaması (tablo başlığı ve cümle); 01.10.2026 güncellemesinde yeniden sınanmadı (planda beklenti)
7,S05,Toplam doğurganlık hızı,"2,33",çocuk/kadın,2000,2.49,2000,ayni_olcu,"Dünya Bankası WDI, SP.DYN.TFRT.IN",,,hedef,X/XI dışı: 03-v1.2 sınıflaması (tablo başlığı ve cümle); 01.10.2026 güncellemesinde yeniden sınanmadı
8,S05,Toplam doğurganlık hızı (tahmin),"2,3",çocuk/kadın,2005,2.2,2005,ayni_olcu,"Dünya Bankası WDI, SP.DYN.TFRT.IN",Planda tahmin olarak yazılmış.,,tahmin,X/XI dışı: 03-v1.2 sınıflaması (tablo başlığı ve cümle); 01.10.2026 güncellemesinde yeniden sınanmadı (planda tahmin)
8,S05,Yıllık nüfus artış hızı (tahmin),"1,33",%,2005,1.23,2005,yakin_olcu,"Strateji ve Bütçe Başkanlığı (Kalkınma Bakanlığı), Ekonomik ve Sosyal Göstergeler (1950-2014), Tablo 8.3 Demografik Hızlar, s. 245 (PDF s. 264); kaynak: TÜİK, Kalkınma Bakanlığı; https://www.sbb.gov.tr/wp-content/uploads/2018/11/Ekonomik_ve_Sosyal_Gostergeler_1950_2014.pdf","VIII. Plan'ın bu satırı doğal artış: Tablo 13 dipnotu (2) 'Göçleri kapsamamaktadır' (08_2001-2005.pdf, PDF s. 89). ESG değeri aynı tanım (kaba doğum 18,2 − kaba ölüm 5,9 = binde 12,3, aynı satır). ESG dipnotu: 2000-2012 değerleri ADNKS'ye göre hesaplanmış geriye dönük tahminler; plan ise 1990 sayımı temelli DİE projeksiyonuna dayanıyordu. Bu seri farkı yüzünden yakin_olcu. Sonraki plan da aynı yönde: IX. Plan (09_2007-2013_en.pdf, PDF s. 46, md. 220) 'dropped to 1.26 per cent in 2005' (tanım belirtmiyor). Aynı ESG'nin Tablo 8.1 nüfuslarıyla göç dahil 2004-2005 artışı da yaklaşık %1,24. Seri farkı: VIII. Plan 2000 için 1,50 (tahmin), ESG 1,44, IX. Plan 1,41. Plan tahminiydi, hedef değil; gerçekleşme her seride tahminin altında.","Yıllık Doğal Nüfus Artış Hızı (Yüzde) ... 2005 | 1,23 | 18,2 | 5,9",tahmin,X/XI dışı: 03-v1.2 sınıflaması (tablo başlığı ve cümle); 01.10.2026 güncellemesinde yeniden sınanmadı (planda tahmin)
9,S05,Total fertility rate,2.07,çocuk/kadın,2013,2.11,2013,ayni_olcu,"Dünya Bankası WDI, SP.DYN.TFRT.IN",,,hedef,X/XI dışı: 03-v1.2 sınıflaması (tablo başlığı ve cümle); 01.10.2026 güncellemesinde yeniden sınanmadı
9,S05,Annual natural increase,10.1,binde,2013,12.0,2013,ayni_olcu,"Strateji ve Bütçe Başkanlığı (Kalkınma Bakanlığı), Ekonomik ve Sosyal Göstergeler (1950-2014), Tablo 8.3 Demografik Hızlar, s. 245 (PDF s. 264); kaynak: TÜİK, Kalkınma Bakanlığı; https://www.sbb.gov.tr/wp-content/uploads/2018/11/Ekonomik_ve_Sosyal_Gostergeler_1950_2014.pdf","Yüzde 1,20 = binde 12,0; aynı satırda 16,9 − 4,9 = 12,0. Aynı tanım: IX. Plan Tablo 6.12 dipnotu 'Not including migrations' (09_2007-2013_en.pdf, PDF s. 73); 'In Thousands' binde demek. Planın 2006 başlangıcı (12,4) ESG 2006 değeriyle (1,24) aynı seride. 2013 değeri ADNKS ve doğum/ölüm kayıtlarından (ESG'de tahmin dipnotu yalnız 2000-2012 için). Plan projeksiyonuydu; gerçekleşen doğal artış projeksiyonun binde 1,9 üstünde.","2013|1,20 |16,9 |4,9 (Yıllık Doğal Nüfus Artış Hızı (Yüzde), Kaba Doğum Hızı, Kaba Ölüm Hızı)",tahmin,X/XI dışı: 03-v1.2 sınıflaması (tablo başlığı ve cümle); 01.10.2026 güncellemesinde yeniden sınanmadı (plan projeksiyonu)
10,S05,Toplam doğurganlık hızı,"2,10",çocuk/kadın,2018,2,2018,ayni_olcu,"Dünya Bankası WDI, SP.DYN.TFRT.IN",,,tahmin,"X Tablo 8 'Nüfus Gelişmeleri ve Tahminleri' (PDF 62), dipnot: '2013 ve 2018 yılı verileri Onuncu Kalkınma Planı tahminleridir'; md. 350 yalnız nitel hedef ('yükseltilmesi hedeflenmektedir')"
11,S05,Toplam doğurganlık hızı,"2,15",çocuk/kadın,2023,1.51,2023,ayni_olcu,"Dünya Bankası WDI, SP.DYN.TFRT.IN",,,tahmin,"XI Tablo 41 'Nüfus Hedefleri' (PDF 161), dipnot: '2023 yılı verileri On Birinci Kalkınma Planı tahminleridir'"
11,S05,Yaşlı nüfusun işgücüne katılma oranı,"13,7",%,2023,12.2,2023,ayni_olcu,"TÜİK, İstatistiklerle Yaşlılar, 2023, Haber Bülteni Sayı 53710, 27.03.2024 (kaynak: TÜİK İşgücü İstatistikleri, 2023); https://veriportali.tuik.gov.tr/tr/press/53710","Yaşlı = 65 ve daha yukarı yaş (bülten tanımı), XI. Plan Tablo 41 ile aynı yaş grubu (11_2019-2023.pdf, PDF s. 161). Planın 2017 başlangıcı 12,22: TÜİK İstatistiklerle Yaşlılar 2018 (Sayı 30699) 2017 için %12,2 verir; 2021 HİA revizyonundan sonra yayımlanan İstatistiklerle Yaşlılar 2022 (Sayı 49667, 17.03.2023) de 2017 için %12,2 yazar, yani revizyon başlangıcı tek ondalıkta değiştirmemiş. Hedef ve gerçekleşme aynı seride. Ara yıllar (revize seri): 2019 %12,0, 2020 %10,0, 2021 %11,3, 2022 %12,1. XII. Plan (12_2024-2028.pdf, PDF s. 207, Tablo 45) 2023 için 'gerçekleşme tahmini' 12,3 yazmıştı; kesin değer 12,2. Hedefin 1,5 puan altında; oran 2017'den bu yana yerinde saydı.","Bu oran yaşlı nüfus için 2019 yılında %12,0 iken 2023 yılında %12,2 oldu.",tahmin,"XI Tablo 41 (PDF 161), dipnot: '2023 yılı verileri On Birinci Kalkınma Planı tahminleridir'"
9,S08,"mahalli idare sabit sermaye yatırımı (projeksiyon, cari fiyat)","22,217",milyon YTL,2013,22608,2013,ayni_olcu,"2015 Yılı Programı, Kalkınma Bakanlığı; Tablo I: 11- Kamu Sabit Sermaye Yatırımları (2013) (Cari Fiyatlarla, Milyon TL), s. 21 (PDF s. 49); kaynak Kalkınma Bakanlığı; https://www.sbb.gov.tr/wp-content/uploads/2022/07/2015_Yili_Programi.pdf","Aynı kavram ve tablo türü: IX. Plan Tablo 6.4 'Public Fixed Capital Investments by Sectors' içindeki 'Local Administration' satırı (09_2007-2013_en.pdf, PDF s. 69; 2013 sütunu cari fiyatlarla projeksiyon). Birim: 2009'da YTL'nin adı TL oldu, 1 YTL = 1 TL. Aynı programın genel devlet tablosu (Tablo I: 44, PDF s. 96) İLBANK dahil mahalli idareler sabit sermayesini 22 624 verir; fark İller Bankası'nın 16 milyonu. IX. Plan'ın 2006 başlangıcı (10 690) tahmindi; 2008 Yılı Programı Tablo II.11 (PDF s. 46) 2006 gerçekleşmesini 11 940 verir. Hedef değil projeksiyon; gerçekleşme projeksiyonun %1,8 üstünde. Cari fiyat, yani enflasyon farkı da içeriyor (md).","Toplam ... Mahalli İdareler 22 608 | TOPLAM KAMU 73 605 (2013, Cari Fiyatlarla, Milyon TL)",tahmin,X/XI dışı: 03-v1.2 sınıflaması (tablo başlığı ve cümle); 01.10.2026 güncellemesinde yeniden sınanmadı (plan projeksiyonu)
10,S08,mahalli idare harcamalarının GSYH'ya oranı,"4,80",% GSYH,2018,3.69,2018,yakin_olcu,"2020 Yılı Cumhurbaşkanlığı Yıllık Programı, SBB; Tablo I: 44- Mahalli İdareler Gelir ve Harcamaları (GSYH'ya Oran, Yüzde), s. 62 (PDF s. 72); kaynak SBB; https://www.sbb.gov.tr/wp-content/uploads/2019/11/2020_Yili_Cumhurbaskanligi_Yillik_Programi.pdf","Aynı kapsam (il özel idareleri, belediyeler, İller Bankası, belediye birlikleri ve büyükşehirlere bağlı idareler; X. Plan Tablo 36 notu, 10_2014-2018.pdf, PDF s. 145, ile aynı cümle). yakin_olcu nedeni GSYH revizyonu: hedef 1998 bazlı GSYH ile yazıldı (X. Plan 2012 değeri 3,61; 2015 Yılı Programı Tablo I: 44 aynı yıl için 3,64), 2018 oranı 2016 revizyonu sonrası 2009 bazlı GSYH ile. Revizyon GSYH düzeyini yükselttiği için eski bazla oran daha yüksek olurdu; ama oran %20 yukarı çekilse bile 4,43 eder, 4,80'in altında kalır. Tutar: 137 479 milyon TL. Hedef tutmadı.","B. HARCAMALAR 3,81 3,69 2,91 3,09 (2017, 2018, 2019 gerçekleşme tahmini, 2020 program; GSYH'ya Oran, Yüzde)",tahmin,"X Tablo 36 (PDF 145), dipnot: '2013 ve 2018 yılı verileri Onuncu Kalkınma Planı tahminleridir'"
10,S08,mahalli idare gelirlerinin GSYH'ya oranı,"4,46",% GSYH,2018,3.11,2018,yakin_olcu,"2020 Yılı Cumhurbaşkanlığı Yıllık Programı, SBB; Tablo I: 44- Mahalli İdareler Gelir ve Harcamaları (GSYH'ya Oran, Yüzde), s. 62 (PDF s. 72); kaynak SBB; https://www.sbb.gov.tr/wp-content/uploads/2019/11/2020_Yili_Cumhurbaskanligi_Yillik_Programi.pdf","Aynı kapsam ve tablo (X. Plan Tablo 36, PDF s. 145). yakin_olcu nedeni GSYH revizyonu (1998 bazlı → 2009 bazlı); eski bazla oran daha yüksek olurdu, ama %20 yukarı çekilse bile 3,73 eder, 4,46'nın altında. X. Plan'ın 2012 başlangıcı 3,66'dan, revizyona rağmen, 2018'de 3,11'e düşmüş. Tutar: 115 685 milyon TL. Hedef tutmadı.","A. GELİRLER 3,30 3,11 2,85 2,96 (2017, 2018, 2019 gerçekleşme tahmini, 2020 program; GSYH'ya Oran, Yüzde)",tahmin,"X Tablo 36 (PDF 145), dipnot: '2013 ve 2018 yılı verileri Onuncu Kalkınma Planı tahminleridir'"
7,S10,Vergi gelirlerinin GSMH'ya oranı,20,%,2000,24.7,2000,yakin_olcu,"2003 Yılı Programı, DPT; Tablo II.21 Kamu Kesimi Toplam Gelir ve Harcamaları, s. 41 (PDF s. 68) ve Tablo I.1 Temel Ekonomik Büyüklükler, s. 3 (PDF s. 30); https://www.sbb.gov.tr/wp-content/uploads/2022/07/2003_Yili_Programi.pdf","Hesaplandı: (11 960 364 + 19 052 016) / 125 596 000 = %24,7. Kapsam hedefle aynı: VII. Plan Tablo 52 'VERGİLER' = vasıtasız + vasıtalı (1995: 6,7 + 11,4 = 18,1), servet vergileri hariç; 2003 Programı 'Vergiler' satırı servet dahil %25,1 verdiği için servet (547 023) çıkarıldı. Payda 1987 bazlı GSMH, cari fiyat; hedefle aynı seri. 2002 Programı (Tablo II.19, PDF s. 73) aynı yıl için 9,3 + 15,1 = %24,4 verir; VIII. Plan (PDF s. 51) 2000'i 'gerçekleşme tahmini' olarak %22,7 yazmıştı. Hedef aşıldı; artışta 1999 depremleri sonrası ek vergiler etkili (VIII. Plan p. 315, PDF s. 50).","-Vasıtasız 7 218 308 11 960 364 ... -Vasıtalı 9 866 376 19 052 016 ... (1999, 2000; milyar TL) / GSMH (Trilyon TL) ... 78 283 125 596 (1999, 2000)",hedef,X/XI dışı: 03-v1.2 sınıflaması (tablo başlığı ve cümle); 01.10.2026 güncellemesinde yeniden sınanmadı
8,S10,Vergilerin GSMH içindeki payı,"22,2",%,2005,24.0,2005,yakin_olcu,"2008 Yılı Programı, DPT; Tablo III.3 2005 Yılı Kamu Kesimi Genel Dengesi, s. 51 (PDF s. 77) ve Tablo I.1 Temel Ekonomik Büyüklükler, s. 6 (PDF s. 32); https://www.sbb.gov.tr/wp-content/uploads/2022/07/2008_Yili_Programi.pdf","Hesaplandı: 116 908 / 487 202 = %24,0. Kapsam hedefle aynı: VIII. Plan Tablo 8 'Kamu Kesimi Genel Dengesi' toplam kamu VERGİLER satırı (vasıtasız + vasıtalı; servet vergileri sermaye transferlerinde). Fark: hedef GSMH'ya, Program GSYİH'ya oranlıyor; 2005'te net dış âlem faktör gelirleri eksi olduğundan GSMH'ya oran biraz daha yüksek çıkar, sonuç değişmez. İki büyüklük de 1987 bazlı seride (2008 revizyonu öncesi). 2007 Programı (PDF s. 80) aynı yıl için 117 061 (tahmin) verir.","1. Vergiler 104 580 10 599 2 319 0 0 -157 117 341 -350 -82 -433 116 908 (son sütun: Toplam Kamu, milyon YTL) / GSYİH (Milyon YTL, Cari Fiyatlarla) ... 487 202 (2005)",hedef,X/XI dışı: 03-v1.2 sınıflaması (tablo başlığı ve cümle); 01.10.2026 güncellemesinde yeniden sınanmadı
10,S10,Kayıt dışı istihdam oranı,"30,0",%,2018,33.4,2018,ayni_olcu,"On Birinci Kalkınma Planı (2019-2023), Kalkınma Bakanlığı/SBB; veri/ham/planlar/11_2019-2023.pdf, PDF s. 140 (Tablo 34 İstihdam ve Çalışma Hayatı Hedefleri; kaynak TÜİK). Aynı değer: 2020 Yılı Cumhurbaşkanlığı Yıllık Programı, s. 96 (PDF s. 106), https://www.sbb.gov.tr/wp-content/uploads/2019/11/2020_Yili_Cumhurbaskanligi_Yillik_Programi.pdf","TÜİK Hanehalkı İşgücü Anketi, tarım dahil toplam istihdamda sosyal güvenlik kuruluşuna kayıtsız çalışanların oranı; hedefle aynı tanım. XI. Plan'a göre 2018 değeri TÜİK gerçekleşmesi (tahmin değil). 2020 Programı: 'kayıt dışı istihdam oranı 2018 yılında toplamda yüzde 33,4'. X. Plan'ın 2012 başlangıcı (39,0) TÜİK'in 2014 revizyonundan önceki seriden; 2021 HİA revizyonu sonrası 2018 değeri okunan kaynaklarda yok. Nitelik (01.10.2026): 30,0 X. Plan Tablo 6'da (PDF 58) ve dipnotu bu sütunu 'Onuncu Kalkınma Planı tahminleri' diye tanımlıyor; yani hedef değil tahmin. Tahminin 3,4 puan üstünde gerçekleşti. X'in kayıt dışılık hedefi başka ölçüde: tarım dışı sektörlerde kayıt dışı istihdam oranının beş puan azaltılması (Program Hedefleri, PDF 178); eylem planı (YPK 2015/3, veri/ham/gerceklesme/kayitdisi_eylem_plani_ypk2015-3.pdf) bunu %22'den 2018'de %17'ye diye yazar; TÜİK HİA'ya göre 2018 tarım dışı oran %22,28 (veri/ham/gerceklesme/sgk_kayitdisi_oranlari_2019.html), hedef tutmadı. Bu hedef 630 satırlık plan-hedefleri.csv'de ayrı satır değil; niteliği plan-hedef-gerceklesme.csv'nin nitelik_kaynagi sütununda.","Kayıt Dışı İstihdam Oranı (%) 33,4 28,5 (2018, 2023)",tahmin,"X Tablo 6 (PDF 58), dipnot: '2013 ve 2018 yılı verileri Onuncu Kalkınma Planı tahminleridir'. X'in kayıt dışılık hedefi başka ölçüde: 'Tarım dışı sektörlerde kayıt dışı istihdam oranının beş puan azaltılması' (Program Hedefleri, PDF 178); eylem planı (YPK 2015/3) %22 → 2018 %17; 2018 gerçekleşme %22,28 (TÜİK HİA, SGK derlemesi)"
11,S10,Kayıt dışı istihdam oranı,"28,5",%,2023,26.1,2023,ayni_olcu,"2025 Yılı Cumhurbaşkanlığı Yıllık Programı, SBB; İstihdam ve Çalışma Hayatı bölümü, Hedefler (Performans Göstergeleri) tablosu, s. 277 (PDF s. 290); https://www.sbb.gov.tr/wp-content/uploads/2024/11/2025-Yili-Cumhurbaskanligi-Yillik-Programi-05112024.pdf","TÜİK Hanehalkı İşgücü Anketi, toplam (tarım dahil); hedefle aynı gösterge adı ve tanım. 2023 sütununda dipnot yok, yani gerçekleşme. XII. Plan (veri/ham/planlar/12_2024-2028.pdf, PDF s. 175) 2023 için 26,5 'gerçekleşme tahmini', 2022 için 26,8 verir. XI. Plan'ın 2018 başlangıcı (33,4) 2021 HİA revizyonundan önceki seriden; revize 2018 değeri okunan kaynaklarda yok. 2023 düzeyi hedefin (28,5) 2,4 puan altında; hedef tuttu.","Kayıt Dışı İstihdam Oranı Yüzde 26,1 26,1 25,8 (2023, 2024 gerçekleşme tahmini, 2025 program)",tahmin,"XI Tablo 34 (PDF 140), dipnot: '2023 yılı verileri On Birinci Kalkınma Planı tahminleridir'; 28,5 metinde geçmiyor"
11,S10,Genel devlet gelirleri (GSYH'ya oran; vergi dışı gelirler dahil),"32,3",%,2023,30.3,2023,ayni_olcu,"2025 Yılı Cumhurbaşkanlığı Yıllık Programı, SBB; Tablo I: 36 Genel Devlet Toplam Gelir ve Harcamaları, s. 56 (PDF s. 69); https://www.sbb.gov.tr/wp-content/uploads/2024/11/2025-Yili-Cumhurbaskanligi-Yillik-Programi-05112024.pdf","Program tanımlı genel devlet toplam gelir (vergi, vergi dışı, faktör gelirleri, sosyal fonlar, özelleştirme dahil); XI. Plan'ın 2018 başlangıcı 33,4 bu tanıma denk (2020 Programı Tablo I: 36, 2018 TOPLAM GELİR 33,3). XII. Plan (PDF s. 87) 2023 için 30,2 'gerçekleşme tahmini' verir. 2026 Yılı Programı aynı TL tutarını (8 031 858) güncellenmiş GSYH ile %29,6'ya oranlıyor; sonuç değişmiyor. Gelir oranı hedefin (32,3) altında kaldı; bu hedef bir 'artış' hedefi değil, plan 2018'e göre 1,1 puan düşüş öngörmüştü, gerçekleşme daha fazla düştü.","TOPLAM GELİR 2 239 451 4 180 694 8 031 858 14 094 807 19 262 188 30,9 27,8 30,3 31,9 31,3 (2021-2025)",tahmin,"XI Tablo 9 'Kamu Maliyesine İlişkin Hedefler' (PDF 56), dipnot: '2023 yılı verileri On Birinci Kalkınma Planı tahminleridir'"
2,S12,radyo yayın kapsamı,86,% nüfus (yüzölçümünün yüzde 78 i),1972,87.5,1972 (III. Plan hazırlanırken),yakin_olcu,"Üçüncü Beş Yıllık Kalkınma Planı (1973-1977), DPT; Altıncı Bölüm, Radyo-Televizyon, I. Planlı Dönemde Gelişmeler, md. 1167, veri/ham/planlar/03_1973-1977.pdf, PDF s. 641","Hedef (II. Plan PDF s. 598) 'yüzölçümü bakımından yüzde 78 i ve toplam nüfusun yüzde 86 sının radyo yayınları ile kapsanması'; ölçü nüfus oranı, yüzölçümü değil. III. Plan'ın değeri ulusal radyo şebekesi (alan %79,3, hedefteki %78 ile uyumlu); aynı cümle bölge radyoları için nüfusun %98,4'ünü verir, o okumayla da hedef aşılmış, sonuç değişmiyor. yakin_olcu nedenleri: (1) değer 1972 bitmeden yazılmış ve fiil 'faydalanacak duruma getirilmiştir', yani kurulan vericilerin kapasitesi; (2) IV. Plan (04_1979-1983.pdf, PDF s. 434, md. 1520) aynı %87,5 ve %79'u 1977 sonu için tekrar eder, yani sayı 1972 ile 1977 arasında değişmemiş görünüyor; tarih belirsiz. II. Plan'ın başlangıcı %42,6 idi (II. Plan PDF s. 597). Hedef aşıldı (1,5 puan).","Yurdun alan olarak 79,3 ü, nüfusun yüzde 87,5 i ulusal radyo şebekesinden",hedef,X/XI dışı: 03-v1.2 sınıflaması (tablo başlığı ve cümle); 01.10.2026 güncellemesinde yeniden sınanmadı
3,S12,toplam radyo yayın saati,123900,saat,1977,133400,1977 sonu,ayni_olcu,"Dördüncü Beş Yıllık Kalkınma Planı (1979-1983), DPT; Radyo-Televizyon, 1. Üçüncü Plan Döneminde Gelişmeler, md. 1520, veri/ham/planlar/04_1979-1983.pdf, PDF s. 434","Aynı ölçü (yıllık toplam radyo yayın saati) ve aynı yıl; sonraki plan hedefi de aynı sayıyla anıyor. III. Plan'ın başlangıcı 1972'de 96 010 saat (III. Plan PDF s. 641). IV. Plan aynı paragrafta 'Planda öngörülen fiziki hedeflere varılmış, bazı konularda ise bu hedefler aşılmıştır' der. Hedef %7,7 aşıldı.","Toplam yıllık radyo yayın saatinin 123.900 saate ulaşması öngörülmüş, 1977 sonunda 133.400 saate ulaşılmıştır",hedef,X/XI dışı: 03-v1.2 sınıflaması (tablo başlığı ve cümle); 01.10.2026 güncellemesinde yeniden sınanmadı
3,S12,televizyon yayın alanındaki nüfus oranı,80,% nüfus,1977,81,1977 sonu,ayni_olcu,"Dördüncü Beş Yıllık Kalkınma Planı (1979-1983), DPT; Radyo-Televizyon, 1. Üçüncü Plan Döneminde Gelişmeler, md. 1522, veri/ham/planlar/04_1979-1983.pdf, PDF s. 434","Aynı ölçü (nüfus oranı, yüzölçümü değil; alan olarak %60, md. 1523). III. Plan metni (PDF s. 642) 80'i 'tahmin edilmektedir' diye yazar, yani hedeften çok plan beklentisi. 1972 sonu için %21 dolayında tahmin ediliyordu (III. Plan PDF s. 641). Beklenti 1 puan aşıldı.","1977 yılı sonunda, nüfusun yüzde 81'i televizyon yayınları ile kapsanmış bulunmaktadır.",tahmin,X/XI dışı: 03-v1.2 sınıflaması (tablo başlığı ve cümle); 01.10.2026 güncellemesinde yeniden sınanmadı (planda tahmin)
5,S12,FM yayınlarını dinleyebilen nüfus oranı,98,%,1989,92,1989 (tahmin; 1988 gerçekleşmesi de 92),yakin_olcu,"Altıncı Beş Yıllık Kalkınma Planı (1990-1994), DPT; Tablo 188 Radyo ve Televizyon Şebekesi Gelişim Tablosu, III. RADYO-3 Şebekesi (FM), veri/ham/planlar/06_1990-1994.pdf, PDF s. 294","Hedef (V. Plan PDF s. 135, md. 425) FM radyolarının 80'e çıkarılıp 'nüfusun yüzde 98'ine bu yayınları dinleme imkânı' sağlanması; o dönemde FM yayını Radyo-3 şebekesi (V. Plan Tablo 80'de 1984'te 29 FM verici, VI. Plan Tablo 188'de 1984'te Radyo-3 28 FM verici). Radyo-4 FM şebekesi de 1988-89'da %92. Radyo-2'nin %98'i AM+FM toplam kapsama (1988'de yalnız 3 FM verici), FM ölçüsü değil. yakin_olcu: 1989 değeri VI. Plan'da 'Tahmin'; 1988 gerçekleşmesi de 92 olduğu için sonuç değişmiyor. Hedefin 6 puan altında.","III. RADYO - 3 Şebekesi a) FM Vericiler ... c) Kapsanan Nüfus Oranı(%)(ı) 74,3 92 92 99,5 (1984, 1988, 1989, 1994)",hedef,X/XI dışı: 03-v1.2 sınıflaması (tablo başlığı ve cümle); 01.10.2026 güncellemesinde yeniden sınanmadı
6,S12,TV-1 kapsanan nüfus oranı,100,%,1994,98.3,1994,ayni_olcu,"1996 Yılı Programı, DPT; Tablo II.22- Haberleşme Hizmet Kapasitelerindeki Gelişmeler, s. 99 (PDF s. 125); https://www.sbb.gov.tr/wp-content/uploads/2022/07/1996_Yili_Programi.pdf","Aynı ölçü (TV-1 şebekesinin kapsadığı nüfus oranı) ve aynı yıl. VI. Plan (PDF s. 295, Tablo 188) 1988 için 91, 1989 için 96 (tahmin) yazmıştı. 1995 ve 1996 için de 98,5 öngörülüyor; %100'e ulaşılmadı. Hedefin 1,7 puan altında.","TV Nüfus Kaplaması (%) TV1 98,3 98,5 98,5 (1994 Gerçekleşme, 1995 Gerçekleşme Tahmini, 1996 Tahmin)",hedef,X/XI dışı: 03-v1.2 sınıflaması (tablo başlığı ve cümle); 01.10.2026 güncellemesinde yeniden sınanmadı
1,S13,Tarım katma değeri yıllık artış hızı,4.2,%/yıl,1963-1967,3.2,1963-1967,ayni_olcu,"Üçüncü Beş Yıllık Kalkınma Planı (1973-1977), DPT; veri/ham/planlar/03_1973-1977.pdf, PDF s. 37 (Tablo 2 Yıllık Sektörel Büyüme Hızları, sabit fiyatlarla)","II. Plan (PDF s. 303, Tablo 144) 1962-1967 için yüzde 3,0 verir (1967 tahminli); SBB Tablo 1.10 de 3,0 verir. Revizyonlar arasında 0,2 puan fark var.","Tarım 4,2 3,2 (Birinci Plan: Hedef, Gerçekleşme)",hedef,X/XI dışı: 03-v1.2 sınıflaması (tablo başlığı ve cümle); 01.10.2026 güncellemesinde yeniden sınanmadı
2,S13,Tarım katma değeri yıllık artış hızı,4.2,%/yıl,1967-1972,1.8,1968-1972,yakin_olcu,"Strateji ve Bütçe Başkanlığı (Kalkınma Bakanlığı), Ekonomik ve Sosyal Göstergeler (1950-2014), Tablo 1.10 Plan Dönemlerinde Hedeflenen ve Gerçekleşen Büyüme Hızları, s. 12 (PDF s. 31); kaynak: Kalkınma Bakanlığı, TÜİK; https://www.sbb.gov.tr/wp-content/uploads/2018/11/Ekonomik_ve_Sosyal_Gostergeler_1950_2014.pdf","SBB tablosu II. Plan hedefini 4,1 yazar (plan metnindeki 4,2 1965 piyasa fiyatlı katma değer; fark hesap bazından). III. Plan (PDF s. 37, Tablo 2) yalnız 1968-1971 için 3,1 verir; SBB değeri sonraki revize ulusal hesaplara dayanır.","TARIM ... II. PLAN 1968-1972 HEDEF 4,1 GERÇEKLEŞME 1,8",hedef,X/XI dışı: 03-v1.2 sınıflaması (tablo başlığı ve cümle); 01.10.2026 güncellemesinde yeniden sınanmadı
3,S13,Tarım sektörü katma değeri büyümesi,3.7,%/yıl,1977,3.3,1973-1977,yakin_olcu,"Dördüncü Beş Yıllık Kalkınma Planı (1979-1983), DPT; veri/ham/planlar/04_1979-1983.pdf, PDF s. 21","SBB Tablo 1.10 (revize ulusal hesaplar) aynı dönem için 1,2 verir; fark büyük, seri revizyonundan.","ortalama yüzde 3,7 ora- nında büyümesi öngörülen tarım sektörü katma değerinin büyüme hızı bu dönemde ortalama yüzde 3,3 olarak gerçekleşmiştir",hedef,X/XI dışı: 03-v1.2 sınıflaması (tablo başlığı ve cümle); 01.10.2026 güncellemesinde yeniden sınanmadı
3,S13,Bitkisel üretim büyümesi,4.0,%/yıl,1977,3.7,1973-1977,ayni_olcu,"Dördüncü Beş Yıllık Kalkınma Planı (1979-1983), DPT; veri/ham/planlar/04_1979-1983.pdf, PDF s. 358",,"III. Plan döneminde, yıllık ortalama bitkisel üretim artış hızı yüzde 3,7 oranında gerçekleşmiştir",hedef,X/XI dışı: 03-v1.2 sınıflaması (tablo başlığı ve cümle); 01.10.2026 güncellemesinde yeniden sınanmadı
4,S13,Tarım sektörü katma değeri büyümesi,5.3,%/yıl,1983,0.3,1979-1983,ayni_olcu,"Strateji ve Bütçe Başkanlığı (Kalkınma Bakanlığı), Ekonomik ve Sosyal Göstergeler (1950-2014), Tablo 1.10 Plan Dönemlerinde Hedeflenen ve Gerçekleşen Büyüme Hızları, s. 12 (PDF s. 31); kaynak: Kalkınma Bakanlığı, TÜİK; https://www.sbb.gov.tr/wp-content/uploads/2018/11/Ekonomik_ve_Sosyal_Gostergeler_1950_2014.pdf","V. Plan (PDF s. 60, Tablo 26) tarım ÜRETİMİ için 1978-83 yıllık ortalama 2,2 verir (katma değer değil, farklı ölçü).","TARIM ... IV. PLAN 1979-1983 HEDEF 5,3 GERÇEKLEŞME 0,3",hedef,X/XI dışı: 03-v1.2 sınıflaması (tablo başlığı ve cümle); 01.10.2026 güncellemesinde yeniden sınanmadı
5,S13,Tarım üretimi yıllık ortalama artış,3.6,%/yıl,1985-1989,3.3,1985-1989,yakin_olcu,"Altıncı Beş Yıllık Kalkınma Planı (1990-1994), DPT; veri/ham/planlar/06_1990-1994.pdf, PDF s. 64 (Tablo 32 Tarım Sektörünün Genel Durumu, 1988 fiyatlarıyla)","1989 değeri tahmindir. SBB Tablo 1.10 tarım KATMA DEĞERİ için V. Plan döneminde 0,8 verir (farklı ölçü).","ÜRETİM ... TOPLAM 22 333 857 26 102 966 26 277 435 32 279 117 3,3 4,2 (V. Plan Dönemi, VI. Plan Dönemi)",hedef,X/XI dışı: 03-v1.2 sınıflaması (tablo başlığı ve cümle); 01.10.2026 güncellemesinde yeniden sınanmadı
6,S13,Tarım sektörü üretimi yıllık ortalama artış,4.2,%/yıl,1990-1994,1.7,1990-1994,ayni_olcu,"Yedinci Beş Yıllık Kalkınma Planı (1996-2000), DPT; veri/ham/planlar/07_1996-2000.pdf, PDF s. 70","SBB Tablo 1.10 tarım katma değeri için VI. Plan döneminde 1,6 verir.","Vl’ncı Plan döneminde tarım sektörü üretiminde yıllık ortalama yüzde 1,7 artış",hedef,X/XI dışı: 03-v1.2 sınıflaması (tablo başlığı ve cümle); 01.10.2026 güncellemesinde yeniden sınanmadı
6,S13,Sulamaya açılan alanın toplam sulanabilir alana oranı,53.4,%,1994,49.9,1994,ayni_olcu,"Yedinci Beş Yıllık Kalkınma Planı (1996-2000), DPT; veri/ham/planlar/07_1996-2000.pdf, PDF s. 171","Oran alıntıdaki iki değerden hesaplandı (4 244/8 500). VI. Plan hedefi de aynı paydayı kullanır (4 541/8 500 = %53,4). Kamu + halk sulamaları.","ekonomik olarak sulanabilir 8,5 milyon hektar alanın 4 milyon 244 bin hektarı sulanabilir hale gelmiştir",hedef,X/XI dışı: 03-v1.2 sınıflaması (tablo başlığı ve cümle); 01.10.2026 güncellemesinde yeniden sınanmadı
6,S13,Yeni sulama şebekesi kurulacak alan (plan dönemi toplamı),750,bin hektar,1990-1994,435.5,1990-1994,yakin_olcu,"Yedinci Beş Yıllık Kalkınma Planı (1996-2000), DPT; veri/ham/planlar/07_1996-2000.pdf, PDF s. 173 (Tablo 35 Kamu Kesiminde Toprak ve Su Kaynakları Gelişmeleri)","435 516 ha, bin hektara çevrildi. 1994 değeri 'gerçekleşme tahmini'; VIII. Plan (PDF s. 194 Tablo 40) VI. Plan sonu kümülatifini 3 189 176 yerine 3 134 438 ha olarak revize eder.","VI Plan Dönemi 435 516 171 440 (Sulama, Tarla İçi Geliştirme; hektar)",hedef,X/XI dışı: 03-v1.2 sınıflaması (tablo başlığı ve cümle); 01.10.2026 güncellemesinde yeniden sınanmadı
7,S13,Tarım katma değeri yıllık ortalama artışı (aralık alt ucu),2.9,%/yıl,2000,1.7,1996-2000,ayni_olcu,"Strateji ve Bütçe Başkanlığı (Kalkınma Bakanlığı), Ekonomik ve Sosyal Göstergeler (1950-2014), Tablo 1.10 Plan Dönemlerinde Hedeflenen ve Gerçekleşen Büyüme Hızları, s. 12 (PDF s. 31); kaynak: Kalkınma Bakanlığı, TÜİK; https://www.sbb.gov.tr/wp-content/uploads/2018/11/Ekonomik_ve_Sosyal_Gostergeler_1950_2014.pdf","VIII. Plan (PDF s. 13) 1996-1999 için 1,3 (katma değer), PDF s. 21'de 1996-2000 tarımsal ÜRETİM için 1,8 (tahmin) verir.","TARIM ... VII. PLAN 1996-2000 HEDEF 2.9-3.7 GERÇEKLEŞME 1,7",hedef,X/XI dışı: 03-v1.2 sınıflaması (tablo başlığı ve cümle); 01.10.2026 güncellemesinde yeniden sınanmadı
7,S13,Tarım katma değeri yıllık ortalama artışı (aralık üst ucu),3.7,%/yıl,2000,1.7,1996-2000,ayni_olcu,"Strateji ve Bütçe Başkanlığı (Kalkınma Bakanlığı), Ekonomik ve Sosyal Göstergeler (1950-2014), Tablo 1.10 Plan Dönemlerinde Hedeflenen ve Gerçekleşen Büyüme Hızları, s. 12 (PDF s. 31); kaynak: Kalkınma Bakanlığı, TÜİK; https://www.sbb.gov.tr/wp-content/uploads/2018/11/Ekonomik_ve_Sosyal_Gostergeler_1950_2014.pdf","VIII. Plan (PDF s. 13) 1996-1999 için 1,3 (katma değer), PDF s. 21'de 1996-2000 tarımsal ÜRETİM için 1,8 (tahmin) verir.","TARIM ... VII. PLAN 1996-2000 HEDEF 2.9-3.7 GERÇEKLEŞME 1,7",hedef,X/XI dışı: 03-v1.2 sınıflaması (tablo başlığı ve cümle); 01.10.2026 güncellemesinde yeniden sınanmadı
7,S13,Plan döneminde yeni sulama şebekesi kurulacak alan,735,bin hektar,2000,471.9,1996-2000,yakin_olcu,"Sekizinci Beş Yıllık Kalkınma Planı (2001-2005), DPT; veri/ham/planlar/08_2001-2005.pdf, PDF s. 194 (Tablo 40 Kamu Kesiminde Toprak ve Su Kaynakları Alanında Gelişmeler)","471 919 ha, bin hektara çevrildi. 2000 yılı bileşeni (64 040 ha) 'program' değeridir, gerçekleşme değil.","VII.Plan Dönemi 471.919 157.234 (Sulama, Tarla İçi Geliştirme; hektar)",hedef,X/XI dışı: 03-v1.2 sınıflaması (tablo başlığı ve cümle); 01.10.2026 güncellemesinde yeniden sınanmadı
7,S13,Kamu sulamaları kümülatif alanı (Plan sonu),3996176,hektar,2000,3707185,2000,yakin_olcu,"Sekizinci Beş Yıllık Kalkınma Planı (2001-2005), DPT; veri/ham/planlar/08_2001-2005.pdf, PDF s. 194 (Tablo 40)","2000 yılı program değerini içerir. VI. Plan sonu kümülatifi de revize edilmiş (3 189 176 → 3 134 438 ha), yani hedefin başlangıç noktası 54 738 ha düşmüştür.",VII.Plan Sonu Kümülatif 3.707. 185 980.589,hedef,X/XI dışı: 03-v1.2 sınıflaması (tablo başlığı ve cümle); 01.10.2026 güncellemesinde yeniden sınanmadı
8,S13,Tarım katma değeri yıllık ortalama artışı,2.1,%/yıl,2005,1.0,2001-2005,ayni_olcu,"Strateji ve Bütçe Başkanlığı (Kalkınma Bakanlığı), Ekonomik ve Sosyal Göstergeler (1950-2014), Tablo 1.10 Plan Dönemlerinde Hedeflenen ve Gerçekleşen Büyüme Hızları, s. 12 (PDF s. 31); kaynak: Kalkınma Bakanlığı, TÜİK; https://www.sbb.gov.tr/wp-content/uploads/2018/11/Ekonomik_ve_Sosyal_Gostergeler_1950_2014.pdf",,"TARIM ... VIII. PLAN 2001-2005 HEDEF 2,1 GERÇEKLEŞME 1,0",hedef,X/XI dışı: 03-v1.2 sınıflaması (tablo başlığı ve cümle); 01.10.2026 güncellemesinde yeniden sınanmadı
9,S13,Tarım sektörü yıllık ortalama büyüme,3.6,%/yıl,2007-2013,2.2,2007-2013,ayni_olcu,"Strateji ve Bütçe Başkanlığı (Kalkınma Bakanlığı), Ekonomik ve Sosyal Göstergeler (1950-2014), Tablo 1.10 Plan Dönemlerinde Hedeflenen ve Gerçekleşen Büyüme Hızları, s. 12 (PDF s. 31); kaynak: Kalkınma Bakanlığı, TÜİK; https://www.sbb.gov.tr/wp-content/uploads/2018/11/Ekonomik_ve_Sosyal_Gostergeler_1950_2014.pdf","X. Plan (PDF s. 110) 2007-2012 için 2,1 verir (2007 kuraklık yılı hariç 3,9).","TARIM ... IX. PLAN 2007-2013 HEDEF 3,6 GERÇEKLEŞME 2,2",hedef,X/XI dışı: 03-v1.2 sınıflaması (tablo başlığı ve cümle); 01.10.2026 güncellemesinde yeniden sınanmadı
10,S13,Arazi toplulaştırma (kümülatif),8.0,milyon hektar,2018,8.2,2018,ayni_olcu,"On Birinci Kalkınma Planı (2019-2023), SBB; veri/ham/planlar/11_2019-2023.pdf, PDF s. 98 (Tablo 19 Tarım Sektörü Hedefleri, 2018 sütunu)","XI. Plan PDF s. 29: 'Arazi toplulaştırma çalışmalarında 8 milyon hektar plan dönemi hedefine ulaşılmış'. Bu 'faaliyet alanı'dır; tescili tamamlanan alan 2018'de 3,6 milyon ha.","Arazi Toplulaştırma Faaliyet Alanı (Milyon Hektar, Kümülatif) 8,2 8,5",hedef,X Tablo 24 'Gelişmeler ve Hedefler' (PDF 112); bu satırda tahmin dipnotu yok (dipnot 4 ve 5 başka satırlara bağlı)
10,S13,"İşletmeye açılan sulama alanı (net kümülatif, DSİ)",3.75,milyon hektar,2018,3.34,2018,yakin_olcu,"On Birinci Kalkınma Planı (2019-2023), SBB; veri/ham/planlar/11_2019-2023.pdf, PDF s. 98 (Tablo 19, 2018 sütunu)","XI. Plan tablosu dipnotu: 'Tarım ve Orman Bakanlığı ve DSİ faaliyetleri esas alınmıştır'; X. Plan hedefi yalnız DSİ. Tutarlılık: 2012 sonu 2,81 + X. Plan döneminde net 487 bin ha (XI. Plan PDF s. 29) ≈ 3,3.","Sulamaya Açılan Net Tarımsal Alan (Milyon Hektar, Kümülatif)1 3,34 5,34",hedef,X Tablo 24 'Gelişmeler ve Hedefler' (PDF 112); bu satırda tahmin dipnotu yok
11,S13,Tarım sektörü büyüme hızı,3.1,%/yıl,2019-2023,1.4,2019-2023,ayni_olcu,"Hazine ve Maliye Bakanlığı, Temel Ekonomik Göstergeler, I. Üretim ve Yatırım, Tablo I.2.3 İktisadi Faaliyet Kollarına Göre GSYH (Zincirlenmiş Hacim, 2009=100), PDF s. 6 (kaynak TÜİK); https://ms.hmb.gov.tr/uploads/2025/07/I-URETIM-ve-YATIRIM-78727b126bf5f25b.pdf","Yıllık değişimlerin geometrik ortalaması hesaplandı (1,030×1,058×0,970×1,013×1,002)^(1/5) − 1 = %1,42. TÜİK revizyonlarıyla değerler ±0,1 değişebilir.","Tarım, Ormancılık ve Balıkçılık ... 3,0 5,8 -3,0 1,3 0,2 (2019-2023)",ongoru,"XI md. 218 (PDF 41): 'yüzde 3,1 oranında büyümesi … beklenmektedir'"
11,S13,Tescili tamamlanan arazi toplulaştırma alanı (kümülatif),6.2,milyon hektar,2023,7.3,2023,yakin_olcu,"DSİ Genel Müdürlüğü, 2023 Yılı Faaliyet Raporu, Genel Müdür sunuşu, PDF s. 10; https://cdniys.tarimorman.gov.tr/api/File/GetFile/425/Sayfa/759/1107/DosyaGaleri/dsi_2023_yili_faaliyet_raporu.pdf","XII. Plan (PDF s. 115 Tablo 20) 2023 için 7,30 (gerçekleşme tahmini), 2022 için 6,78 verir. DSİ raporu toplulaştırmanın DSİ'ye devrinden sonraki kurum toplamıdır.","Arazi toplulaştırma tescil işlemleri tamamlanan arazi miktarı kümülatif olarak toplamda 7,3 milyon hektara yükselmiştir",tahmin,"XI Tablo 19 (PDF 98), dipnot: '2023 yılı verileri On Birinci Kalkınma Planı tahminleridir'"
1,S14,İmalat sanayii katma değeri yıllık artış hızı,12.9,%/yıl,1963-1967,11.7,1963-1967,yakin_olcu,"Strateji ve Bütçe Başkanlığı (Kalkınma Bakanlığı), Ekonomik ve Sosyal Göstergeler (1950-2014), Tablo 1.19 1968 Yılı Fiyatlarıyla Sektörler İtibarıyla GSMH (1948-1967), s. 21 (PDF s. 40); yıllık artışlar Tablo 1.20, s. 22 (PDF s. 41); kaynak: TÜİK; https://www.sbb.gov.tr/wp-content/uploads/2018/11/Ekonomik_ve_Sosyal_Gostergeler_1950_2014.pdf","Hesaplandı (tek tablo): (19 038 / 10 946)^(1/5) − 1 = %11,7. Aynı yayının Tablo 1.20'deki yıllık artışlarının (14,5; 8,8; 9,5; 15,3; 10,6) geometrik ortalaması da 11,7. Hedef I. Plan'ın sabit fiyatlarıyla imalat KATMA DEĞERİ (I. Plan PDF s. 146: 'imalât sanayiinde yüzde 83,2' beş yıllık artış = yılda 12,9); gerçekleşme sonradan revize edilmiş 1968 bazlı seriden, bu yüzden yakin_olcu. Sonraki planlar I. Plan dönemi için imalatı ayrı vermiyor: III. Plan Tablo 5 (03_1973-1977.pdf, PDF s. 37) yalnız 'sanayi' için hedef 12,3 / gerçekleşme 9,7 (eski seri); SBB Tablo 1.10 aynı dönem sanayi için 10,9 (revize seri). Hedef tutmadı; 1,2 puanlık açık.","İMALAT ... 10.946 12.528 13.635 14.931 17.221 19.038 (1962-1967, 1968 fiyatlarıyla milyon TL)",hedef,X/XI dışı: 03-v1.2 sınıflaması (tablo başlığı ve cümle); 01.10.2026 güncellemesinde yeniden sınanmadı
3,S14,İmalat sanayii üretimi büyümesi,11.7,%/yıl,1977,8.8,1973-1977,yakin_olcu,"Dördüncü Beş Yıllık Kalkınma Planı (1979-1983), DPT; veri/ham/planlar/04_1979-1983.pdf, PDF s. 22 (Tablo 1 Gayrisafi Milli Hasılanın ve Sektörel Katma Değerlerin Büyüme Hızları, sabit fiyatlarla; kaynak DİE)","Ölçü farkı: hedef imalat sanayii ÜRETİMİ (III. Plan PDF s. 191, brüt üretim değeri), gerçekleşme imalat KATMA DEĞERİ. IV. Plan III. Plan dönemi için toplam imalat üretim değerini vermiyor (yalnız alt sektör tabloları). IV. Plan aynı tabloda III. Plan'ın imalat katma değer hedefini 1972 gerçekleşmelerine göre düzeltilmiş olarak 11,1 yazıyor; gerçekleşme ona göre de 2,3 puan geride. Dönem ortalaması yıllık değerlerle tutarlı (geometrik ortalama 8,8). SBB ESG Tablo 1.24 (1987 fiyatlı seri) 1972→1977 imalat katma değeri için 8,9 verir (hesap). Hedef tutmadı; üretim ile katma değer arasındaki olası fark (hedeflerde 0,6 puan) sonucu değiştirmez.","— İmalat Sanayii 11,1 12,1 6,9 8,1 10,0 7,1 8,8 5,4 (III. Plan Hedefi, 1973, 1974, 1975, 1976, 1977, III. Plan dönemi ortalaması, 1978 tahmin)",hedef,X/XI dışı: 03-v1.2 sınıflaması (tablo başlığı ve cümle); 01.10.2026 güncellemesinde yeniden sınanmadı
3,S14,Sanayi ürünlerinin toplam ihracattaki payı,42,%,1977,33.4,1977,ayni_olcu,"Dördüncü Beş Yıllık Kalkınma Planı (1979-1983), DPT; veri/ham/planlar/04_1979-1983.pdf, PDF s. 79 (p. 180); tablo: PDF s. 78 (Tablo 52 III. Plan Dönemi İçin Planlanan ve Gerçekleşen Dışsatım; kaynak DİE, DPT)","Sonraki planın kendi karşılaştırması; aynı üçlü ayrım (tarımsal ürünler / madencilik ve taşocakçılığı / sanayi ürünleri). Tablo 52'de paylar 1976 fiyatlarıyla dolar üzerinden: 1977 sanayi ürünleri 549,0 / toplam 1 642,9 milyon $. IV. Plan 1972 başlangıcını 27,4 yazıyor; III. Plan metni (PDF s. 220) 1972 için 25,1 (tahmin) veriyordu. Pay 1974'te 39,2'ye çıkıp sonra geriledi. Hedef tutmadı.","Sanayi ürünleri dışsatımının toplam dışsatım içindeki payının ise yüzde 27,4'ten yüzde 42,0'ye yükseltilmesi öngörülmüş: ancak 1977 yılı gerçekleşmesi yüzde 33,4 düzeyinde kalmıştır.",hedef,X/XI dışı: 03-v1.2 sınıflaması (tablo başlığı ve cümle); 01.10.2026 güncellemesinde yeniden sınanmadı
4,S14,İmalat sanayii üretimi büyümesi,11.4,%/yıl,1983,5.3,1979-1983,ayni_olcu,"Beşinci Beş Yıllık Kalkınma Planı (1985-1989), DPT; veri/ham/planlar/05_1985-1989.pdf, PDF s. 60 (Tablo 26 Sektörler İtibariyle Üretimde Gelişmeler, 1983 fiyatlarıyla milyon TL)","Aynı ölçü: imalat sanayii üretim değeri (IV. Plan hedefi de üretim değeri, 04_1979-1983.pdf PDF s. 246 Tablo 139). 1978 ve 1983 sütunları gerçekleşme; oran tablodan doğrulandı: (8 928 273 / 6 891 679)^(1/5) − 1 = %5,3. Fiyat bazı farklı (hedef 1978, gerçekleşme 1983 fiyatlarıyla), ama büyüme hızı karşılaştırılıyor. SBB ESG Tablo 1.24 (1987 fiyatlı seri) 1978→1983 imalat KATMA DEĞERİ için 2,5 verir (hesap). Hedefin yarısından az; 1979-80 dış ödeme krizi.","B) imalat 6.891.679 64.50 8.928.273 68.20 9.504.992 68.74 13.497.169 71.06 5.3 7.3 (1978 Gerçekleşme, 1983 Gerçekleşme, 1984 Tahmin, 1989 V. Plan hedefi, yıllık % değişme 1978-83, 1984-89)",hedef,X/XI dışı: 03-v1.2 sınıflaması (tablo başlığı ve cümle); 01.10.2026 güncellemesinde yeniden sınanmadı
5,S14,İmalat sanayii üretimi yıllık ortalama artış,7.3,%/yıl,1985-1989,6.1,1985-1989,yakin_olcu,"Altıncı Beş Yıllık Kalkınma Planı (1990-1994), DPT; veri/ham/planlar/06_1990-1994.pdf, PDF s. 56 (Tablo 28 Sektörler İtibariyle Üretimde Gelişmeler, 1988 fiyatlarıyla milyon TL)","Aynı ölçü (imalat üretim değeri) ama 1989 değeri 'tahmin', 1988 'geçici'; bu yüzden yakin_olcu (tarım satırındaki YAKINA_DUSUR gerekçesiyle aynı). SBB ESG Tablo 1.24 (1987 fiyatlı seri) 1984→1989 imalat KATMA DEĞERİ için de 6,1 verir (hesap). Hedef tutmadı; açık 1,2 puan.","B. İMALAT SANAYİİ 62 647 457 69,4 79 767 032 70,3 84 416 146 71,0 125 741 700 73,6 6,1 8,3 (1984 Gerçekleşme, 1988 Geçici, 1989 Tahmin, 1994 Plan Hedefi; yıllık ortalama artış V. Plan dönemi, VI. Plan dönemi)",hedef,X/XI dışı: 03-v1.2 sınıflaması (tablo başlığı ve cümle); 01.10.2026 güncellemesinde yeniden sınanmadı
6,S14,İmalat sanayii üretimi yıllık ortalama artış,8.3,%/yıl,1990-1994,4.1,1990-1994,ayni_olcu,"Yedinci Beş Yıllık Kalkınma Planı (1996-2000), DPT; veri/ham/planlar/07_1996-2000.pdf, PDF s. 78","Sonraki planın değerlendirmesi. 1994 krizinde imalat üretimi yüzde 8,3 geriledi (1996 Yılı Programı, s. 46, PDF s. 72). SBB ESG Tablo 1.24 (1987 fiyatlı seri) 1989→1994 imalat KATMA DEĞERİ için 3,7 verir (hesap). Hedefin yarısı.","Vl’ncı Plan döneminde imalat sanayii üretimi yıllık ortalama yüzde 4,1 artmıştır.",hedef,X/XI dışı: 03-v1.2 sınıflaması (tablo başlığı ve cümle); 01.10.2026 güncellemesinde yeniden sınanmadı
6,S14,İmalat sanayii ihracatı,18.5,milyar $,1994,16.776,1994,yakin_olcu,"1996 Yılı Programı, DPT; Tablo III.19 İthalat ve İhracatın Sektörel Dağılımı (milyon dolar), s. 138 (PDF s. 164); https://www.sbb.gov.tr/wp-content/uploads/2022/07/1996_Yili_Programi.pdf","16 776 milyon $, milyar dolara çevrildi. DPT sınıflaması (tarıma dayalı sanayiler 3 034 + diğer sanayiler 13 743), hedefle aynı. Fark: VI. Plan hedefi 1988 fiyatlarıyla dolar (Tablo 13), gerçekleşme cari dolar; 1988 dolarına indirgenirse değer daha da düşer, sonuç değişmez. VII. Plan (PDF s. 78) 'imalat sanayii ihracatı ... 1994 yılında 18,1 milyar dolara ulaşmış' yazar; 18,1 aslında TOPLAM ihracattır (TÜİK 18 106; aynı cümlenin %92,9 payıyla imalat ≈ 16,8). TÜİK ISIC Rev.3 serisi (ESG Tablo 3.3) 15,5 verir. Hedef tutmadı.","TOPLAM İHRACAT 18 106 21 636 ... İmalat Sanayii 16 776 20 298 (1994, 1995; milyon dolar)",hedef,X/XI dışı: 03-v1.2 sınıflaması (tablo başlığı ve cümle); 01.10.2026 güncellemesinde yeniden sınanmadı
7,S14,Sanayi katma değeri yıllık ortalama artışı (aralık alt ucu),6.0,%/yıl,2000,4.0,1996-2000,ayni_olcu,"Strateji ve Bütçe Başkanlığı (Kalkınma Bakanlığı), Ekonomik ve Sosyal Göstergeler (1950-2014), Tablo 1.10 Plan Dönemlerinde Hedeflenen ve Gerçekleşen Büyüme Hızları, s. 12 (PDF s. 31); kaynak: Kalkınma Bakanlığı, TÜİK; https://www.sbb.gov.tr/wp-content/uploads/2018/11/Ekonomik_ve_Sosyal_Gostergeler_1950_2014.pdf","Sanayi = madencilik + imalat + enerji; 1987 bazlı seri, hedefle aynı (VII. Plan Tablo 43, 1994 fiyatlarıyla). ESG Tablo 1.24 (1987 fiyatlarıyla) 1995→2000 hesap 3,97, tutarlı. 1999 depremleri ve daralma. Aralığın alt ucunun da altında.","SANAYİ ... VII. PLAN 1996-2000 HEDEF 6.0-7.7 GERÇEKLEŞME 4,0",hedef,X/XI dışı: 03-v1.2 sınıflaması (tablo başlığı ve cümle); 01.10.2026 güncellemesinde yeniden sınanmadı
7,S14,Sanayi katma değeri yıllık ortalama artışı (aralık üst ucu),7.7,%/yıl,2000,4.0,1996-2000,ayni_olcu,"Strateji ve Bütçe Başkanlığı (Kalkınma Bakanlığı), Ekonomik ve Sosyal Göstergeler (1950-2014), Tablo 1.10 Plan Dönemlerinde Hedeflenen ve Gerçekleşen Büyüme Hızları, s. 12 (PDF s. 31); kaynak: Kalkınma Bakanlığı, TÜİK; https://www.sbb.gov.tr/wp-content/uploads/2018/11/Ekonomik_ve_Sosyal_Gostergeler_1950_2014.pdf",Alt uçla aynı gerçekleşme; bkz. önceki satır.,"SANAYİ ... VII. PLAN 1996-2000 HEDEF 6.0-7.7 GERÇEKLEŞME 4,0",hedef,X/XI dışı: 03-v1.2 sınıflaması (tablo başlığı ve cümle); 01.10.2026 güncellemesinde yeniden sınanmadı
8,S14,Sanayi katma değeri yıllık ortalama artışı,7.0,%/yıl,2005,4.9,2001-2005,ayni_olcu,"Strateji ve Bütçe Başkanlığı (Kalkınma Bakanlığı), Ekonomik ve Sosyal Göstergeler (1950-2014), Tablo 1.10 Plan Dönemlerinde Hedeflenen ve Gerçekleşen Büyüme Hızları, s. 12 (PDF s. 31); kaynak: Kalkınma Bakanlığı, TÜİK; https://www.sbb.gov.tr/wp-content/uploads/2018/11/Ekonomik_ve_Sosyal_Gostergeler_1950_2014.pdf","1987 bazlı seri, hedefle aynı (VIII. Plan Tablo 1). ESG Tablo 1.24 (s. 26, PDF s. 45; 1987 fiyatlarıyla madencilik + imalat + enerji) 2000→2005 hesap 4,89, tutarlı. Yeni 1998 bazlı seride (ESG Tablo 1.29, madencilik + imalat + elektrik + su) aynı dönem 4,4 (hesap); sonuç değişmez. 2001 krizi ortalamayı düşürdü (ESG Tablo 1.24'ten 2001 sanayi değişimi −7,5, hesap). Hedef tutmadı.","SANAYİ ... VIII. PLAN 2001-2005 HEDEF 7,0 GERÇEKLEŞME 4,9",hedef,X/XI dışı: 03-v1.2 sınıflaması (tablo başlığı ve cümle); 01.10.2026 güncellemesinde yeniden sınanmadı
9,S14,"Sanayi sektörü yıllık ortalama büyüme (imalat değil, toplam sanayi)",7.8,%/yıl,2007-2013,3.7,2007-2013,yakin_olcu,"Strateji ve Bütçe Başkanlığı (Kalkınma Bakanlığı), Ekonomik ve Sosyal Göstergeler (1950-2014), Tablo 1.10 Plan Dönemlerinde Hedeflenen ve Gerçekleşen Büyüme Hızları, s. 12 (PDF s. 31); kaynak: Kalkınma Bakanlığı, TÜİK; https://www.sbb.gov.tr/wp-content/uploads/2018/11/Ekonomik_ve_Sosyal_Gostergeler_1950_2014.pdf","Seri farkı: hedef 1987 bazlı ulusal hesaplarla yazıldı (IX. Plan Tablo 6.1, 09_2007-2013_en.pdf PDF s. 65); 1987 bazlı seri 2006'da bitti, gerçekleşme 1998 bazlı seriden. ESG Tablo 1.29 (s. 31, PDF s. 50; 1998 fiyatlarıyla madencilik + imalat + elektrik + su) 2006→2013 hesap 3,7, tutarlı. 2009 krizi. X. Plan (10_2014-2018.pdf, PDF s. 99) 2007-2012 için imalat üretim artışını 3,7 verir. İki seride büyüme hızları yakın (2001-2005: 4,9 / 4,4); açık 4 puan olduğu için seri seçimi sonucu değiştirmez.","SANAYİ ... IX. PLAN 2007-2013 HEDEF 7,8 GERÇEKLEŞME 3,7",hedef,X/XI dışı: 03-v1.2 sınıflaması (tablo başlığı ve cümle); 01.10.2026 güncellemesinde yeniden sınanmadı
10,S14,İmalat sanayii / GSYH (cari),16.5,%,2018,18.91,2018,ayni_olcu,"Dünya Bankası WDI, NV.IND.MANF.ZS (TÜİK ulusal hesaplar)",,,tahmin,"X Tablo 20 (PDF 101), dipnot: '2013 ve 2018 yılı verileri Onuncu Kalkınma Planı tahminleridir'"
10,S14,Yüksek teknoloji sektörlerinin imalat ihracatındaki payı,5.5,%,2018,3.5,2018,ayni_olcu,"2020 Yılı Cumhurbaşkanlığı Yıllık Programı, SBB; Tablo II: 3 İmalat Sanayiinin İhracat Yapısı, s. 104 (PDF s. 114); kaynak TÜİK, OECD STAN; https://www.sbb.gov.tr/wp-content/uploads/2019/11/2020_Yili_Cumhurbaskanligi_Yillik_Programi.pdf","Aynı sınıflama: X. Plan'ın 2012 başlangıcı (3,7) 2015 Yılı Programı Tablo II: 32'deki (s. 199, PDF s. 227) ISIC Rev.3 OECD sınıflamalı, altın hariç seriyle aynı (2012: 3,7 / 31,4). 2021-2024 Programları 2018 için de 3,5 verir. XI. Plan (11_2019-2023.pdf, PDF s. 28 ve 63) 2018'i 3,2 yazar (2013'ü 3,1; oysa 2015 Programı 2013 için 3,5) — XI. Plan başka bir seri kullanmış; onunla da hedefin çok altında. Hedef tutmadı; pay 2012'ye göre geriledi.","Yüksek 6,5 3,5 3,9 3,5 24,4 (2003, 2016, 2017, 2018, Dünya 2016) ... (1) ISIC Rev.3 sınıflandırması esas alınmıştır.",tahmin,"X Tablo 20 (PDF 101), dipnot: '2013 ve 2018 yılı verileri Onuncu Kalkınma Planı tahminleridir'"
10,S14,Ortanın üstü teknoloji sektörlerinin imalat ihracatındaki payı,32.1,%,2018,36.4,2018,ayni_olcu,"2020 Yılı Cumhurbaşkanlığı Yıllık Programı, SBB; Tablo II: 3 İmalat Sanayiinin İhracat Yapısı, s. 104 (PDF s. 114); kaynak TÜİK, OECD STAN; https://www.sbb.gov.tr/wp-content/uploads/2019/11/2020_Yili_Cumhurbaskanligi_Yillik_Programi.pdf","Aynı sınıflama (bkz. yüksek teknoloji satırı). XI. Plan (PDF s. 28) ve 2021-2024 Programları da 2018 için 36,4 verir. Hedef (32,1) aşıldı; 2020 Programı artışı kimya, elektrikli teçhizat, makine ve otomotiv ihracatına bağlar. Not: X. Plan ortanın üstünde yalnız 0,7 puanlık artış öngörmüştü; gerçekleşme 5 puan.","Orta-yüksek 26,0 33,1 34,6 36,4 36,7 (2003, 2016, 2017, 2018, Dünya 2016) ... (1) ISIC Rev.3 sınıflandırması esas alınmıştır.",tahmin,"X Tablo 20 (PDF 101), dipnot: '2013 ve 2018 yılı verileri Onuncu Kalkınma Planı tahminleridir'"
11,S14,İmalat sanayii / GSYH (cari),21.0,%,2023,19.47,2023,ayni_olcu,"Dünya Bankası WDI, NV.IND.MANF.ZS (TÜİK ulusal hesaplar)",,,tahmin,"XI Tablo 12 'İmalat Sanayiinde Hedefler' (PDF 63), dipnot: '2023 yılı verileri On Birinci Kalkınma Planı tahminleridir'"
11,S14,Orta-yüksek teknolojili sanayilerin imalat ihracatındaki payı,44.2,%,2023,36.6,2023,ayni_olcu,"2026 Yılı Cumhurbaşkanlığı Yıllık Programı, SBB; Tablo II: 3 İmalat Sanayiinin İhracat Yapısı, s. 111 (PDF s. 128); kaynak TÜİK Dış Ticaret İstatistikleri; https://www.sbb.gov.tr/wp-content/uploads/2025/10/2026-Yili-Cumhurbaskanligi-Yillik-Programi.pdf","XI. Plan'ın 2018 başlangıcı (36,4) bu seride de 36,4 (2024 Programı Tablo II: 3). 2025 Yılı Programı Tablo II: 3 (PDF s. 128) 2023 için 36,5, aynı Programın hedef tablosu (PDF s. 136) 36,6 verir; XII. Plan (12_2024-2028.pdf, PDF s. 96) 37,0'ı 'gerçekleşme tahmini' olarak yazmıştı. Pay 2018'den bu yana yerinde saydı; hedefin 7,6 puan altında.","Orta-Yüksek 35,9 33,4 33,8 36,6 37,4 (2020, 2021, 2022, 2023, 2024)",tahmin,"XI Tablo 12 (PDF 63), dipnot: '2023 yılı verileri On Birinci Kalkınma Planı tahminleridir'"
11,S14,Yüksek teknolojili sanayilerin imalat ihracatındaki payı,5.8,%,2023,3.8,2023,yakin_olcu,"2026 Yılı Cumhurbaşkanlığı Yıllık Programı, SBB; Tablo II: 3 İmalat Sanayiinin İhracat Yapısı, s. 111 (PDF s. 128); kaynak TÜİK Dış Ticaret İstatistikleri; https://www.sbb.gov.tr/wp-content/uploads/2025/10/2026-Yili-Cumhurbaskanligi-Yillik-Programi.pdf","Başlangıç uyuşmazlığı: XI. Plan 2018'i 3,2 yazıyor, Programların TÜİK serisi (2020 Programı ISIC Rev.3 dipnotlu, 2024 Programı) 2018 için 3,5; bu yüzden yakin_olcu. XI. Plan'ın kendi serisinde 2023 değeri bulunamadı; Program serisindeki 3,8 hedefin (5,8) 2 puan altında, başlangıç farkı (0,3 puan) sonucu değiştirmez. 2025 Programı (PDF s. 128 ve 136) de 2023 için 3,8; XII. Plan (PDF s. 96) 3,7 tahmin etmişti. Hedef tutmadı.","Yüksek 3,4 3,0 3,1 3,8 3,6 (2020, 2021, 2022, 2023, 2024)",tahmin,"XI Tablo 12 (PDF 63), dipnot: '2023 yılı verileri On Birinci Kalkınma Planı tahminleridir'"
6,S15,Ar-Ge harcaması / GSMH,1,%,1994,0.4,1994,yakin_olcu,"Strateji ve Bütçe Başkanlığı (Kalkınma Bakanlığı), Ekonomik ve Sosyal Göstergeler (1950-2014), Tablo 8.31 Bilim ve Teknoloji Göstergeleri, s. 274 (PDF s. 293); kaynak: TÜİK, ULAKBİM, Türk Patent Enstitüsü; https://www.sbb.gov.tr/wp-content/uploads/2018/11/Ekonomik_ve_Sosyal_Gostergeler_1950_2014.pdf","Ölçü farkı: hedef GSMH'ya oran (VI. Plan PDF s. 324), gerçekleşme GSYİH'ya oran ve tablo tek ondalık veriyor; bu yüzden yakin_olcu. Sonraki planın değerlendirmesi aynı yönde: VII. Plan (07_1996-2000.pdf, PDF s. 83) 'GSYİH'dan ayrılan payın yüzde 1'e ... çıkarılmasında başarılı olunamamıştır' ve 'Türkiye'de ise bu pay yüzde 0,5 civarındadır' (yıl belirtmeden) yazar. OECD MSTI (2009 bazlı GSYH ile yeniden hesaplanmış) 1994 için 0,26 verir. Hangi seri ya da payda alınırsa alınsın hedefin yarısının altında; hedef tutmadı.","AR-GE Harcaması/GSYİH (%) 0,3 0,5 0,5 0,4 0,4 (1990, 1991, 1992, 1993, 1994)",hedef,X/XI dışı: 03-v1.2 sınıflaması (tablo başlığı ve cümle); 01.10.2026 güncellemesinde yeniden sınanmadı
6,S15,Her 10 bin kişiye düşen araştırmacı personel sayısı,15,kişi / 10 bin kişi,1994,6.5,1994,yakin_olcu,"Strateji ve Bütçe Başkanlığı (Kalkınma Bakanlığı), Ekonomik ve Sosyal Göstergeler (1950-2014), Tablo 8.31 Bilim ve Teknoloji Göstergeleri, s. 274 (PDF s. 293); kaynak: TÜİK, ULAKBİM, Türk Patent Enstitüsü; https://www.sbb.gov.tr/wp-content/uploads/2018/11/Ekonomik_ve_Sosyal_Gostergeler_1950_2014.pdf","Payda belirsiz: VI. Plan (PDF s. 324) yalnız 'her 10 bin kişiye' der; VII. Plan (07_1996-2000.pdf, PDF s. 83) hedefi 'iktisaden faal 10 bin kişiye düşen tam zaman eşdeğeri araştırmacı personel sayısının 15 kişiye' çıkarılması diye okur ve 'başarılı olunamamıştır' der. Gerçekleşme TÜİK'in TZE araştırmacı / on bin işgücü (iktisaden faal) oranı; bu yüzden yakin_olcu. Hedefteki 'araştırmacı personel' Ar-Ge personelinin tamamı diye okunsa aynı tabloda 1994 değeri 7,6; nüfus paydasıyla değer daha da düşer. VI. Plan'ın kendi sayıları da tutarsız (33 binin iki katı = 66 bin kişinin 15/10 bin olması için payda yaklaşık 44 milyon olmalı; ne nüfus ne işgücü). Her okumada hedefin yarısı civarında ya da altında; hedef tutmadı.","Araştırmacı Sayısı (Onbin İşgücüne Düşen - Lisans ve üstü derecede eğitimli) 5,4 5,7 6,0 6,3 6,5 (1990-1994)",hedef,X/XI dışı: 03-v1.2 sınıflaması (tablo başlığı ve cümle); 01.10.2026 güncellemesinde yeniden sınanmadı
7,S15,Ar-Ge harcaması / GSYİH,1.5,%,,0.5,2000,yakin_olcu,"Strateji ve Bütçe Başkanlığı (Kalkınma Bakanlığı), Ekonomik ve Sosyal Göstergeler (1950-2014), Tablo 8.31 Bilim ve Teknoloji Göstergeleri, s. 274 (PDF s. 293); kaynak: TÜİK, ULAKBİM, Türk Patent Enstitüsü; https://www.sbb.gov.tr/wp-content/uploads/2018/11/Ekonomik_ve_Sosyal_Gostergeler_1950_2014.pdf","Hedef yılı dosyada boş; VII. Plan (PDF s. 87) 'Plan döneminde tedricen artırılarak 2000'li yılların başında yüzde 1,5 seviyesine' der, plan sonu 2000 alındı (2001 ve 2002 de 0,5). yakin_olcu nedenleri: hedef yılı belirsiz; ESG değeri 1998 bazlı GSYH serisiyle (aynı tabloda 2003: 0,48), hedef 1987 bazlı GSYİH ile yazıldı. Eski bazdaki değerler daha yüksek ama yine çok uzak: VIII. Plan (08_2001-2005.pdf, PDF s. 134) 1997 için 0,49, IX. Plan (09_2007-2013_en.pdf, PDF s. 39) 2002 için 0,67. 2002 Yılı Programı (PDF s. 228) payın 'yüzde 1'e' bile çıkarılamadığını yazar. Hedef tutmadı; seri seçimi sonucu değiştirmez.","AR-GE Harcaması/GSYİH (%) ... 0,5 0,5 0,5 (2000, 2001, 2002)",hedef,X/XI dışı: 03-v1.2 sınıflaması (tablo başlığı ve cümle); 01.10.2026 güncellemesinde yeniden sınanmadı
7,S15,İktisaden faal on bin kişi başına araştırmacı sayısı,15,kişi / 10.000 iktisaden faal,,11.2,2000,ayni_olcu,"Strateji ve Bütçe Başkanlığı (Kalkınma Bakanlığı), Ekonomik ve Sosyal Göstergeler (1950-2014), Tablo 8.31 Bilim ve Teknoloji Göstergeleri, s. 274 (PDF s. 293); kaynak: TÜİK, ULAKBİM, Türk Patent Enstitüsü; https://www.sbb.gov.tr/wp-content/uploads/2018/11/Ekonomik_ve_Sosyal_Gostergeler_1950_2014.pdf","Aynı ölçü: TZE araştırmacı / on bin işgücü (işgücü = iktisaden faal nüfus). Hedef metni TZE demiyor ama VIII. Plan (08_2001-2005.pdf, PDF s. 134) ve 2002 Yılı Programı (PDF s. 228) aynı göstergeyi TZE olarak izliyor. Hedef yılı dosyada boş; '2000'li yılların başı' (VII. Plan PDF s. 87), plan sonu 2000 alındı; 2001-2002 değerleri de 15'in altında. VIII. Plan 1997 için 8,2 verir, ESG aynı yıl 8,4 (küçük revizyon). 2002 Yılı Programı: '15 kişiye çıkarılamamıştır'. Hedef tutmadı.","Araştırmacı Sayısı (Onbin İşgücüne Düşen - Lisans ve üstü derecede eğitimli) ... 11,2 10,5 11,2 (2000, 2001, 2002)",hedef,X/XI dışı: 03-v1.2 sınıflaması (tablo başlığı ve cümle); 01.10.2026 güncellemesinde yeniden sınanmadı
8,S15,Ar-Ge harcaması / GSYİH,1.5,%,2005,0.56,2005,yakin_olcu,"Dünya Bankası WDI, GB.XPD.RSDV.GD.ZS (UNESCO/TÜİK)","Dünya Bankası serisi, hedef yazıldıktan sonra revize edilen TÜİK değerlerini veriyor (ör. XI. Plan'ın 2017 başlangıcı 0,96, revize seride 1,18); sonuç değişmiyor.",,hedef,X/XI dışı: 03-v1.2 sınıflaması (tablo başlığı ve cümle); 01.10.2026 güncellemesinde yeniden sınanmadı
9,S15,Ar-Ge harcaması / GSYH,2.00,%,2013,0.81,2013,yakin_olcu,"Dünya Bankası WDI, GB.XPD.RSDV.GD.ZS (UNESCO/TÜİK)","Dünya Bankası serisi, hedef yazıldıktan sonra revize edilen TÜİK değerlerini veriyor (ör. XI. Plan'ın 2017 başlangıcı 0,96, revize seride 1,18); sonuç değişmiyor.",,hedef,X/XI dışı: 03-v1.2 sınıflaması (tablo başlığı ve cümle); 01.10.2026 güncellemesinde yeniden sınanmadı
9,S15,TZE araştırmacı sayısı,80000,kişi,2013,89075,2013,ayni_olcu,"OECD, Main Science and Technology Indicators (MSTI), DSD_MSTI@DF_MSTI 1.3, Türkiye, T_RS Researchers, FTE (Full time equivalent unit), 2013, yıllık (ulusal kaynak TÜİK); https://sdmx.oecd.org/public/rest/data/OECD.STI.STP,DSD_MSTI@DF_MSTI,1.3/TUR.A....?format=csvfilewithlabels","Aynı seri: IX. Plan'ın 2002 başlangıcı (23 995; 09_2007-2013_en.pdf, PDF s. 71) MSTI'de de 23 995; X. Plan'ın 2011 değeri 72 109 (10_2014-2018.pdf, PDF s. 98) MSTI'de 72 108,6. Tam sayıya yuvarlandı. 2015 Yılı Programı (s. 191, PDF s. 219): 'TZE araştırmacı sayısı 2012 yılı itibarıyla 82 bine ulaşmıştır'; yani hedef 2012'de aşılmıştı. 2016 Yılı Programı (PDF s. 233) 2014 için 89 657. Hedef aşıldı. Not: IX. Plan 2006 için 28 000 tahmin ederek hedefi düşük kurmuştu; 2006 gerçekleşmesi 42 663 (X. Plan PDF s. 98).","TUR,Türkiye,A,Annual,T_RS,Researchers,FTE,Full time equivalent unit,...,2013,,89074.86057",hedef,X/XI dışı: 03-v1.2 sınıflaması (tablo başlığı ve cümle); 01.10.2026 güncellemesinde yeniden sınanmadı
9,S15,Ar-Ge harcamalarında özel sektör payı,60,%,2013,47.5,2013,ayni_olcu,"2016 Yılı Programı, Kalkınma Bakanlığı; Tablo II: 28 Türkiye'nin Bilim ve Teknoloji Alanındaki Temel Göstergeleri, s. 210 (PDF s. 234); kaynak TÜİK, TÜBİTAK; https://www.sbb.gov.tr/wp-content/uploads/2022/07/2016_Yili_Programi.pdf","Aynı tanım: IX. Plan 'private sector is projected to realize at least 60 per cent' diyor ve 2002 için 28,7 veriyor (09_2007-2013_en.pdf, PDF s. 71); bu, TÜİK'in harcamayı GERÇEKLEŞTİREN sektörler ayrımında ticari kesimin payı (ESG Tablo 8.31, PDF s. 293: 2002 Ticari Kesim 28,7). Aynı değer: ESG Tablo 8.31 (PDF s. 294) 2013 için 47,5; OECD MSTI BERD/GERD 47,49. Finanse eden sektör tanımıyla da (ESG 2013 ticari kesim 48,9) hedefin altında; tanım sonucu değiştirmez. Hedef tutmadı.","Ar-Ge Harcamalarını Gerçekleştiren Sektörler (Yüzde) ... Özel Sektör 44,2 40,0 42,5 43,2 45,1 47,5 49,8 (2008-2014)",hedef,X/XI dışı: 03-v1.2 sınıflaması (tablo başlığı ve cümle); 01.10.2026 güncellemesinde yeniden sınanmadı
10,S15,Ar-Ge harcaması / GSYH,1.80,%,2018,1.27,2018,yakin_olcu,"Dünya Bankası WDI, GB.XPD.RSDV.GD.ZS (UNESCO/TÜİK)","Dünya Bankası serisi, hedef yazıldıktan sonra revize edilen TÜİK değerlerini veriyor (ör. XI. Plan'ın 2017 başlangıcı 0,96, revize seride 1,18); sonuç değişmiyor.",,tahmin,"X Tablo 19 (PDF 98), dipnot: '2013 ve 2018 yılı verileri Onuncu Kalkınma Planı tahminleridir'"
10,S15,Yerli patent başvuru sayısı,16000,adet,2018,7156,2018,ayni_olcu,"Dünya Bankası WDI, IP.PAT.RESD (WIPO)",,,hedef,X Tablo 22 'Patent Başvurularında Gelişmeler ve Hedefler' (PDF 107); dipnotta tahmin yok
10,S15,TZE araştırmacı sayısı,176000,kişi,2018,126249,2018,ayni_olcu,"2024 Yılı Cumhurbaşkanlığı Yıllık Programı, SBB; Tablo II: 16 Bilim ve Teknoloji Alanındaki Temel Göstergeler, s. 195 (PDF s. 208); kaynak TÜİK, TÜBİTAK, SCImago; https://www.sbb.gov.tr/wp-content/uploads/2023/10/2024-Yili-Cumhurbaskanligi-Yillik-Programi.pdf","Aynı ölçü; X. Plan'ın 2011 başlangıcı 72 109 (PDF s. 98) TÜİK serisi (MSTI 72 108,6). TÜİK sonradan 2015 sonrası araştırmacı serisini revize etti: 2026 Yılı Programı Tablo II: 16 (s. 188, PDF s. 205) ve OECD MSTI 2018 için 132 949 verir. Revizyon öncesi değer (hedef dönemine yakın yayım) yazıldı; revize değerle de hedefin yüzde 76'sı. Hedef tutmadı.",TZE Araştırmacı Sayısı 95 161 100 158 111 893 126 249 135 515 149 731 168 879 (2015-2021),tahmin,"X Tablo 19 (PDF 98), dipnot: '2013 ve 2018 yılı verileri Onuncu Kalkınma Planı tahminleridir'"
11,S15,Ar-Ge harcaması / GSYH,1.8,%,2023,1.42,2023,yakin_olcu,"Dünya Bankası WDI, GB.XPD.RSDV.GD.ZS (UNESCO/TÜİK)","Dünya Bankası serisi, hedef yazıldıktan sonra revize edilen TÜİK değerlerini veriyor (ör. XI. Plan'ın 2017 başlangıcı 0,96, revize seride 1,18); sonuç değişmiyor.",,tahmin,"XI Tablo 23 'Bilim, Teknoloji ve Yenilik Hedefleri' (PDF 108), dipnot: '2023 yılı verileri On Birinci Kalkınma Planı tahminleridir'"
11,S15,TZE Ar-Ge personeli sayısı,300000,kişi,2023,290850,2023,ayni_olcu,"2026 Yılı Cumhurbaşkanlığı Yıllık Programı, SBB; Tablo II: 16 Bilim ve Teknoloji Alanındaki Temel Göstergeler, s. 188 (PDF s. 205); kaynak TÜİK, TÜBİTAK, SCImago; https://www.sbb.gov.tr/wp-content/uploads/2025/10/2026-Yili-Cumhurbaskanligi-Yillik-Programi.pdf","Aynı ölçü; XI. Plan'ın 2017 başlangıcı (153 552; PDF s. 108) tabloda aynı. OECD MSTI de 2023 için 290 850 verir (MSTI 2017'yi 158 563'e revize etmiş; 2023 değeri değişmiyor). XII. Plan (12_2024-2028.pdf, PDF s. 133) 2023 için 266 471 tahmin etmişti. Hedefin yüzde 97'si; 9 150 kişi eksik. Hedef tutmadı.",TZE Ar-Ge Personeli Sayısı 153 552 172 119 182 847 199 371 221 811 272 638 290 850 (2017-2023),tahmin,"XI Tablo 23 (PDF 108), dipnot: '2023 yılı verileri On Birinci Kalkınma Planı tahminleridir'"
11,S15,Yerli patent başvurularının toplam içindeki payı,53,%,2023,52.7,2023,ayni_olcu,"Türk Patent ve Marka Kurumu (TÜRKPATENT), Patent Yıllık İstatistikler, 'Patent Başvurularının Yıllara Göre Dağılımı' (xls, 05.01.2026 raporlama tarihi); https://www.turkpatent.gov.tr/patent-istatistik (dosya: https://webim.turkpatent.gov.tr/file/2c7830fa-7e72-48fc-958c-6c1fc5071f7f?download)","Hesaplandı (tek tablo): 8 663 / 16 433 = %52,7. Aynı tablodan 2018: 7 349 / 18 504 = %39,7, XI. Plan'ın başlangıç değeriyle birebir aynı (PDF s. 113); yani tanım aynı (yerli toplamı, PCT ve EPC yolları dahil / yabancı EPC geçişleri dahil genel toplam). DİKKAT: 2025 ve 2026 Yılı Programları (Tablo II: 25; 2026 Programı s. 208, PDF s. 225) aynı yılı yuvarlayıp '53' yazar; o okumayla hedef tam tutmuş görünür. Tek ondalıkla hedefin 0,3 puan altında. Pay 2022'de %56,8 idi (9 009 / 15 856); 2024 Yılı Programı (PDF s. 228) 2023'teki yerli başvuru düşüşünü Şubat 2023 depremlerine bağlar. Hedef çok az farkla tutmadı.","2023 | Yerli: TÜRKPATENT 8274, PCT 155, EPC 234, Toplam 8663 | Yabancı: TÜRKPATENT 96, PCT 216, EPC 7458, Toplam 7770 | Genel Toplam 16433",tahmin,"XI Tablo 25 (PDF 113), dipnot: '2023 yılı verileri On Birinci Kalkınma Planı tahminleridir'"
2,S16,şehir konutu ihtiyacı/üretimi,900 000,konut (1968-1972 toplam),1972,713720,1968-1972,yakin_olcu,"Dördüncü Beş Yıllık Kalkınma Planı (1979-1983), DPT; veri/ham/planlar/04_1979-1983.pdf, PDF s. 488 (Hedefler, Konut Gereksinmesi, p. 1708)","II. Plan'daki 900 000 bir üretim hedefi değil, şehirlerde (10 000+ nüfus) doğacak konut İHTİYACI tahmini (Tablo 141); IV. Plan bu ihtiyacı dönemin üretimiyle doğrudan karşılaştırıyor, bu yüzden yakin_olcu. Üretimin ölçüsü belirtilmemiş; III. Plan Tablo 75 (03_1973-1977.pdf, PDF s. 123) 1970 için şehir konutu 'yıllık yapımı'nı 154 800 verir, bu DİE inşaat izni (ruhsat) değeriyle aynı (SBB Tablo 8.29: 154 825; kullanma izni 71 589). Yani 713 720 büyük olasılıkla ruhsata (başlanan konut) dayalı; tamamlanan (kullanma izinli) konut sayısı daha da düşük olurdu. İki ölçüde de ihtiyacın altında. IV. Plan açığın 'kent çevrelerini saran gecekondu ile' kapandığını yazar.","İkinci Beş Yıllık Kalkınma Planı döneminde gereksinme 900 000 birim olarak saptanmış, beş yılda 713 720 birim konut üretilmiştir.",tahmin,"X/XI dışı: 03-v1.2 sınıflaması (tablo başlığı ve cümle); 01.10.2026 güncellemesinde yeniden sınanmadı (ihtiyaç tahmini, üretim hedefi değil)"
5,S16,plan dönemi toplam konut inşaatı,1161 000,birim konut,1989,933876,1985-1989,yakin_olcu,"SBB, Ekonomik ve Sosyal Göstergeler (1950-2014), Tablo 8.29 İnşaat ve Kullanım İzinlerine Göre Konut Üretimi (daire sayısı; kaynak TÜİK), s. 272 (PDF s. 291); https://www.sbb.gov.tr/wp-content/uploads/2018/11/Ekonomik_ve_Sosyal_Gostergeler_1950_2014.pdf","Kullanım izni (tamamlanan daire) sütunu toplandı: 118 205 + 168 597 + 191 109 + 205 485 + 250 480 = 933 876. Hedef 1985-1989 toplamı (V. Plan Tablo 108: özel 1 089 bin + kamu 72 bin). Kullanım izni seçildi çünkü hedef 'inşa edilmesi' (tamamlanma) ve plan başlangıcını da bu seriyle veriyor ('Halen yılda 115 bin ruhsatlı konut inşa edilen', p. 106, 05_1985-1989.pdf PDF s. 223; 1983 kullanım izni 113 453, inşaat izni 169 037). DPT'nin kendi değerlendirmesi de aynı: VII. Plan (veri/ham/planlar/07_1996-2000.pdf, PDF s. 186) 'V'inci Plan döneminde 934 bin konut üretilmiş' der. Fark: kullanım izni yalnız belediye izinli yapıları sayar, ruhsatsız/izinsiz tamamlananlar dışarıda. DİKKAT: inşaat izni (başlanan) toplamı 2 036 272 ve hedefin üstünde; ölçü seçimi sonucu çeviriyor.","1985 259.187 118.205 / 1986 392.825 168.597 / 1987 497.674 191.109 / 1988 473.582 205.485 / 1989 413.004 250.480 (İnşaat İzni, Kullanım İzni)",hedef,X/XI dışı: 03-v1.2 sınıflaması (tablo başlığı ve cümle); 01.10.2026 güncellemesinde yeniden sınanmadı
11,S16,sosyal konut üretimi (plan dönemi),250 bin,konut,2023,200068,2019-2023,yakin_olcu,"2025 Yılı Cumhurbaşkanlığı Yıllık Programı, SBB; 2.4.4 Konut, a) Mevcut Durum, s. 364 (PDF s. 377); https://www.sbb.gov.tr/wp-content/uploads/2024/11/2025-Yili-Cumhurbaskanligi-Yillik-Programi-05112024.pdf","Değer TOKİ'nin 2019-2023'te tamamlayıp teslim ettiği TÜM konutlar; aynı kaynağa göre yaklaşık yüzde 90'ı sosyal konut, yani sosyal konut yaklaşık 180 bin (200 068 × 0,9 ≈ 180 061; oran kaynakta 'yaklaşık'). Hangisi alınırsa alınsın 250 bin hedefin altında. 'Üretim' burada tamamlanıp teslim edilen konut; inşaatı başlatılan konut sayısı daha yüksek olabilir (TOKİ duyuruları başlatılanı sayar, kullanılmadı). XII. Plan (12_2024-2028.pdf, PDF s. 53) 2019-2022 için 153 198 teslim ve yüzde 88,75 sosyal konut payı verir; 2023'te 46 870 teslim ediliyor, tutarlı. Belediyelerin ve Emlak Konut'un ürettiği dar gelirli konutları kapsam dışı; plan hedefi fiilen TOKİ programı.",Toplu Konut İdaresi Başkanlığı (TOKİ) tarafından 2019-2023 döneminde 200.068 konutun inşaatı tamamlanarak hak sahiplerine teslim edilmiştir. Üretilen konutların yaklaşık yüzde 90’ı sosyal konut niteliğindedir.,hedef,XI md. 686.2 (PDF 167): '250 bin sosyal konut üretilecektir'
11,S16,kentsel dönüşüm strateji belgesi hazırlanan il sayısı (kümülatif),81,il,2023,42,2023,ayni_olcu,"2025 Yılı Cumhurbaşkanlığı Yıllık Programı, SBB; 2.4.2 Kentsel Dönüşüm, d) Hedefler tablosu, s. 361 (PDF s. 374); https://www.sbb.gov.tr/wp-content/uploads/2024/11/2025-Yili-Cumhurbaskanligi-Yillik-Programi-05112024.pdf","Aynı gösterge, aynı kurum (Çevre, Şehircilik ve İklim Değişikliği Bakanlığı). 2023 sütunu dipnotsuz, yani gerçekleşme (2024 'gerçekleşme tahmini'). XII. Plan Tablo 47 (12_2024-2028.pdf, PDF s. 217) 2022'yi 42, 2023'ü tahmin olarak 45 verir; 2026 Programı (s. 370, PDF s. 387) 2024'ü de 42 gösterir. Yani 2022-2024 arasında sayı artmadı. Hedef 81, başlangıç (2018) 2; hedefin yaklaşık yarısı.","Kentsel Dönüşüm Strateji Belgesi Hazırlanan İl Sayısı (Kümülatif) Adet 42 45 55 (2023, 2024 gerçekleşme tahmini, 2025 program)",tahmin,"XI Tablo 45 (PDF 169), dipnot: '2023 yılı verileri On Birinci Kalkınma Planı tahminleridir'"
10,S17,zorunlu deprem sigortasına dâhil konut ve işyeri sayısı,"9,5",milyon,2018,8.9,2018,ayni_olcu,"On Birinci Kalkınma Planı (2019-2023), Tablo 49: Afet Yönetimi Hedefleri (kaynak: 2018 yılı verileri AFAD ve Doğal Afet Sigortaları Kurumu), veri/ham/planlar/11_2019-2023.pdf, PDF s. 178","Aynı gösterge adı ve aynı veri sahibi (DASK); X. Plan Tablo 37'nin 2012 değeri (4,8) de DASK verisi (10_2014-2018.pdf, PDF s. 152). Ölçü DASK'ın yürürlükteki poliçe (sigortalı konut ve işyeri) sayısı. 2020 Yılı Programı (s. 357, PDF s. 367) 'Ekim 2018'de 8,8 milyon olan sigortalı sayısı' der; tarih farkı 0,1 milyon. 2021 Yılı Programı (s. 378, PDF s. 389) 2019 için 9,5 verir, yani hedef bir yıl gecikmeyle tuttu. 2018 hedefinin 0,6 milyon altında.","Zorunlu Deprem Sigortasına Dâhil Olan Konut ve İşyeri Sayısı (Milyon) 8,9 12,1 (2018, 2023)",tahmin,"X Tablo 37 (PDF 152), dipnot: '2013 ve 2018 yılı verileri Onuncu Kalkınma Planı tahminleridir'"
11,S17,zorunlu deprem sigortasına dâhil konut ve işyeri sayısı,"12,1",milyon,2023,11.7,2023 (Ekim),yakin_olcu,"2025 Yılı Cumhurbaşkanlığı Yıllık Programı, SBB; Afet Yönetimi, d) Hedefler, Performans Göstergeleri, s. 359 (PDF s. 372); https://www.sbb.gov.tr/wp-content/uploads/2024/11/2025-Yili-Cumhurbaskanligi-Yillik-Programi-05112024.pdf","Aynı gösterge ve veri sahibi (DASK). XII. Plan Tablo 46 (12_2024-2028.pdf, PDF s. 215) de 2023 için 11,7 verir (DASK). yakin_olcu nedeni tarih: 2024 Yılı Programı (s. 397, PDF s. 410) 'Ekim 2022 itibarıyla 10,8 milyon olan sigortalı sayısı 2023 yılında aynı dönem itibarıyla 11,7 milyona ulaşmıştır' der; yani değer Ekim, yıl sonu değil. Yıl sonunda 12,1'e ulaşmak için iki ayda 0,4 milyon artış gerekirdi; Ekim 2024'te sayı 11,2'ye düştü (2025 Programı). XI. Plan'ın 2018 başlangıcı 8,9 aynı seride. Hedefin 0,4 milyon altında.","Zorunlu Deprem Sigortasına Dâhil Olan Konut ve İşyeri Sayısı (Milyon) Adet 11,7 11,2 12,7 (2023, 2024 gerçekleşme tahmini, 2025 program)",tahmin,"XI Tablo 49 (PDF 178), dipnot: '2023 yılı verileri On Birinci Kalkınma Planı tahminleridir'"
11,S17,risk azaltma planı hazırlanacak il sayısı (kümülatif),81,il,2023,81,2022 (kümülatif; en geç Ekim 2022),ayni_olcu,"2023 Yılı Cumhurbaşkanlığı Yıllık Programı, SBB; Afet Yönetimi, a) Mevcut Durum, s. 332 (PDF s. 345); https://www.sbb.gov.tr/wp-content/uploads/2022/11/2023-Yili-Cumhurbaskanligi-Yillik-Programi.pdf","Aynı ölçü (il afet risk azaltma planı hazırlanan il sayısı, kümülatif). Seyir: AFAD 2019 İdare Faaliyet Raporu (s. 91, PDF s. 93) 2019'da 1 il (Kahramanmaraş, hedef 2); 2022 Yılı Programı (s. 344 ve 347, PDF s. 357 ve 360) 2020'de 7 il, 'IRAP 61 ilde tamamlanmış' ve 2021 gerçekleşme tahmini 81. Hedef yılı 2023'ten önce 81 ile ulaşıldı; plan hazırlanmış olması uygulandığı anlamına gelmez (md). Hedef tuttu.",İl Afet Risk Azaltma Planları (İRAP) 81 ilde tamamlanmıştır.,tahmin,"XI Tablo 49 (PDF 178), dipnot: '2023 yılı verileri On Birinci Kalkınma Planı tahminleridir'"
2,S18,Yurt içi ham petrol üretimi,6,milyon ton,1972,3.388,1972,ayni_olcu,"Dördüncü Beş Yıllık Kalkınma Planı (1979-1983), DPT; veri/ham/planlar/04_1979-1983.pdf, PDF s. 416 (Tablo 211 Birincil Enerji Üretimi ve Hedefleri, orijinal birimler, bin ton)","3 388 bin ton, milyon tona çevrildi. Hedef 6 milyon ton; II. Plan döneminde üretim 2,75'ten 3,39 milyon tona çıktı.","Hampetrol 595 2 752 35,8 3 388 23,1 2 713 (1962, 1967, artış, 1972, artış, 1977)",hedef,X/XI dışı: 03-v1.2 sınıflaması (tablo başlığı ve cümle); 01.10.2026 güncellemesinde yeniden sınanmadı
2,S18,Ham petrol talebi,10,milyon ton,1972,10.953,1972,ayni_olcu,"Dördüncü Beş Yıllık Kalkınma Planı (1979-1983), DPT; veri/ham/planlar/04_1979-1983.pdf, PDF s. 397 (Tablo 198 Madencilik Yurt İçi Talep Tahminleri, 1972 miktar sütunu, bin ton)","10 953 bin ton, milyon tona çevrildi. II. Plan'daki 'talep' rafinerilerde işlenecek ham petrol miktarı; IV. Plan tablosu 'yurt içi talep' (tablo başlığı 'tahminleri' ama 1972 sütunu geçmiş yıl). III. Plan (PDF s. 303) aynı dönem için 'ham petrol tüketimini 3 milyon tondan 11 milyon tona yükseltmiştir' der. Hedef (10) aşıldı; üretim hedefi tutmadığı için fark ithalatla kapandı.","BİRİNCİL ENERJİ KAYNAKLARI (22 874,2) ... Ham Petrol 10 953,0 (1972, Miktar)",tahmin,X/XI dışı: 03-v1.2 sınıflaması (tablo başlığı ve cümle); 01.10.2026 güncellemesinde yeniden sınanmadı (talep tahmini)
2,S18,Hidrolik enerjinin enerji kullanımındaki payı,6.5,%,1972,3.4,1972,yakin_olcu,"Dördüncü Beş Yıllık Kalkınma Planı (1979-1983), DPT; veri/ham/planlar/04_1979-1983.pdf, PDF s. 410 (Tablo 203 Birincil Enerji Tüketimi ve Kaynakların Oranları, petrol eşdeğeri)","Genel toplam (ticari + odun + tezek/artık) içindeki pay alındı; II. Plan Tablo 357 de gayri ticari kaynakları paydaya katıyor. Fark: II. Plan payları taşkömürü eşdeğeriyle hesaplıyor (1967 başlangıcı 3,3), IV. Plan petrol eşdeğeriyle (1967 için 3,6). III. Plan (PDF s. 595, Tablo 431) 1972 için tahmin olarak 3,7 verir. Hangi seriyle bakılsa hedefin (6,5) yaklaşık yarısı.","Hidrolik Enerji ... 8Ü2 3.4 4,8 (1972: miktar bin TEP, genel toplamdaki pay %, ticari enerjideki pay %; OCR yazımı)",hedef,X/XI dışı: 03-v1.2 sınıflaması (tablo başlığı ve cümle); 01.10.2026 güncellemesinde yeniden sınanmadı
4,S18,Birincil enerji üretiminin tüketimi karşılama oranı,52.9,%,1983,50.6,1983,ayni_olcu,"Beşinci Beş Yıllık Kalkınma Planı (1985-1989), DPT; veri/ham/planlar/05_1985-1989.pdf, PDF s. 126 (Tablo 71, üretim) ve PDF s. 123 (Tablo 67, tüketim)","Oran iki değerden hesaplandı: 19 082 / 37 721 = %50,6. V. Plan 1978 tüketimini 33 992 bin TEP verir, IV. Plan aynı yıl için 35 084 der (gayri ticari enerji tahminleri revize); oran bu revizyondan az etkilenir. IV. Plan 1983 için 55 102 bin TEP tüketim / 29 130 bin TEP üretim öngörmüştü; iki büyüklük de çok altında kaldı.","TOPLAM (Bin TEP) 17889 19082 (üretim, 1978 1983) / TOPLAM (Bin TEP) 33992 37721 (tüketim, 1978 1983)",hedef,X/XI dışı: 03-v1.2 sınıflaması (tablo başlığı ve cümle); 01.10.2026 güncellemesinde yeniden sınanmadı
4,S18,Yerli ham petrol üretimi,6,milyon ton,1983,2.204,1983,ayni_olcu,"Beşinci Beş Yıllık Kalkınma Planı (1985-1989), DPT; veri/ham/planlar/05_1985-1989.pdf, PDF s. 126 (Tablo 71 Birincil Enerji Üretiminde IV. Plan Gerçekleşme ve V. Plan Hedefleri); aynı değer PDF s. 62 (Tablo 27)","2 204 bin ton, milyon tona çevrildi. Hedef 6 milyon ton; üretim dönemde yılda %4,3 azaldı.","Hampetrol (Bin ton) 2736 2204 —4,3 (1978, 1983, yıllık ortalama % artış)",hedef,X/XI dışı: 03-v1.2 sınıflaması (tablo başlığı ve cümle); 01.10.2026 güncellemesinde yeniden sınanmadı
5,S18,Birincil enerji üretimi (toplam),28582,bin TEP,1989,27827,1989,ayni_olcu,"Yedinci Beş Yıllık Kalkınma Planı (1996-2000), DPT; veri/ham/planlar/07_1996-2000.pdf, PDF s. 152 (Tablo 27 Birincil Enerji ve Elektrik Enerjisi Üretim ve Tüketiminde Gelişmeler, s. 139)","VI. Plan (PDF s. 278, Tablo 178) 1989'u 'tahmin' olarak 29 003 bin TEP verir; VII. Plan'ın gerçekleşme değeri alındı. Hidrolik dönüşümü iki planda da aynı (1 GWh = 250 TEP), seri V. Plan hedefiyle aynı yöntemde.","ÜRETİM BTEP 27 827 32 553 33 955 40 885 (1989 Gerçekleşme, 1994 Gerçekleşme, 1995 Gerç.Tahmini, 2000 Tahmin)",hedef,X/XI dışı: 03-v1.2 sınıflaması (tablo başlığı ve cümle); 01.10.2026 güncellemesinde yeniden sınanmadı
5,S18,Hidrolik enerjinin birincil enerji üretimi içindeki payı,20,%,1989,16.1,1989,ayni_olcu,"Yedinci Beş Yıllık Kalkınma Planı (1996-2000), DPT; veri/ham/planlar/07_1996-2000.pdf, PDF s. 153 (Tablo 28, hidrolik) ve PDF s. 152 (Tablo 27, toplam üretim)","Oran hesaplandı: 4 485 / 27 827 = %16,1 (hidrolik enerjinin tamamı yerli üretim, tüketim tablosundaki miktar üretimle aynı). 1989 kurak yıl: hidrolik üretim 17 940 GWh (VI. Plan tahmini 24 200 GWh). VI. Plan'ın 1988 değeri %25,2; hedefin tutmaması büyük ölçüde o yılın kuraklığından.","Hidrolik Enerji 4 485 8,6 (1989 Gerçekleşme) / ÜRETİM BTEP 27 827 (1989 Gerçekleşme)",hedef,X/XI dışı: 03-v1.2 sınıflaması (tablo başlığı ve cümle); 01.10.2026 güncellemesinde yeniden sınanmadı
6,S18,Birincil enerji talebi,76.4,milyon TEP,1994,63.982,1994,ayni_olcu,"Yedinci Beş Yıllık Kalkınma Planı (1996-2000), DPT; veri/ham/planlar/07_1996-2000.pdf, PDF s. 152 (Tablo 27, s. 139)","Hedef 'talep', gerçekleşme 'tüketim' (sonradan gerçekleşen talep = tüketim). 63 982 bin TEP, milyon TEP'e çevrildi. Aynı hidrolik dönüşüm yöntemi (VII. Plan 1994 hidrolik 7 644 bin TEP = 30 575 GWh × 0,25).","TÜKETİM BTEP 52 149 63 982 66 200 85 800 (1989 Gerçekleşme, 1994 Gerçekleşme, 1995 Gerç.Tahmini, 2000 Tahmin)",tahmin,X/XI dışı: 03-v1.2 sınıflaması (tablo başlığı ve cümle); 01.10.2026 güncellemesinde yeniden sınanmadı (talep tahmini)
6,S18,Birincil enerji üretimi (genel toplam),37350,bin TEP,1994,32553,1994,ayni_olcu,"Yedinci Beş Yıllık Kalkınma Planı (1996-2000), DPT; veri/ham/planlar/07_1996-2000.pdf, PDF s. 152 (Tablo 27, s. 139)","VI. Plan'ın başlangıç değeri (1989, 29 003) tahmindi; VII. Plan 1989'u 27 827 olarak verir. Başlangıç revize edilse de hedefe göre açık büyük.","ÜRETİM BTEP 27 827 32 553 33 955 40 885 (1989 Gerçekleşme, 1994 Gerçekleşme, 1995 Gerç.Tahmini, 2000 Tahmin)",hedef,X/XI dışı: 03-v1.2 sınıflaması (tablo başlığı ve cümle); 01.10.2026 güncellemesinde yeniden sınanmadı
6,S18,Elektrik üretiminde hidrolik payı,40,%,1994,39.1,1994,ayni_olcu,"DPT, 2007 Yılı Programı, Tablo IV.15 Elektrik Enerjisi Üretiminin Enerji Kaynaklarına Göre Dağılımı, s. 111 (PDF s. 136); https://www.sbb.gov.tr/wp-content/uploads/2022/07/2007_Yili_Programi.pdf","VII. Plan (veri/ham/planlar/07_1996-2000.pdf, PDF s. 152) de aynı sonucu verir: hidrolik 30 575 / toplam 78 256 GWh = %39,1. Hedef %40.","1994 ... 47 657 60,8 30 586 39,1 79 78 322 100,0 (Termik, Hidrolik, Rüzgar, Toplam)",hedef,X/XI dışı: 03-v1.2 sınıflaması (tablo başlığı ve cümle); 01.10.2026 güncellemesinde yeniden sınanmadı
8,S18,Birincil enerji üretimi,29825,bin TEP,2005,26472,2005,ayni_olcu,"DPT, 2007 Yılı Programı, Tablo IV.14 Enerji Üretim ve Tüketiminde Gelişmeler, s. 111 (PDF s. 136); https://www.sbb.gov.tr/wp-content/uploads/2022/07/2007_Yili_Programi.pdf","VIII. Plan ile aynı (yeni) hidrolik dönüşüm yöntemi. Başlangıç yılı revize: VIII. Plan 2000 için 28 134 tahmin, 2007 Programı 27 621 gerçekleşme. Plan döneminde üretim önce düştü (2003: 23 779), 2005'te 2000 düzeyine dönemedi.",ÜRETİM BTEP 26 320 27 621 26 159 24 884 23 779 24 170 26 472 (1995-2005 Gerçekleş.),hedef,X/XI dışı: 03-v1.2 sınıflaması (tablo başlığı ve cümle); 01.10.2026 güncellemesinde yeniden sınanmadı
8,S18,Birincil enerji tüketimi,105970,bin TEP,2005,90077,2005,ayni_olcu,"DPT, 2007 Yılı Programı, Tablo IV.14 Enerji Üretim ve Tüketiminde Gelişmeler, s. 111 (PDF s. 136); https://www.sbb.gov.tr/wp-content/uploads/2022/07/2007_Yili_Programi.pdf","IX. Plan (İngilizce metin, veri/ham/planlar/09_2007-2013_en.pdf, PDF s. 35) 2005 için 92,5 milyon TEP der; 2006 Programı 2005'i tahmin olarak 92 527 bin TEP verir. Kesin değer olarak 2007 Programı'nın gerçekleşmesi alındı. Başlangıç da revize (2000: VIII. Plan 78 780 tahmin, 2007 Programı 81 193).",TÜKETİM BTEP 63 148 81 193 75 883 78 322 83 936 87 778 90 077 (1995-2005 Gerçekleş.),tahmin,X/XI dışı: 03-v1.2 sınıflaması (tablo başlığı ve cümle); 01.10.2026 güncellemesinde yeniden sınanmadı (tüketim projeksiyonu)
10,S18,Yenilenebilir kaynakların elektrik üretimindeki payı,29.0,%,2018,32.4,2018,ayni_olcu,"Cumhurbaşkanlığı SBB, 2020 Yılı Cumhurbaşkanlığı Yıllık Programı, 2.2.3.6 Enerji, d) Hedefler (kaynak: ETKB), s. 226 (PDF s. 236); https://www.sbb.gov.tr/wp-content/uploads/2019/11/2020_Yili_Cumhurbaskanligi_Yillik_Programi.pdf","XI. Plan (veri/ham/planlar/11_2019-2023.pdf, PDF s. 30) 2018 için 32,5 der (plan yazılırken tahmin). Hedef (29) aşıldı.","Yenilenebilir Kaynakların Elektrik Üretimindeki Payı Yüzde 32,4 33,0 36,4 (2018, 2019 Gerçekleşme Tahmini, 2020 Program)",tahmin,"X Tablo 25 (PDF 115), dipnot: '2013 ve 2018 yılı verileri Onuncu Kalkınma Planı tahminleridir'"
10,S18,Enerji ithalatı,74.4,milyar $,2018,43.0,2018,ayni_olcu,"T.C. Ticaret Bakanlığı, 2018 Yılı Faaliyet Raporu, Tablo 7 Dış Ticaretin Gelişimi, s. 42 (PDF s. 42) (kaynak: TÜİK); https://strateji.ticaret.gov.tr/data/5daf068713b87654702d58c4/TICARET_BAKANLIGI_013_2018_FAALIYET_RAPORU_OK_12.11.19_WEB.pdf","TÜİK dış ticaret, GTİP 27. fasıl (mineral yakıtlar), cari dolar, CIF. X. Plan'ın 2012 başlangıcı (60,1) da TÜİK'e ait ve aynı tanımla uyumlu. Aynı raporun Tablo 13'ü (PDF s. 46) 'mineral yakıtlar ve mineral yağlar' için 42 999 milyon dolar verir. Hedeften (74,4) düşük olması plan başarısı değil, 2014 sonrası petrol fiyatı düşüşünün sonucu.","Enerji (27. fasıl) İthalatı 37,2 43,0 15,6 (2017, 2018, Değişim %)",tahmin,"X Tablo 12 (PDF 79), dipnot: '2013 ve 2018 yılı verileri Onuncu Kalkınma Planı tahminleridir'"
11,S18,Yerli kaynaklardan üretilen elektrik,219.5,TWh,2023,188.5,2023,ayni_olcu,"Cumhurbaşkanlığı SBB, 2025 Yılı Cumhurbaşkanlığı Yıllık Programı, Enerji, d) Hedefler, s. 165 (PDF s. 178); https://www.sbb.gov.tr/wp-content/uploads/2024/11/2025-Yili-Cumhurbaskanligi-Yillik-Programi-05112024.pdf","XII. Plan (veri/ham/planlar/12_2024-2028.pdf, PDF s. 119) 2023 için tahmin olarak 176,0 verir; 2025 Programı'nın kesinleşmiş değeri alındı. Hedef 219,5.","Yerli Kaynaklardan Üretilen Elektrik Enerjisi Miktarı TWh 188,5 211,0 230,0 (2023, 2024 Gerçekleşme Tahmini, 2025 Program)",tahmin,"XI Tablo 27 (PDF 120), dipnot: '2023 yılı verileri On Birinci Kalkınma Planı tahminleridir'"
11,S18,Yenilenebilir kaynakların elektrik üretimindeki payı,38.8,%,2023,42.7,2023,ayni_olcu,"Cumhurbaşkanlığı SBB, 2025 Yılı Cumhurbaşkanlığı Yıllık Programı, Enerji, d) Hedefler, s. 165 (PDF s. 178); https://www.sbb.gov.tr/wp-content/uploads/2024/11/2025-Yili-Cumhurbaskanligi-Yillik-Programi-05112024.pdf","XII. Plan (veri/ham/planlar/12_2024-2028.pdf, PDF s. 119) 2023 için tahmin olarak 40 verir; 2025 Programı'nın kesinleşmiş değeri alındı. Hedef (38,8) aşıldı.","Yenilenebilir Kaynakların Elektrik Üretimindeki Payı Yüzde 42,7 45,0 48,0 (2023, 2024 Gerçekleşme Tahmini, 2025 Program)",tahmin,"XI Tablo 27 (PDF 120), dipnot: '2023 yılı verileri On Birinci Kalkınma Planı tahminleridir'"
2,S19,içme suyuna kavuşacak köy sayısı,12 500,köy (1968-1972 toplam),1972,19686,1968-1972,ayni_olcu,"Üçüncü Beş Yıllık Kalkınma Planı (1973-1977), DPT; veri/ham/planlar/03_1973-1977.pdf, PDF s. 52",Aynı planın PDF s. 657'sinde 19 694 'kırsal yerleşim birimi/proje' yazılıdır (hedefin yüzde 58 fazlası).,12 500 köye içme suyu temini hedef olarak almdığı halde uygulamada 19 686 köye içme suyu sağlanarak,hedef,X/XI dışı: 03-v1.2 sınıflaması (tablo başlığı ve cümle); 01.10.2026 güncellemesinde yeniden sınanmadı
3,S19,sulanan alan toplamı (Tablo 131 Sulama Dengesi),2 479,bin hektar,1977,2587,1977,ayni_olcu,"Dördüncü Beş Yıllık Kalkınma Planı (1979-1983), DPT; veri/ham/planlar/04_1979-1983.pdf, PDF s. 25 (Tablo 4, kaynak DİE)",Birim bin hektar. Aynı planın PDF s. 355 Tablo 166'sında 'Sulu Tarım 2 586' bin ha.,"1972 yılında 1,9 milyon hektar olan sulanan alan, 1977 yıhnda 2,6 milyon hektara ulaşmıştır",hedef,X/XI dışı: 03-v1.2 sınıflaması (tablo başlığı ve cümle); 01.10.2026 güncellemesinde yeniden sınanmadı
3,S19,sulamaya açılacak yeni alan,650,bin hektar,1977,545,1973-1977,ayni_olcu,"Dördüncü Beş Yıllık Kalkınma Planı (1979-1983), DPT; veri/ham/planlar/04_1979-1983.pdf, PDF s. 355 (Tablo 167 Kamu Sulama Şebeke Alanındaki Gelişmeler)","Kamu sulama şebekesi (büyük+küçük su) 1973-1977 toplamı 545 066 ha (1 520 540 − 975 474), bin ha'ya yuvarlandı. III. Plan hedefi de halk sulamalarını dışlıyordu (III. Plan PDF s. 251 dipnot 3).",II. Plan Sonu 975 474 ... III. Plan Sonu 869 720 650 820 1 520 540,hedef,X/XI dışı: 03-v1.2 sınıflaması (tablo başlığı ve cümle); 01.10.2026 güncellemesinde yeniden sınanmadı
3,S19,içme suyu götürülecek kırsal yerleşim ünitesi,22 000,kırsal yerleşim ünitesi,1977,16907,1973-1977,yakin_olcu,"Dördüncü Beş Yıllık Kalkınma Planı (1979-1983), DPT; veri/ham/planlar/04_1979-1983.pdf, PDF s. 97",Gerçekleşmenin 3 791'i mevcut tesisin geliştirilmesi/yenilenmesidir; hedef suyu yetersiz 22 000 ünitenin 'tamamına' su götürmekti. Plan dönemi sonunda hâlâ 36 931 birimde su yetersiz/yok (aynı sayfa).,"3 791 ünitesi geliş- tirme ve yenileme yatırımı olmak üzere, 16 907 üniteye su götürülmüş",hedef,X/XI dışı: 03-v1.2 sınıflaması (tablo başlığı ve cümle); 01.10.2026 güncellemesinde yeniden sınanmadı
6,S19,yeni sulama şebekesi alanı,750,bin hektar,1994,435.5,1990-1994,yakin_olcu,"Yedinci Beş Yıllık Kalkınma Planı (1996-2000), DPT; veri/ham/planlar/07_1996-2000.pdf, PDF s. 173 (Tablo 35 Kamu Kesiminde Toprak ve Su Kaynakları Gelişmeleri)","435 516 ha, bin hektara çevrildi. 1994 değeri 'gerçekleşme tahmini'; VIII. Plan (PDF s. 194 Tablo 40) VI. Plan sonu kümülatifini 3 189 176 yerine 3 134 438 ha olarak revize eder.","VI Plan Dönemi 435 516 171 440 (Sulama, Tarla İçi Geliştirme; hektar)",hedef,X/XI dışı: 03-v1.2 sınıflaması (tablo başlığı ve cümle); 01.10.2026 güncellemesinde yeniden sınanmadı
6,S19,sulama alanı,4541,1000 Ha,1994,4244,1994,yakin_olcu,"Yedinci Beş Yıllık Kalkınma Planı (1996-2000), DPT; veri/ham/planlar/07_1996-2000.pdf, PDF s. 171","Hedef serisi (VI. Plan Tablo 34, 1989 = 3 791) kamu+halk toplamı; gerçekleşme 'sulanabilir hale gelen' alan olarak ifade edilmiş (sulamaya açılan alan).","halk sulamaları ile birlikte, ekonomik olarak sulanabilir 8,5 milyon hektar alanın 4 milyon 244 bin hektarı sulanabilir hale gelmiştir",hedef,X/XI dışı: 03-v1.2 sınıflaması (tablo başlığı ve cümle); 01.10.2026 güncellemesinde yeniden sınanmadı
7,S19,plan döneminde yeni sulama şebekesi alanı,735,bin hektar,2000,471.9,1996-2000,yakin_olcu,"Sekizinci Beş Yıllık Kalkınma Planı (2001-2005), DPT; veri/ham/planlar/08_2001-2005.pdf, PDF s. 194 (Tablo 40 Kamu Kesiminde Toprak ve Su Kaynakları Alanında Gelişmeler)","471 919 ha, bin hektara çevrildi. 2000 yılı bileşeni (64 040 ha) 'program' değeridir, gerçekleşme değil.","VII.Plan Dönemi 471.919 157.234 (Sulama, Tarla İçi Geliştirme; hektar)",hedef,X/XI dışı: 03-v1.2 sınıflaması (tablo başlığı ve cümle); 01.10.2026 güncellemesinde yeniden sınanmadı
10,S19,işletmeye açılan sulama alanı (net kümülatif),"3,75",milyon ha,2018,3.34,2018,yakin_olcu,"On Birinci Kalkınma Planı (2019-2023), SBB; veri/ham/planlar/11_2019-2023.pdf, PDF s. 98 (Tablo 19, 2018 sütunu)",Kapsam: TOB + DSİ (hedef DSİ). Bkz. S13 satırı.,"Sulamaya Açılan Net Tarımsal Alan (Milyon Hektar, Kümülatif)1 3,34 5,34",hedef,X Tablo 24 'Gelişmeler ve Hedefler' (PDF 112); bu satırda tahmin dipnotu yok
10,S19,DSİ sulamalarında sulama oranı,68,%,2018,66,2018,ayni_olcu,"DSİ Genel Müdürlüğü, 2018 Yılı Faaliyet Raporu, performans sonuçları tablosu (A4 H2 PH1), PDF s. 143; https://cdniys.tarimorman.gov.tr/api/File/GetFile/425/KonuIcerik/759/1107/DosyaGaleri/dsi-2018-faaliyet-raporu.pdf",Tablo 2018 yıllık hedefini (66) ve gerçekleşmeyi (66) verir. XI. Plan (PDF s. 98 Tablo 19) 2018 sulama oranını 64 yazar; kaynaklar arasında 2 puan fark var.,Gerçekleşecek Sulama Oranı (%) 66 66 100 0 Hedefe Ulaşıldı,hedef,"X Öncelikli Dönüşüm Programı, Program Hedefleri (PDF 190): 'yüzde 68'e … çıkarılması'"
10,S19,DSİ sulamalarında sulama randımanı,50,%,2018,48,2018,ayni_olcu,"DSİ Genel Müdürlüğü, 2018 Yılı Faaliyet Raporu, performans sonuçları tablosu (A4 H2 PH1), PDF s. 143; https://cdniys.tarimorman.gov.tr/api/File/GetFile/425/KonuIcerik/759/1107/DosyaGaleri/dsi-2018-faaliyet-raporu.pdf",DSİ stratejik plan hedefi X. Plan'la aynı (%42'den %50'ye).,Gerçekleşecek Sulama Randımanı (%) 48 48 100 0 Hedefe Ulaşıldı,hedef,"X Öncelikli Dönüşüm Programı, Program Hedefleri (PDF 190): 'yüzde 50'ye çıkarılması'"
11,S19,sulama oranı,68,%,2023,68,2023,yakin_olcu,"On İkinci Kalkınma Planı (2024-2028), SBB; veri/ham/planlar/12_2024-2028.pdf, PDF s. 115 (Tablo 20 Tarım Sektörü Hedefleri)",2023 değeri 'gerçekleşme tahmini'; 2022 gerçekleşmesi 69.,"Sulama Oranı (%) 69 68 72 (2022, 2023, 2028)",tahmin,"XI Tablo 19 (PDF 98), dipnot: '2023 yılı verileri On Birinci Kalkınma Planı tahminleridir'"
11,S19,içme suyu kayıp kaçak oranı,25,%,2023,31.0,2023,yakin_olcu,"On İkinci Kalkınma Planı (2024-2028), SBB; veri/ham/planlar/12_2024-2028.pdf, PDF s. 227 (Kentsel altyapı hedefleri tablosu)","XII. Plan göstergeyi 'kayıp oranı' diye adlandırır (XI. Plan: 'kayıp kaçak oranı'); 2023 değeri gerçekleşme tahmini, 2022 gerçekleşmesi 33,5.","İçme Suyu Kayıp Oranı (%) 33,5 31,0 26,0 (2022, 2023, 2028)",tahmin,"XI Tablo 46 (PDF 172), dipnot: '2023 yılı verileri On Birinci Kalkınma Planı tahminleridir'"
10,S20,en yüksek / en düşük gelirli bölge kişi başı gelir oranı,<4,kat,2018,4.28,2018,yakin_olcu,"2021 Yılı Cumhurbaşkanlığı Yıllık Programı, SBB; 2.4.7 Bölgesel Gelişme, d) Hedefler, Performans Göstergeleri, s. 351 (PDF s. 362); https://www.sbb.gov.tr/wp-content/uploads/2020/11/2021_Yili_Cumhurbaskanligi_Yillik_Programi.pdf","Bölge = İBBS Düzey-2 (26 bölge; X. Plan Tablo 31 notu, 10_2014-2018.pdf, PDF s. 135). Hedef '<4'. yakin_olcu nedeni seri kırılması: X. Plan'ın başlangıç değerleri (2006: 4,4; '2012': 4,3) aslında 2008 yılı kişi başı GSKD'dir (Tablo 31 dipnot 1) ve TÜİK'in eski 2004-2011 bölgesel serisinden; 2018 değeri 2009 bazlı (2016 revizyonu sonrası) seriden. TÜİK'in bugünkü serisi (Veri Portalı, DF_UH_BH_KISI_BASI, 2009 bazlı, TL) 2018 için TR10 İstanbul 73 455 / TRC2 Şanlıurfa-Diyarbakır 16 166 = 4,54 verir (tek tablo içinde oran); XI. Plan (PDF s. 164) 2017 için 4,281. Hiçbir yayımlanmış seride 2018 değeri 4'ün altında değil. DİKKAT: aynı bugünkü seride 2012 = 3,80 ve 2008 = 4,88; yani eski seride 4,3 olan başlangıç yeni seride 4,88. Hedef göreli okunursa (yaklaşık 0,3 puanlık azalma) yeni seride 2008→2018 düşüşü (4,88→4,54) benzer büyüklükte; bu yüzden en şüpheli satırlardan (md). Düzey hedefi olarak tutmadı.","En Yüksek Gelirli Bölgenin Kişi Başı Gelirinin En Düşük Gelirli Bölgeye Oranı (4) - 4,28 4,26 4,25 ... (1) 2018 yılı verisidir.",tahmin,"X Tablo 31 (PDF 135), dipnot: '2013 ve 2018 yılı verileri Onuncu Kalkınma Planı tahminleridir'"
10,S20,5. ve 6. bölge illerinde teşvik belgeli yatırımın payı,>20,%,2018,6.5,2018 (Ocak-Aralık),ayni_olcu,"T.C. Sanayi ve Teknoloji Bakanlığı, Yatırım Teşvik Belgesi Bülteni - Aralık 2019 Verileri, 2.2 Ocak-Aralık Dönemi Yatırım Teşvik Belgelerinin Bölgelere Göre Dağılımı (Öngörülen Sabit Yatırım Tutarı, Milyon TL); https://www.sanayi.gov.tr/assets/doc/Yat%C4%B1r%C4%B1mTe%C5%9FvikB%C3%BClteni-ARALIK-2019.docx (Yatırım Teşvik Bültenleri sayfası: https://www.sanayi.gov.tr/plan-program-raporlar-ve-yayinlar/yatirim-ve-tesvik-yayinlari/cr1103011916)","Hesaplandı (tek tablo): (6 264 + 6 309) / 192 881 = %6,52. Aynı tablonun yüzde dağılım satırı V. ve VI. Bölge için %3 + %3 verir. 'Muhtelif Bölgeler' (birden çok ili kapsayan yatırım) paydadan çıkarılırsa %6,68. Bölgeler 2012/3305 sayılı BKK'daki teşvik bölgeleri (X. Plan Tablo 31 dipnot 3, PDF s. 135); bülten bu sistemin bölge numaralarını kullanıyor. Aynı tablo: 2015 %7,2, 2016 %8,1, 2017 %10,3, 2019 %8,8. X. Plan'ın 2012 başlangıcı 14,9 (teşvik sisteminin ilk yarı yılı); bu seriyle karşılaştıramadım (bülten 2015'ten başlıyor). 2018'de I. Bölge'nin payı %62 (birkaç büyük belge). Hedefin (>20) üçte biri; hedef tutmadı.",Öngörülen Sabit Yatırım Tutarı (Milyon TL) 2018: V.Bölge 6.264 | VI.Bölge 6.309 | Muhtelif Bölgeler* 4.664 | Toplam 192.881,tahmin,"X Tablo 31 (PDF 135), dipnot: '2013 ve 2018 yılı verileri Onuncu Kalkınma Planı tahminleridir'"
11,S20,en yüksek/en düşük gelirli bölge kişi başı gelir oranı,"3,85",oran,2023,4.15,2023,ayni_olcu,"2026 Yılı Cumhurbaşkanlığı Yıllık Programı, SBB; 2.4.7 Bölgesel Gelişme, d) Hedefler, Performans Göstergeleri, s. 391 (PDF s. 408); https://www.sbb.gov.tr/wp-content/uploads/2025/10/2026-Yili-Cumhurbaskanligi-Yillik-Programi.pdf","Aynı gösterge (İBBS-2, kişi başı GSYH; XI. Plan Tablo 42, PDF s. 164 başlıkta '(%)' yazsa da değer orandır). Aynı 2009 bazlı seri: XI. Plan'ın 2017 başlangıcı 4,281; TÜİK Veri Portalı (DF_UH_BH_KISI_BASI) 2017 için 4,31 ve 2023 için TR10 İstanbul 491 599 TL / TRC2 Şanlıurfa-Diyarbakır 119 660 TL = 4,11 verir (sonraki revizyon; tek tablo içinde oran). Ara yıllar (programlar): 2020 4,18, 2021 4,59, 2022 4,51. XII. Plan (PDF s. 229) 2023 için 4,30 tahmin etmişti. Hangi yayım alınırsa alınsın 3,85'in üstünde; hedef tutmadı. (TÜİK serisinde 2024 = 3,78; hedef yılından sonra.)","En Yüksek Gelirli Bölgenin Kişi Başı Gelirinin En Düşük Gelirli Bölgenin Kişi Başı Gelirine Oranı (4) Oran 4,15(3) 4,1 4,0 ... (3) 2023 yılı verisidir.",tahmin,"XI Tablo 42 'Bölgesel Gelişme Hedefleri' (PDF 164), dipnot: '2023 yılı verileri On Birinci Kalkınma Planı tahminleridir'; XII aynı 3,85'i 2028 hedefi olarak yazar"
5,S21,Fiyat artışları (enflasyon),10,%,1989,63.3,1989,yakin_olcu,TÜİK İstatistik Göstergeler 1923–2011 Tablo 17.15,TÜFE yıllık ortalama (TEFE 63.9). Plan ölçü belirtmiyor; iki endeks de ~63,,hedef,X/XI dışı: 03-v1.2 sınıflaması (tablo başlığı ve cümle); 01.10.2026 güncellemesinde yeniden sınanmadı
6,S21,GSMH zımni deflatörü artış hızı,13.5,%,1994,107.3,1994,ayni_olcu,TÜİK İstatistik Göstergeler 1923–2011 Tablo 17.15,GSMH deflatörü yıllık. Aynı ölçü,,hedef,X/XI dışı: 03-v1.2 sınıflaması (tablo başlığı ve cümle); 01.10.2026 güncellemesinde yeniden sınanmadı
7,S21,GSMH deflatörü artışı (aralık alt ucu),6.0,%,2000,50.9,2000,yakin_olcu,TÜİK İstatistik Göstergeler 1923–2011 Tablo 17.15,GSMH deflatörü yıllık. Hedef aralığın üst ucu alındı,,hedef,X/XI dışı: 03-v1.2 sınıflaması (tablo başlığı ve cümle); 01.10.2026 güncellemesinde yeniden sınanmadı
7,S21,GSMH deflatörü artışı (aralık üst ucu),8.1,%,2000,50.9,2000,yakin_olcu,TÜİK İstatistik Göstergeler 1923–2011 Tablo 17.15,GSMH deflatörü yıllık. Hedef aralığın üst ucu alındı,,hedef,X/XI dışı: 03-v1.2 sınıflaması (tablo başlığı ve cümle); 01.10.2026 güncellemesinde yeniden sınanmadı
8,S21,TEFE yıllık artışı (2001 yılı sonu),10,%,2001,61.6,2001,yakin_olcu,TÜİK İstatistik Göstergeler 1923–2011 Tablo 17.15,TEFE yıllık ortalama. Plan yıl sonu diyor; tabloda yalnız ortalama var (2001 krizi),,hedef,X/XI dışı: 03-v1.2 sınıflaması (tablo başlığı ve cümle); 01.10.2026 güncellemesinde yeniden sınanmadı
8,S21,TEFE yıllık artışı (2002 yılı sonu),5,%,2002,50.1,2002,yakin_olcu,TÜİK İstatistik Göstergeler 1923–2011 Tablo 17.15,TEFE yıllık ortalama. Plan yıl sonu diyor; tabloda yalnız ortalama var,,hedef,X/XI dışı: 03-v1.2 sınıflaması (tablo başlığı ve cümle); 01.10.2026 güncellemesinde yeniden sınanmadı
9,S21,TÜFE artışı (yıl sonu),3.0,%,2013,7.40,2013,ayni_olcu,TCMB Tüketici Fiyatları tablosu (TÜİK),TÜFE Aralık yıllık değişim. Aynı ölçü,,hedef,X/XI dışı: 03-v1.2 sınıflaması (tablo başlığı ve cümle); 01.10.2026 güncellemesinde yeniden sınanmadı
10,S21,TÜFE yıllık artış hızı,4.5,%,2018,16.33,2018,ayni_olcu,"Dünya Bankası WDI, FP.CPI.TOTL.ZG (TÜİK TÜFE)",Yıllık ortalama TÜFE artışı.,,hedef,"X md. 493 (PDF 81): 'yüzde 4,5'e indirilmesi hedeflenmektedir'"
10,S21,TÜFE yıllık artışı (yıl sonu),4.5,%,2018,20.30,2018,ayni_olcu,TCMB Tüketici Fiyatları tablosu (TÜİK),TÜFE Aralık yıllık değişim. Aynı ölçü; XI. Plan tablosu da 20.3 yazıyor,,hedef,"X md. 493 (PDF 81): 'yüzde 4,5'e indirilmesi hedeflenmektedir'; Tablo 13 'Enflasyon Gelişmeleri ve Tahminleri' dipnotu tahmin"
11,S21,TÜFE (yıl sonu),5.0,%,2023,64.77,2023,ayni_olcu,TCMB Tüketici Fiyatları tablosu (TÜİK),TÜFE Aralık yıllık değişim. Aynı ölçü; XII. Plan tablosu 2023 tahmini 65.0,,hedef,XI md. 179 (PDF 38): 'enflasyon yüzde 5 hedefine kademeli bir şekilde yakınsayacaktır'; Tablo 7 'Enflasyon Tahminleri' dipnotu: '2023 yılı verisi On Birinci Kalkınma Planı tahminidir'
1,S22,İç tasarruf / GSMH (plan dönemi ortalaması),14.8,%,1963-1967,14.2,1963-1967,ayni_olcu,"Üçüncü Beş Yıllık Kalkınma Planı (1973-1977), DPT; Tablo 21 Planlı Dönemde Sabit Sermaye Yatırımlarının GSMH İçindeki Payı ve Kaynakları, veri/ham/planlar/03_1973-1977.pdf, PDF s. 60 (metin: PDF s. 58, paragraf 48). Aynı değer: Dördüncü Beş Yıllık Kalkınma Planı (1979-1983), Tablo 25, veri/ham/planlar/04_1979-1983.pdf, PDF s. 46 (metin: PDF s. 45, paragraf 78)","DPT'nin kendi hedef-gerçekleşme karşılaştırması: hedef sütunu 14,8 (I. Plan PDF s. 123 ile aynı kavram: sabit sermaye yatırımlarının iç tasarruflarla karşılanan kısmı, GSMH'ya oran, 1963-1967 ortalaması). III. Plan (1972) ve IV. Plan (1979) aynı 14,2'yi veriyor. Oran pozitif; hedefin 0,6 puan altında. Aynı tabloda dış kaynak payı 3,5 hedefe karşı 1,8: iç tasarruf hedefe yaklaştı, açığın çoğu beklenen dış kaynağın gelmemesinden (IV. Plan PDF s. 45). Fiyat bazı tabloda yazmıyor; iki sütun DPT'nin aynı karşılaştırması olduğu için ayni_olcu.","Bunun 14.2 si iç, 1.8 i de dış kaynaklardan sağlanmıştır. / Tablo 21: Iç kaynaklar 14,8 14,2 19,4 18,0 (I. Plan hedef, gerçekleşme; II. Plan hedef, gerçekleşme)",hedef,X/XI dışı: 03-v1.2 sınıflaması (tablo başlığı ve cümle); 01.10.2026 güncellemesinde yeniden sınanmadı
3,S22,Cari işlemler açığı,130,milyon $,1977,3425,1977,yakin_olcu,"Dördüncü Beş Yıllık Kalkınma Planı (1979-1983), DPT; Tablo 55 Ödemeler Dengesi Gerçekleşmeleri (cari fiyatlarla, milyon dolar; kaynak: Maliye Bakanlığı), veri/ham/planlar/04_1979-1983.pdf, PDF s. 85; karşılaştırma metni PDF s. 82, paragraf 193","İşaret: hedef açığı artı yazıyor (130); gerçekleşme de açık olarak artı yazıldı (IV. Plan tablosunda -3 425 denge). Hedef 1971 fiyatlarıyla (III. Plan PDF s. 222, paragraf 365: ödemeler dengesi hedefleri '1971 fiyatları ile tespit edilmiştir'; PDF s. 161: parasal büyüklükler 'aksi belirtilmedikçe 1971 fiyatları ile'), gerçekleşme cari dolar; bu yüzden yakin_olcu. Fark fiyat bazıyla açıklanamayacak kadar büyük (26 kat). DPT de aynı karşılaştırmayı yapıyor: 'III. Planda beş yıllık dönem toplamı olarak, 1971 fiyatlarıyla, 747 milyon dolarlık cari işlemler açığı öngörülmüştür. Gerçekleşen cari işlemler açığı, cari fiyatlarla, 7 852 milyon dolar' (PDF s. 82). Revize seri: SBB ESG Tablo 3.9 (TCMB) 1977 için -3 140; sonuç değişmiyor. Hedef tutmadı.",Cari İşlemler Dengesi - 8 | 484 | — 718 | — 1.880 | — 2.301 | — 3.425 (1972-1977),hedef,X/XI dışı: 03-v1.2 sınıflaması (tablo başlığı ve cümle); 01.10.2026 güncellemesinde yeniden sınanmadı
4,S22,Cari işlemler açığı,1350,milyon $,1983,2123,1983,ayni_olcu,"Beşinci Beş Yıllık Kalkınma Planı (1985-1989), DPT; Tablo 12 Ödemeler Dengesi (1983 fiyatlarıyla, milyon dolar), 1983 sütunu, veri/ham/planlar/05_1985-1989.pdf, PDF s. 37","İşaret: hedef açığı artı yazıyor (1 350); gerçekleşme de açık olarak artı yazıldı (tabloda -2 123 denge). Tablo 1983 fiyatlıdır; 1983 sütunu o yılın cari doları demek. Hedef IV. Plan Tablo 145 (PDF s. 262), milyon dolar, aynı kalem yapısı (dış ticaret + görünmeyenler). Revize seri: SBB ESG Tablo 3.9 (TCMB) 1983 için -1 923; ikisi de hedefin üstünde açık, sonuç değişmiyor. Hedef tutmadı (açık 1 350 yerine 2 123).",Cari işlemler Dengesi —2123 —1250 —1183 —1159 —1120' —1036 —1011 (1983-1989),hedef,X/XI dışı: 03-v1.2 sınıflaması (tablo başlığı ve cümle); 01.10.2026 güncellemesinde yeniden sınanmadı
5,S22,Cari işlemler açığı (cari fiyatlarla),1383,milyon $,1989,-961,1989,ayni_olcu,"Yedinci Beş Yıllık Kalkınma Planı (1996-2000), DPT; VI. Plan dönemi değerlendirmesi, veri/ham/planlar/07_1996-2000.pdf, PDF s. 21","İşaret: hedef açığı artı yazıyor (1 383); 1989'da açık değil fazla gerçekleşti, bu yüzden eksi yazıldı (-961 = 961 milyon dolar fazla). Hedef V. Plan PDF s. 36 cari fiyatlarla. VI. Plan (1989'da yazıldı; 06_1990-1994.pdf, PDF s. 28) aynı yıl için 820 milyon dolar fazla 'tahmin' veriyordu; SBB ESG Tablo 3.9 (TCMB, revize) +938. Üç kaynakta da fazla; hedef aşıldı (açık öngörülmüştü, fazla verildi).",1989 yılında 961 milyon dolar fazla veren cari işlemler hesabı,hedef,X/XI dışı: 03-v1.2 sınıflaması (tablo başlığı ve cümle); 01.10.2026 güncellemesinde yeniden sınanmadı
6,S22,Cari işlemler fazlası (cari fiyatlarla),2172,milyon $,1994,2631,1994,ayni_olcu,"1996 Yılı Programı, DPT; Tablo III.21 Ödemeler Dengesine İlişkin Değişkenler, s. 142 (PDF s. 168); https://www.sbb.gov.tr/wp-content/uploads/2022/07/1996_Yili_Programi.pdf. Aynı değer: 2002 Yılı Programı Tablo I.1, s. 16 (PDF s. 39), https://www.sbb.gov.tr/wp-content/uploads/2022/07/2002_Yili_Programi.pdf","İşaret: hedef fazlayı artı yazıyor (2 172); gerçekleşme de fazla, artı. VII. Plan (07_1996-2000.pdf, PDF s. 21) aynı yıl için '2,6 milyar dolar civarında fazla' diyor; SBB ESG Tablo 3.9 da 2 631. Hedef sayısal olarak aşıldı; ama fazla 1994 krizinde ithalatın çökmesinden geldi (VII. Plan, aynı sayfa), planın öngördüğü yoldan değil. 1993'te açık 6,4 milyar dolardı.",Cari İşlemler Dengesi (Milyon $) -2 625 250 - 974 -6 433 2 631 -2 339 -3 800 (1990-1996),hedef,X/XI dışı: 03-v1.2 sınıflaması (tablo başlığı ve cümle); 01.10.2026 güncellemesinde yeniden sınanmadı
7,S22,Cari işlemler dengesi,-3.9,milyar $,2000,-9.819,2000,ayni_olcu,"2002 Yılı Programı, DPT; Tablo I.1 Temel Ekonomik Büyüklükler, s. 16 (PDF s. 39); https://www.sbb.gov.tr/wp-content/uploads/2022/07/2002_Yili_Programi.pdf","İşaret: hedef dengeyi eksi yazıyor (-3,9 = açık); gerçekleşme de eksi (-9 819 milyon dolar = -9,819 milyar dolar). Aynı tabloda 2000 cari denge/GSMH -4,9. Tablo 'bavul ticareti dahil' dipnotlu (BPM5 dönemi TCMB serisi). Revize seri: SBB ESG Tablo 3.9 -9 920; sonuç değişmiyor. Hedef tutmadı (açık hedefin 2,5 katı).","Cari İşlemler Dengesi (3) 2 631 -2 339 -2 437 -2 638 1 984 -1 360 -9 819 2 896 116 (1994-2002, milyon dolar)",hedef,X/XI dışı: 03-v1.2 sınıflaması (tablo başlığı ve cümle); 01.10.2026 güncellemesinde yeniden sınanmadı
8,S22,Cari işlemler açığı / GSMH,2.5,%,2005,4.13,2005,yakin_olcu,"Dünya Bankası WDI, BN.CAB.XOKA.GD.ZS","Plan açığı GSMH'ya oranlar, seri GSYH'ya. Gerçekleşme açık olarak yazıldı (artı = açık).",,hedef,X/XI dışı: 03-v1.2 sınıflaması (tablo başlığı ve cümle); 01.10.2026 güncellemesinde yeniden sınanmadı
8,S22,Cari işlemler açığı,7.7,milyar $,2005,23.2,2005,ayni_olcu,"2007 Yılı Programı, DPT; Tablo II.34 Cari İşlemler Dengesi ve Finansmanı, s. 39 (PDF s. 64; aynı değer Tablo II.30, PDF s. 60); https://www.sbb.gov.tr/wp-content/uploads/2022/07/2007_Yili_Programi.pdf","İşaret: hedef açığı artı yazıyor (7,7); gerçekleşme de açık olarak artı yazıldı (tabloda -23,2 denge). Hedefin yazıldığı döneme en yakın, yılın tamamını gerçekleşme olarak veren resmî yayın. TCMB revizyonları: 2008 Yılı Programı (Tablo II.28, PDF s. 61) 2005 için -22,6; SBB ESG Tablo 3.9 (BPM6) -21,4. Hepsi hedefin üç katı; sonuç değişmiyor. Hedef tutmadı.","I. CARİ İŞLEMLER HESABI -1,5 -8,0 -15,6 -23,2 -30,7 -30,4 (2002-2007, milyar ABD doları)",hedef,X/XI dışı: 03-v1.2 sınıflaması (tablo başlığı ve cümle); 01.10.2026 güncellemesinde yeniden sınanmadı
9,S22,Cari işlemler dengesi / GSYH,-3.0,%,2013,-5.13,2013,ayni_olcu,"Dünya Bankası WDI, BN.CAB.XOKA.GD.ZS",,,hedef,X/XI dışı: 03-v1.2 sınıflaması (tablo başlığı ve cümle); 01.10.2026 güncellemesinde yeniden sınanmadı
9,S22,Cari işlemler açığı / GSYH,3,%,2013,5.13,2013,ayni_olcu,"Dünya Bankası WDI, BN.CAB.XOKA.GD.ZS",Plan açığı artı sayıyla yazmış; gerçekleşme de açık olarak yazıldı (artı = açık).,,hedef,X/XI dışı: 03-v1.2 sınıflaması (tablo başlığı ve cümle); 01.10.2026 güncellemesinde yeniden sınanmadı
10,S22,Cari işlemler dengesi / GSYH,-5.2,%,2018,-1.85,2018,ayni_olcu,"Dünya Bankası WDI, BN.CAB.XOKA.GD.ZS",,,hedef,"X md. 476 (PDF 79): 'yüzde 5,2'ye gerilemesi hedeflenmektedir'; Tablo 12 dipnotu tahmin"
11,S22,Cari işlemler dengesi / GSYH,-0.9,%,2023,-3.63,2023,ayni_olcu,"Dünya Bankası WDI, BN.CAB.XOKA.GD.ZS",,,ongoru,"XI md. 178 (PDF 38): 'yüzde 0,9 olarak gerçekleşmesi öngörülmektedir'; Tablo 6 dipnotu tahmin"
11,S22,Cari işlemler dengesi,-9.9,milyar $,2023,-40.5,2023,ayni_olcu,"2025 Yılı Cumhurbaşkanlığı Yıllık Programı, SBB; Tablo I: 20 Cari İşlemler Dengesi, s. 31 (PDF s. 44); aynı değer Tablo I: 3, s. 11 (PDF s. 24); https://www.sbb.gov.tr/wp-content/uploads/2024/11/2025-Yili-Cumhurbaskanligi-Yillik-Programi-05112024.pdf","İşaret: hedef dengeyi eksi yazıyor (-9,9); gerçekleşme de eksi. Tablo dipnotu (PDF s. 43-44): 2022 ve 2023 değerleri 2024 Ağustos'ta hizmetler dengesi kaynaklı revize edildi. 2026 Yıllık Programı (Tablo I: 20, PDF s. 45) 2023 için -41,5 veriyor; XII. Plan 2023 için -42,5 'tahmin'. Hepsi hedefin dört katı açık; sonuç değişmiyor. Not: XI. Plan'ın 2018 başlangıcı (-27,1) revizyon öncesi seriden; revize seride 2018 -14,6. Hedef tutmadı. Oran satırı (-0,9 → -3,63, WDI) zaten plan-hedef-gerceklesme.csv'de.","CARİ İŞLEMLER HESABI -46,6 -40,5 -22,0 -28,6 (2022-2025, milyar dolar)",tahmin,"XI Tablo 6 'Ödemeler Dengesine İlişkin Hedefler' (PDF 48), dipnot: '2023 yılı verileri On Birinci Kalkınma Planı tahminleridir'"
