sorun_id,plan_no,plan_donemi,gosterge,hedef_degeri,birim,hedef_yili,baslangic_degeri,baslangic_yili,alinti,dosya,pdf_sayfa,dogrulama,dogrulama_sayfa
S13,1,1963-1967,Tarım katma değeri yıllık artış hızı,4.2,%/yıl,1963-1967,,,"Sektörlerin gelişme hızları ise tarımda yüzde 4,2; madencilikte yüzde 9,3; imalât sanayiinde yüzde 12,9",01_1963-1967.txt,146,tam,146
S13,1,1963-1967,Yeni sulanacak alan (5 yılda),515,bin hektar,1967,,,"Bu miktar yatırımla 5 yılda, bugün sulanan alandan başka 515 bin hektar arazinin sulanması ve bugünkü Devlet sulama şebekelerinin iyileştirilmesi kabil olacaktır",01_1963-1967.txt,166,tam,166
S13,1,1963-1967,Sulanan alan / tarım alanı,6.3,%,1967,4.3,,"515 hektarlık arazinin sulanması ile tarım alanı içinde, sulanan alanların oranı yüzde 4,3 ten 6,3 e yükseltilecektir",01_1963-1967.txt,180,tam,180
S13,2,1968-1972,Tarım katma değeri yıllık artış hızı,4.2,%/yıl,1967-1972,3.0,1962-1967,"TABLO 144 — Ana Sektörlerde Katma Değer Artış Hızları | 1967-1972 yıllık artış hızı (%) | 1. Tanm 22,5 25,9 31,8 115,1 3,0 122,8 4,2",02_1968-1972.txt,303,tam,303
S13,2,1968-1972,Plan döneminde sulanacak alan,392000,hektar,1968-1972,,,Bitkisel üretim hedeflerine ulaşabilmek için bu dönemde 392 000 hektar alan sulanacaktır,02_1968-1972.txt,318,tam,318
S13,2,1968-1972,Sulanan alan / işlenen tarım arazisi,8.2,%,1972,6.6,1967,"Dönem sonunda sulanan alanların işlenen tarım arazisine oranı yüzde 8,2 ye çıkacaktır. Bu oran dönem başında yüzde 6,6 dır",02_1968-1972.txt,318,tam,318
S13,3,1973-1977,Tarım sektörü katma değeri büyümesi,3.7,%/yıl,1977,,,"Tanm sektörü katma değeı-inin de yılda ortalama yüzde 3,7, hizmetler sektörünün katma değerinin ise jalda ortalama yüzde 7,7 artması hedef olarak öngörülmüştür.",03_1973-1977.txt,190,tam,190
S13,3,1973-1977,Bitkisel üretim büyümesi,4.0,%/yıl,1977,,,"480. Üçüncü Beş Yıllık Plan döneminde bitkisel üretimin yılda or talama yüzde 4,0 oranmda artması hedef alınmış",03_1973-1977.txt,262,tam,262
S13,3,1973-1977,Ek sulanan alan (plan dönemi),540,bin hektar,1977,,,Üçüncü Plan döneminde 440 bin hekhın yeni açılacak devlet şebekelerinden olmak üzere yaklaşık olarak 540 bin hektarlık ek bir alanın sulanacağı tahmin edilmektedir,03_1973-1977.txt,255,tam,255
S13,4,1979-1983,Tarım sektörü katma değeri büyümesi,5.3,%/yıl,1983,,,"IV. Plan döneminde tarım sektörü katma değerinin piyasa fiyatlarıyla yılda ortalama yüzde 5,3, sanayi sektörünün yüzde 9,9, hizmetler sektörünün ise yüzde 8,5 oranında artması öngörülmüştür.",04_1979-1983.txt,219,tam,219
S13,4,1979-1983,Sulanan alan,3250,bin hektar,1983,2587,1977,Sulanan Bin Alanlar Hektar 1 300 1 540 2 041 2 587 3 250 | Birim 1962 1967 1972 1977 1983,04_1979-1983.txt,347,tam,347
S13,4,1979-1983,Yeni sulama şebekesi alanı,650000,hektar,1983,,,650 000 hektar alanda yeni sulama şebekesi yapılması ve IV. Plan dönemi sonunda fiilen sulama oranının yüzde 77'ye yükselmesi hedef alınmıştır,04_1979-1983.txt,357,tam,357
S13,5,1985-1989,Tarım üretimi yıllık ortalama artış,3.6,%/yıl,1985-1989,,,"228. V. Plan döneminde tanm üretimi yılda ortalama yüzde 3,6 oranında artacaktır.",05_1985-1989.txt,69,tam,69
S13,5,1985-1989,Sulanan alanların toplam tarım arazisi içindeki payı,14.8,%,1989,11.9,1984,"Sulanan Alanların Topl. Tarım Arazisi Payı Yüzde 7,2 100,0 9,3 129,2 11,9 165,3 14,8 205,6 | 1972 1977 1984 Tahmin 1989 Hedefi (Miktar Endeks)",05_1985-1989.txt,76,tam,76
S13,6,1990-1994,Tarım sektörü üretimi yıllık ortalama artış,4.2,%/yıl,1990-1994,,,"240. Plan döneminde tarım sektörü toplam üretiminde yıllık ortalama artışın yüzde 4,2 olması hedef alınmıştır.",06_1990-1994.txt,63,tam,63
S13,6,1990-1994,Sulamaya açılan alanın toplam sulanabilir alana oranı,53.4,%,1994,,,"243. Plan dönemi sonunda toplam sulanabilir alanın yüzde 53,4’ünün sulamaya açılması, ağaçlandırma ve erozyon kontrol çalışmalarının artırılarak yapılması hedef alınmıştır.",06_1990-1994.txt,63,tam,63
S13,6,1990-1994,Yeni sulama şebekesi kurulacak alan (plan dönemi toplamı),750,bin hektar,1990-1994,,,258. Plan döneminde mevcut şebekelerin bakım ve onarımlarının yapılarak etkinliklerinin artırılmasına ilaveten 750 bin hektar alanda yeni sulama şebekesi kurulması öngörülmüştür.,06_1990-1994.txt,66,tam,66
S13,7,1996-2000,Tarım katma değeri yıllık ortalama artışı (aralık alt ucu),2.9,%/yıl,2000,,,"Plan döneminde ana sektörler itibariyle yıllık ortalama katma değer artış hızının tarım sektöründe yüzde 2,9-3,7, sanayi sektöründe yüzde 6,0-7,7 ve hizmetler sektöründe yüzde 5,1-6,8 olacağı tahmin edilmektedir.",07_1996-2000.txt,216,tam,216
S13,7,1996-2000,Tarım katma değeri yıllık ortalama artışı (aralık üst ucu),3.7,%/yıl,2000,,,"Plan döneminde ana sektörler itibariyle yıllık ortalama katma değer artış hızının tarım sektöründe yüzde 2,9-3,7, sanayi sektöründe yüzde 6,0-7,7 ve hizmetler sektöründe yüzde 5,1-6,8 olacağı tahmin edilmektedir.",07_1996-2000.txt,216,tam,216
S13,7,1996-2000,Plan döneminde yeni sulama şebekesi kurulacak alan,735,bin hektar,2000,,,"Plan döneminde toplam 735 bin hektar alanda yeni sulama şebekesi kurulması ve sulanan alanlardan azami faydanın sağlanabilmesi için arazi geliştirme faaliyetlerine önem verilerek, 290 bin hektar alanda tarla içi geliştirme hizmetlerinin gerçekleştirilmesi öngörülmektedir.",07_1996-2000.txt,172,tam,172
S13,7,1996-2000,Kamu sulamaları kümülatif alanı (Plan sonu),3996176,hektar,2000,3189176,1994,"VI.Plan Sonu Kümülatif 3 189 176 789 366 ... VII.Plan Sonu Kümülatif 3 996 176 1 129 366 | Sütunlar: Sulama, Tarla İçi Geliştirme Hizmetleri (Hektar)",07_1996-2000.txt,173,tablo_sayilari,173
S13,8,2001-2005,Tarım katma değeri yıllık ortalama artışı,2.1,%/yıl,2005,,,"Sektörler itibariyle yıllık ortalama katma değer artış hızının tarımda yüzde 2,1, sanayide yüzde 7 ve hizmetlerde yüzde 7,5 olarak gerçekleşeceği tahmin edilmektedir.",08_2001-2005.txt,44,tam,44
S13,8,2001-2005,Plan döneminde yeni sulama şebekesi kurulacak alan,475,bin hektar,2005,,,"VIII. Plan döneminde toplam 475 bin hektar alanda yeni sulama şebekesi kurulması ve sulanan alanlardan azami faydan ın sağlanabilmesi için arazi geli ştirme faaliyetlerine önem verilerek, 3 10 bin hektar alanda tarla içi geli ştirme hizmetlerinin gerçekle ştirilmesi öngörülmektedir.",08_2001-2005.txt,194,tam,194
S13,8,2001-2005,Kamu sulamaları kümülatif alanı (Plan sonu),4182185,hektar,2005,3707185,2000,"VII.Plan Sonu Kümülatif 3.707. 185 980.589 ... VIII.Plan Sonu Kümülatif 4. 182.185 1.290.589 | Sütunlar: Sulama, Tarla İçi Geliştirme Hizmetleri (Hektar)",08_2001-2005.txt,194,tablo_sayilari,194
S13,9,2007-2013,Tarım sektörü yıllık ortalama büyüme,3.6,%/yıl,2007-2013,,,the annual average growth rate of agriculture sector is expected to be 3.6 per cent during the 2007-2013 period.,09_2007-2013_en.txt,67,tam,67
S13,9,2007-2013,DSİ sulama alanı (net kümülatif),3.00,milyon hektar,2013,2.55,2006,"2006 2013 | DSİ Irrigation Area (Net Cumulative), Million Hectare 2.55 3.00",09_2007-2013_en.txt,72,tam,72
S13,9,2007-2013,Arazi toplulaştırma (kümülatif),1.27,milyon hektar,2013,0.60,2006,"2006 2013 | Land Consolidation Activities of General Directorate of Agricultural Reforms (Cumulative), Million Hectare 0.60 1.27",09_2007-2013_en.txt,72,tam,72
S13,10,2014-2018,Arazi toplulaştırma (kümülatif),8.0,milyon hektar,2018,3.2,2012,"2006 2012 2013 2018 | Arazi Toplulaştırma Faaliyetleri (Kümülatif, Milyon ha) 0,6 3,2 4,2 8,0",10_2014-2018.txt,112,tam,112
S13,10,2014-2018,"İşletmeye açılan sulama alanı (net kümülatif, DSİ)",3.75,milyon hektar,2018,2.81,2012,"2006 2012 2013 2018 | İşletmeye Açılan Sulama Alanı (Net Kümülatif, Milyon ha) 2,53 2,81 2,91 3,75",10_2014-2018.txt,112,tam,112
S13,10,2014-2018,DSİ sulamalarında modern sulama (damlama/yağmurlama) alan payı,25,%,2018,20,,"DSİ tarafından geliştirilen sulama tesislerinde, su tasarrufu sağlayan tarla içi modern sulama yöntemlerinin (damlama ve yağmurlama) uygulandığı alanın toplam sulama alanı içindeki payının Plan döneminde yüzde 20’den yüzde 25’e yükseltilmesi",10_2014-2018.txt,190,tam,190
S13,11,2019-2023,Tarım sektörü büyüme hızı,3.1,%/yıl,2019-2023,,,"Tarım sektörünün yıllık ortalama yüzde 3,1 oranında büyümesi ve GSYH içerisindeki payının yüzde 5,4’ e gerilemesi",11_2019-2023.txt,41,tam,41
S13,11,2019-2023,Sulamaya açılan net tarımsal alan (kümülatif),5.34,milyon hektar,2023,3.34,2018,"Sulamaya Açılan Net Tarımsal Alan (Milyon Hektar, Kümülatif)1 3,34 5,34 | 2018 2023",11_2019-2023.txt,98,tam,98
S13,11,2019-2023,Tescili tamamlanan arazi toplulaştırma alanı (kümülatif),6.2,milyon hektar,2023,3.6,2018,"Tescil İşlemleri Tamamlanan Arazi Toplulaştırma Alanı (Milyon Hektar, Kümülatif)1 3,6 6,2 | 2018 2023",11_2019-2023.txt,98,tam,98
S13,12,2024-2028,Tarım sektörü büyüme hızı,3.1,%/yıl,2024-2028,,,"Tarım sektörünün yıllık ortalama yüzde 3,1 oranında büyümesi ve GSYH içerisindeki payının yüzde 6,2 olması",12_2024-2028.txt,69,tam,69
S13,12,2024-2028,Sulamaya açılan brüt tarımsal alan (kümülatif),7.85,milyon hektar,2028,7.10,2023,"Sulamaya Açılan Brüt Tarımsal Alan (Milyon Hektar, Kümülatif)1 6,96 7,10 7,85 | 2022 2023 2028",12_2024-2028.txt,115,tam,115
S13,12,2024-2028,Tescili tamamlanan arazi toplulaştırma alanı (kümülatif),10.0,milyon hektar,2028,7.30,2023,"Tescil İşlemleri Tamamlanan Arazi Toplulaştırma Alanı (Milyon Hektar, Kümülatif)1 6,78 7,30 10,0 | 2022 2023 2028",12_2024-2028.txt,115,tam,115
S14,1,1963-1967,İmalat sanayii katma değeri yıllık artış hızı,12.9,%/yıl,1963-1967,,,"Sektörlerin gelişme hızları ise tarımda yüzde 4,2; madencilikte yüzde 9,3; imalât sanayiinde yüzde 12,9",01_1963-1967.txt,146,tam,146
S14,1,1963-1967,İmalat sanayii / GSMH payı,16.7,%,1967,12.8,1962,"imalât sanayii yüzde 12,8 den yüzde 16,7 ye, enerji -ise yüzde 0,8 den yüzde. 1,1 e çıkacaktır",01_1963-1967.txt,146,tam,146
S14,1,1963-1967,Sanayi ürünleri ihracatı,82.3,milyon $,1967,56.0,1963,"TABLO : 376 — İhracat projeksiyonları (Milyon dolâr) 1963 ... 1967 | SANAYİ ÜRÜNLER! 56,0 60,9 71,5 73,4 82,3",01_1963-1967.txt,524,tam,524
S14,2,1968-1972,İmalat sanayii katma değeri yıllık artış hızı,11.1,%/yıl,1967-1972,,,"TABLO : 145 — Sanayi Sektöründe Gelişmenin bileşimi | Katma değer 1967 1972 Yıllık artış (%) | imalât sanayii 49 444 80 355 10,2 19 270 32 500 11,1",02_1968-1972.txt,304,tam,304
S14,2,1968-1972,Sanayi sektörü / GSMH payı,20.5,%,1972,16.3,1967,"sanayi sektörü ... gayrisafi millî hâsıla içindeki payı 1967 yılında yüzde 16,3 ten 1972 yılında yüzde 20,5 e yükselecektir",02_1968-1972.txt,75,tablo_sayilari,75
S14,2,1968-1972,Sanayi ürünleri ihracatı,197,milyon $,1972,90,1967,"sanayi ürünlerindeki ihracatın 1967 de 90 milyon dolar çevresinden, 1972 de 197 milyon dolara yükseleceği tahmin edilmektedir",02_1968-1972.txt,101,tam,101
S14,3,1973-1977,İmalat sanayii üretimi büyümesi,11.7,%/yıl,1977,,,"Sanayiin alt sektörlerinden madencilik üretiminin yılda orUlama yüzde 15,3, imalât sanayiindeki üretimin yüzde 11,7, enerji üretim değerinin de yüzde 12,© artması öngörülmüştür.",03_1973-1977.txt,191,tam,191
S14,3,1973-1977,Sanayinin GSYİH payı (faktör fiyatlarıyla),26.8,%,1977,22.6,1972,"faktör fiyatlarıyla gayrisafî yurtiçi hâsılada sanayinin payı 1972 de yüzde 22,6 dan 1977 de yüzde 26,8 e yükselecek",03_1973-1977.txt,190,tam,190
S14,3,1973-1977,Sanayi ürünlerinin toplam ihracattaki payı,42,%,1977,25.1,1972,"Sanayi ürünlerinin toplam ihracat içindeki payının 1972 yıİmda yüzde 25,1 den 1977.de yüzde 42 ye yükselmesi hedef alınmıştır",03_1973-1977.txt,220,tam,220
S14,4,1979-1983,İmalat sanayii üretimi büyümesi,11.4,%/yıl,1983,,,"İMALAT SANAYİİ TOPLAMI 715 925,8 1 226 910,2 11,4 | Alt Sektör 1978 1983 IV. Plan Yıllık Ortalama Yüzde Artışlar",04_1979-1983.txt,246,tam,246
S14,4,1979-1983,Sanayinin GSYİH payı (piyasa fiyatlarıyla),31.8,%,1983,29.5,1978,"piyasa fiyatlarıyla GSYİH'da sanayiin payı 1978'de yüzde 29,5'den 1983'de yüzde 31,8'e yükselecek",04_1979-1983.txt,219,tam,219
S14,4,1979-1983,Sanayi ürünleri dışsatım değeri,101.2,milyar TL (1978 fiyatları),1983,32.5,1978,"sanayi ürünleri dışsatım değeri 1978'de 32,5 milyar lira (Toplam dışsatmıın yüzde 56,5'i) iken yılda ortalama yüzde 25,5 oranında artarak 101,2 milyar liraya",04_1979-1983.txt,249,tam,249
S14,5,1985-1989,İmalat sanayii üretimi yıllık ortalama artış,7.3,%/yıl,1985-1989,,,"254. İmalat sanayi toplam üretimi V. Plan döneminde yılda ortalama yüzde 7,3 oranında artarak 9.505,0 milyar TL.’dan 13.4972 milyar TL.’na ulaşacaktır.",05_1985-1989.txt,83,tam,83
S14,5,1985-1989,İmalat sanayii ihracatı,2150.9,milyar TL,1989,1277.3,1984,"257. İmalat sanayii toplam ihracatı Plan döneminde yılda ortalama yüzde 11 dolayında artarak 1.277,3 milyar TL.’dan 2.150,9 milyar TL.'na ulaşacaktır.",05_1985-1989.txt,83,tam,83
S14,5,1985-1989,İmalat sanayii ihracatının toplam ihracat içindeki payı,82.77,%,1989,81.45,1984,"III —İMALAT SANAYİİ 4.507.85 78.70 ... 5701.32 81.45 26.48 9601.04 82.77 10.98 | 1983 Değer, Yüzde Dağılım; 1984 Değer, Yüzde Dağılım, Yüzde Artış; 1989 Değer, Yüzde Dağıtım; Yıllık Ort. % Artış",05_1985-1989.txt,32,tablo_sayilari,32
S14,6,1990-1994,İmalat sanayii üretimi yıllık ortalama artış,8.3,%/yıl,1990-1994,,,"339. Plan döneminde üretimin yıllık ortalama yüzde 8,3 oranında artması hedeflenmiştir.",06_1990-1994.txt,99,tam,99
S14,6,1990-1994,İmalat sanayii ihracatının toplam ihracat içindeki payı,90.5,%,1994,,,"341. İmalat sanayii üretiminin toplam üretim içindeki payının yüzde 44,6'ya, toplam yatırımlar içindeki payının yüzde 20,0'a ve toplam ihracat içindeki payının yüzde 90,5’e yükselmesi hedef alınmakta",06_1990-1994.txt,99,tam,99
S14,6,1990-1994,İmalat sanayii ihracatı,18.5,milyar $,1994,10.6,1989,"342. İmalat sanayii toplam ihracatı Plan döneminde yıllık ortalama yüzde 11,7 artışla 10,6 milyar dolardan 18,5 milyar dolara yükselecektir.",06_1990-1994.txt,99,tam,99
S14,7,1996-2000,Sanayi katma değeri yıllık ortalama artışı (aralık alt ucu),6.0,%/yıl,2000,,,"II. SANAYİ 1 039,2 25,8 27.0 - 27,2 6,0- 7,7 | Sütunlar: 1995 Katma Değer, 1995 GSYİH İçindeki Pay (%), 2000 GSYİH İçindeki Pay (%), 1995-2000 Yıllık Ortalama Değişme (%)",07_1996-2000.txt,216,tam,216
S14,7,1996-2000,Sanayi katma değeri yıllık ortalama artışı (aralık üst ucu),7.7,%/yıl,2000,,,"II. SANAYİ 1 039,2 25,8 27.0 - 27,2 6,0- 7,7 | Sütunlar: 1995 Katma Değer, 1995 GSYİH İçindeki Pay (%), 2000 GSYİH İçindeki Pay (%), 1995-2000 Yıllık Ortalama Değişme (%)",07_1996-2000.txt,216,tam,216
S14,7,1996-2000,Sanayinin GSYİH içindeki payı,27,%,2000,25.8,1995,"sanayi sektörünün payının yüzde 25,8'den yüzde 27'lere yükselmesi ... beklenmektedir.",07_1996-2000.txt,216,kismi,216
S14,8,2001-2005,Sanayi katma değeri yıllık ortalama artışı,7.0,%/yıl,2005,,,"2. Sanayi 12178,8 23,3 7,0 23,8 | Sütunlar: 2000 Katma Değer, 2000 GSYİH İçindeki pay (%), 2001-2005 Yıllık Ortalama Değişme (%), 2005 GSYİH İçindeki pay (%)",08_2001-2005.txt,45,tam,45
S14,8,2001-2005,Sanayinin GSYİH içindeki payı,23.8,%,2005,23.3,2000,"2. Sanayi 12178,8 23,3 7,0 23,8 | Sütunlar: 2000 Katma Değer, 2000 GSYİH İçindeki pay (%), 2001-2005 Yıllık Ortalama Değişme (%), 2005 GSYİH İçindeki pay (%)",08_2001-2005.txt,45,tam,45
S14,9,2007-2013,"Sanayi sektörü üretim payı (imalat değil, toplam sanayi)",27.2,%,2013,,,the share of the industry sector in total production is expected to increase during the Plan period and reach 27.2 per cent at the end of this period.,09_2007-2013_en.txt,67,tam,67
S14,9,2007-2013,"Sanayi sektörü yıllık ortalama büyüme (imalat değil, toplam sanayi)",7.8,%/yıl,2007-2013,,,the annual average growth rate of industry sector is projected to exceed the economic growth rate and to realize as 7.8 per cent.,09_2007-2013_en.txt,67,tam,67
S14,10,2014-2018,İmalat sanayii / GSYH (cari),16.5,%,2018,15.6,2012,"2006 2012 2013 2018 | İmalat Sanayii / GSYH (Cari, %) 17,2 15,6 15,5 16,5",10_2014-2018.txt,101,tam,101
S14,10,2014-2018,Yüksek teknoloji sektörlerinin imalat ihracatındaki payı,5.5,%,2018,3.7,2012,"2006 2012 2013 2018 | Yüksek Teknoloji Sektörlerinin İmalat Sanayii İhracatı İçindeki Payı (%) 5,6 3,7 3,7 5,5",10_2014-2018.txt,101,tam,101
S14,10,2014-2018,Ortanın üstü teknoloji sektörlerinin imalat ihracatındaki payı,32.1,%,2018,31.4,2012,"2006 2012 2013 2018 | Ortanın Üstü Teknoloji Sektörlerinin İmalat Sanayii İhracatı İçindeki Payı (%) 30,8 31,4 31,4 32,1",10_2014-2018.txt,101,tam,101
S14,11,2019-2023,İmalat sanayii / GSYH (cari),21.0,%,2023,19.1,2018,"İmalat Sanayii/GSYH (Cari, %) 19,1 21,0 | 2018 2023",11_2019-2023.txt,63,tam,63
S14,11,2019-2023,Orta-yüksek teknolojili sanayilerin imalat ihracatındaki payı,44.2,%,2023,36.4,2018,"Orta-Yüksek Teknolojili Sanayilerin İmalat Sanayii İhracatındaki Payı (%) 36,4 44,2 | 2018 2023",11_2019-2023.txt,63,tam,63
S14,11,2019-2023,Yüksek teknolojili sanayilerin imalat ihracatındaki payı,5.8,%,2023,3.2,2018,"Yüksek Teknolojili Sanayilerin İmalat Sanayii İhracatındaki Payı (%) 3,2 5,8 | 2018 2023",11_2019-2023.txt,63,tam,63
S14,12,2024-2028,İmalat sanayii / GSYH (cari),22.8,%,2028,20.5,2023,"İmalat Sanayii/GSYH (Cari, %) 22,1 20,5 22,8 | 2022 2023 2028",12_2024-2028.txt,96,tam,96
S14,12,2024-2028,Orta-yüksek teknolojili sanayilerin imalat ihracatındaki payı,44.0,%,2028,37.0,2023,"Orta-Yüksek Teknolojili Sanayilerin İmalat Sanayii İhracatındaki Payı (%) 33,8 37,0 44,0 | 2022 2023 2028",12_2024-2028.txt,96,tam,96
S14,12,2024-2028,Yüksek teknolojili sanayilerin imalat ihracatındaki payı,5.5,%,2028,3.7,2023,"Yüksek Teknolojili Sanayilerin İmalat Sanayii İhracatındaki Payı (%) 3,1 3,7 5,5 | 2022 2023 2028",12_2024-2028.txt,96,tam,96
S15,1,1963-1967,Kamu sektörü beş yıllık araştırma giderleri,1142,milyon TL,1963-1967,,,"TABLO : 369 — Beş yıllık araştırma giderleri (Milyon TL.) ... TOPLAM 1 142,0",01_1963-1967.txt,470,kismi,470
S15,1,1963-1967,Kamu sektörü yüksek eğitimli araştırma personeli ihtiyacı,1902,kişi,1963-1967,,,TABLO : 368 — Araştırma personeli ihtiyacı (1963 - 1967) (Kişi) | Yüksek Eğitim görmüş araştırma personeli 442 162 519 252 527 1902 | Toplam,01_1963-1967.txt,469,tam,469
S15,2,1968-1972,Araştırma harcamaları / GSMH,0.6,%,1968-1972,0.4,1963-1967,"toplam araştırma harcamalarının gayrisafi millî hasılaya olan yüzde 0,4 civarındaki oranı ... 1968 - 1972 dönemi için yüzde 0,6 ya çıkarılacaktır",02_1968-1972.txt,207,tablo_sayilari,207
S15,2,1968-1972,Araştırmacı sayısı,5000,kişi,1972,3500,,mevcut yukarı seviyede 3 500 araştırmacı sayısının 5 000 e çıkarılması sağlanacaktır,02_1968-1972.txt,207,tam,207
S15,2,1968-1972,Beş yıllık araştırma harcaması,3215,milyon TL,1968-1972,,,Bu amaçla 3 215 milyon lira araş- maya ayrılacaktır,02_1968-1972.txt,207,tam,207
S15,3,1973-1977,Ar-Ge harcaması / GSMH,,,,,,"sayısal hedef bulunamadı: Ar-Ge harcaması/GSMH, araştırmacı sayısı, patent hedefi (yalnız geçmiş: kamu Ar-Ge/GSMH 1970'te binde 3,5; araştırıcı 5 750)",03_1973-1977.txt,,hedef_yok,
S15,4,1979-1983,Ar-Ge harcaması / GSMH,,,,,,"sayısal hedef bulunamadı: Ar-Ge harcaması/GSMH, araştırmacı sayısı, patent hedefi (yalnız nitel: 'araştırma ve geliştirme harcamalarına daha bü)Tik kaynakların ayrılması')",04_1979-1983.txt,,hedef_yok,
S15,5,1985-1989,Ar-Ge harcaması / GSMH; araştırmacı sayısı; patent,,,,,,"sayısal hedef bulunamadı: Ar-Ge harcaması/GSMH, araştırmacı sayısı, patent aranmıştır; Bilim-Araştırma-Teknoloji bölümü (md. 697-704) yalnız nitel hedefler içeriyor",05_1985-1989.txt,,hedef_yok,
S15,6,1990-1994,Ar-Ge harcaması / GSMH,1,%,1994,,,945. Araştırma - Geliştirme harcamalarının GSMH’nın yüzde 1 ’ine çıkarılmasına çalışılacaktır.,06_1990-1994.txt,324,tam,324
S15,6,1990-1994,Her 10 bin kişiye düşen araştırmacı personel sayısı,15,kişi / 10 bin kişi,1994,,,"33 bin olan araştırmacı personel sayısı iki katına çıkarılacak, her 10 bin kişiye düşen araştırmacı personel sayısı 15 kişi olacaktır.",06_1990-1994.txt,324,tam,324
S15,6,1990-1994,Araştırmacı personel sayısı (33 binden iki katına),2,kat,1994,,,le; 33 bin olan araştırmacı personel sayısı iki katına çıkarılacak,06_1990-1994.txt,324,tam,324
S15,7,1996-2000,Ar-Ge harcaması / GSYİH,1.5,%,,,,"AR-GE faaliyetlerine GSYİH'dan ayrılan pay Plan döneminde tedricen artırılarak 2000'li yılların başında yüzde 1,5 seviyesine (belirsiz: hedef yılı '2000'li yılların başı' olarak yazılmış)",07_1996-2000.txt,87,tam,87
S15,7,1996-2000,İktisaden faal on bin kişi başına araştırmacı sayısı,15,kişi / 10.000 iktisaden faal,,,,iktisaden faal onbin kişiye düşen araştırmacı sayısı da 15'e çıkarılacaktır. (belirsiz: hedef yılı '2000'li yılların başı' ifadesine bağlı),07_1996-2000.txt,87,tam,87
S15,8,2001-2005,Ar-Ge harcaması / GSYİH,1.5,%,2005,,,"Ar-Ge faaliyetlerine GSY İH’dan ayrılan payın Plan dönemi sonunda yüzde 1,5 seviyesine",08_2001-2005.txt,135,tam,135
S15,8,2001-2005,İktisaden faal on bin kişi başına TZE araştırmacı sayısı,20,kişi / 10.000 iktisaden faal,2005,,,"iktisaden faal on bin ki şiye dü şen tam zaman eşdeğer araştırmacı sayısının, bir program dahilinde 20’ye çıkarılması hedeflenmektedir.",08_2001-2005.txt,135,tam,135
S15,9,2007-2013,Ar-Ge harcaması / GSYH,2.00,%,2013,0.80,2006,2002 2006* 2013 | The Share of R&D Expenditures in GDP (%) 0.67 0.80 2.00 (* Estimation of the Undersecretariat of SPO.),09_2007-2013_en.txt,71,tam,71
S15,9,2007-2013,TZE araştırmacı sayısı,80000,kişi,2013,28000,2006,"2002 2006* 2013 | The Number of Full Time Equivalent Researchers 23,995 28,000 80,000",09_2007-2013_en.txt,71,tam,71
S15,9,2007-2013,Ar-Ge harcamalarında özel sektör payı,60,%,2013,,,"As of 2013, the private sector is projected to realize at least 60 per cent of total R&D expenditures.",09_2007-2013_en.txt,71,tam,71
S15,10,2014-2018,Ar-Ge harcaması / GSYH,1.80,%,2018,0.86,2011,"2006 2011 2013 2018 | Ar-Ge Harcamalarının GSYH’ya Oranı (%) 0,60 0,86 0,92 1,80",10_2014-2018.txt,98,tam,98
S15,10,2014-2018,TZE araştırmacı sayısı,176000,kişi,2018,72109,2011,2006 2011 2013 2018 | TZE Cinsinden Araştırmacı Sayısı 42.663 72.109 80.000 176.000,10_2014-2018.txt,98,tam,98
S15,10,2014-2018,Yerli patent başvuru sayısı,16000,adet,2018,4543,2012,2006 2012 2013 2018 | Yerli Patent Başvuru Sayısı 1.090 4.543 5.600 16.000,10_2014-2018.txt,107,tam,107
S15,11,2019-2023,Ar-Ge harcaması / GSYH,1.8,%,2023,0.96,2017,"Ar-Ge Harcamalarının GSYH’ya Oranı (%) 0,961 1,8 | 2018 2023 (dipnot 1: 2017 yılı verisidir)",11_2019-2023.txt,108,tam,108
S15,11,2019-2023,TZE Ar-Ge personeli sayısı,300000,kişi,2023,153552,2017,Tam Zaman Eşdeğer (TZE) Cinsinden Ar-Ge Personeli Sayısı 153.5521 300.000 | 2018 2023 (dipnot 1: 2017 yılı verisidir),11_2019-2023.txt,108,tam,108
S15,11,2019-2023,Yerli patent başvurularının toplam içindeki payı,53,%,2023,39.7,2018,"Y erli Patent Başvurularının Toplam İçerisindeki Payı (%) 39,7 53 | 2018 2023",11_2019-2023.txt,113,tam,113
S15,12,2024-2028,Ar-Ge harcaması / GSYH,2.05,%,2028,1.55,2023,"Ar-Ge Harcamalarının GSYH’ya Oranı (%) 1,401 1,55 2,05 | 2022 2023 2028 (dipnot 1: 2021 yılı TÜİK verisidir)",12_2024-2028.txt,133,tam,133
S15,12,2024-2028,TZE araştırmacı sayısı,335000,kişi,2028,200857,2023,Tam Zaman Eşdeğer (TZE) Araştırmacı Sayısı 168.8791 200.857 335.000 | 2022 2023 2028,12_2024-2028.txt,133,tam,133
S15,12,2024-2028,Türkiye orijinli uluslararası patent başvuru sayısı,5000,adet,2028,1850,2023,Türkiye Orijinli Uluslararası Patent Başvuru Sayısı 1.771 1.850 5.000 | 2022 2023 2028,12_2024-2028.txt,139,tam,139
S18,1,1963-1967,Ham petrol ithalatı,604.8,milyon TL,1967,439.3,1963,"TABLO : 81 — Ham madde ithalâtı (Milyon TL.) 1963 1964 1965 1966 1967 | Ham petrol 439,3 483,5 531,9 585,1 604,8",01_1963-1967.txt,205,tam,205
S18,1,1963-1967,Hidrolik enerji payı (birincil enerji kullanımı),,%,1967,,,"belirsiz: TABLO : 280 — Birincil enerji kaynaklarının kullanılışı (%) 1963 1967 1977 — OCR tablo sütunları dağılmış, hidrolik satırının 1967 değeri güvenilir biçimde eşlenemiyor",01_1963-1967.txt,377,bulunamadi,
S18,2,1968-1972,Yurt içi ham petrol üretimi,6,milyon ton,1972,2.4,1967,"1967 yılında 2 milyon 400 bin ton ham petrol üretiminin yılda ortalama yüzde 20,1 artış ile 1972 yılında 6 milyon tona ulaşması beklenmektedir",02_1968-1972.txt,367,tam,367
S18,2,1968-1972,Ham petrol talebi,10,milyon ton,1972,5.5,1967,1967 yılında 5 milyon 500 bin ton olan ham petrol talebinin 1972 yılında 10 milyon tona ulaşacağı,02_1968-1972.txt,367,tam,367
S18,2,1968-1972,Hidrolik enerjinin enerji kullanımındaki payı,6.5,%,1972,3.3,1967,"TABLO : 357 - Enerji Kullanımında Muhtelif Kaynakların Payları (Yüzde olarak) | Petrol ürünleri Hidrolik enerji Odun Tezek Diğerleri | 1972 ... 36,9 6,5 11,8 9,4 8,2",02_1968-1972.txt,562,tablo_sayilari,562
S18,3,1973-1977,Enerji talebinin yerli kaynakla karşılanması,,,,,,sayısal hedef bulunamadı: birincil enerji yerli üretim karşılama oranı / petrol ithalatı / yerli-hidrolik elektrik payı hedefi (yalnız nitel 'öncelikle öz kaynaklardan yararlanılacaktır'; Tablo 437 OCR'de okunamıyor),03_1973-1977.txt,,hedef_yok,
S18,4,1979-1983,Birincil enerji üretiminin tüketimi karşılama oranı,52.9,%,1983,,,"1983 55 102 — 29 130 — 52,9 | Yıllar, Toplam enerji tüketimi, ..., Toplam enerji üretimi, ..., Üretimin tüketimi karşılama yüzdesi",04_1979-1983.txt,411,tam,411
S18,4,1979-1983,Yerli ham petrol üretimi,6,milyon ton,1983,,,"ham petrolde ise, IV. Plan döneminde üretimin yılda ortalama 17,4 artarak 1983'te 6 milyon tona ulaşması hedef alınmıştır.",04_1979-1983.txt,402,tam,402
S18,5,1985-1989,Birincil enerji üretimi (toplam),28582,bin TEP,1989,19697,1984,"TOPLAM (Bin TEP) 17889 19082 1.3 19697 28582 7,7 | 1978 1983 % artış 1984 1989 % artış",05_1985-1989.txt,126,tam,126
S18,5,1985-1989,Ham petrol ithalatı,22.4,milyon ton,1989,15.2,1984,"245. 1984 yılında 15.2 milyon ton olması beklenen ham petrol ithalatının 1989’da 22,4 milyon tona ulaşacağı tahmin edümektedir.",05_1985-1989.txt,77,tam,77
S18,5,1985-1989,Hidrolik enerjinin birincil enerji üretimi içindeki payı,20,%,1989,,,"V. Plan dönemi başında payı yüzde 29,8 olan linyit üretiminin dönem sonunda yüzde 38’e vaklaşacağı, hidrolik enerji payının yüzde 20’ye yükseleceği",05_1985-1989.txt,121,tam,121
S18,6,1990-1994,Birincil enerji talebi,76.4,milyon TEP,1994,,,"625. Plan döneminde, ekonomik büyüme ve sanayileşme hedeflerine paralel olarak, birincil enerji talebinin yüzde 8,0'lik bir artış göstermesi ve 1994 yılı sonunda 76,4 milyon ton petrol eşdeğerine ulaşması öngörülmektedir.",06_1990-1994.txt,272,tam,272
S18,6,1990-1994,Birincil enerji üretimi (genel toplam),37350,bin TEP,1994,29003,1989,"TABLO : 178 — Birincil Enerji Üretimi ve Kaynakların Oranları | 1984 1988 1989 1994 | GENEL TOPLAM 22 955 100,0 28 702 100,0 29 003 100,0 37 350 100,0 4,8 5,2",06_1990-1994.txt,278,tam,278
S18,6,1990-1994,Elektrik üretiminde hidrolik payı,40,%,1994,,,"Üretimin yüzde 40'ı hidrolik, yüzde 60’ı termik santrallardan sağlanacaktır.",06_1990-1994.txt,273,tam,273
S18,7,1996-2000,Birincil enerji üretimi,40885,bin TEP,2000,33955,1995,"ÜRETİM BTEP 27 827 32 553 33 955 40 885 3,2 3,8 | Sütunlar: 1989 Gerçekleşme, 1994 Gerçekleşme, 1995 Gerç.Tahmini, 2000 Tahmin, Yıllık Ortalama Artış (%) VI Plan, VII Plan",07_1996-2000.txt,152,tam,152
S18,7,1996-2000,Birincil enerji tüketimi,85800,bin TEP,2000,66200,1995,"TÜKETİM BTEP 52 149 63 982 66 200 85 800 4,2 5,3 | Sütunlar: 1989 Gerçekleşme, 1994 Gerçekleşme, 1995 Gerç.Tahmini, 2000 Tahmin, Yıllık Ortalama Artış (%) VI Plan, VII Plan",07_1996-2000.txt,152,tam,152
S18,7,1996-2000,Hidrolik enerjinin birincil enerji tüketimindeki payı,11.4,%,2000,12.3,1995,"Hidrolik Enerji 4 485 8,6 7 644 11,9 8 175 12,3 9 750 11,4 11,3 3,6 | Sütunlar: 1989, 1994, 1995 Gerçek. Tahmini, 2000 Tahmin (Miktar, Yüzde Dağılım), Yıllık Ortalama Artış VI. Plan, VII. Plan",07_1996-2000.txt,153,tam,153
S18,8,2001-2005,Birincil enerji üretimi,29825,bin TEP,2005,28134,2000,"ÜRETİM BTEP 26.320 28.133 28.134 29.825 1,3 1,2 | Sütunlar: 1995 Gerçekleşme, 1999 Gerçekleşme, 2000 Gerç.Tahmini, 2005 Tahmin, Yıllık Ortalama Artış (%) VII.Plan, VIII.Plan",08_2001-2005.txt,156,tam,156
S18,8,2001-2005,Birincil enerji tüketimi,105970,bin TEP,2005,78780,2000,"TÜKETİM BTEP 63.148 74.560 78.780 105.970 4,5 6,1 | Sütunlar: 1995 Gerçekleşme, 1999 Gerçekleşme, 2000 Gerç.Tahmini, 2005 Tahmin, Yıllık Ortalama Artış (%) VII.Plan, VIII.Plan",08_2001-2005.txt,156,tam,156
S18,8,2001-2005,Yenilenebilir enerjinin (hidrolik hariç) birincil enerji tüketimindeki payı,0.4,%,2005,0.2,2000,"Yenilenebilir Enerji 123 0,2 159 0,2 185 0,2 475 0,4 8,5 20,7 | Sütunlar: 1995, 1999, 2000 Gerç. Tahmini, 2005 Tahmin (Miktar, Yüzde Dağılım), Yıllık Ortalama Artış VII. Plan, VIII. Plan",08_2001-2005.txt,156,tam,156
S18,9,2007-2013,Enerji dışa bağımlılığı / yerli üretim payı,,,,,,"sayısal hedef bulunamadı: birincil enerjide yerli üretim payı, enerji ithalatı, yenilenebilir payı hedefi yok (yalnız birincil enerji talebi 147,400 bin TEP ve elektrik talebi projeksiyonu var)",09_2007-2013_en.txt,,hedef_yok,
S18,10,2014-2018,Birincil enerji üretiminde yerli kaynak payı,35,%,2018,28,2011,"2011 yılı sonunda birincil enerji üretiminde yüzde 28 olan yurtiçi ve yurtdışı petrol ve doğal gaz çıkarımları dâhil yerli kaynak payının, 2018 sonunda yüzde 35’e yükseltilmesi",10_2014-2018.txt,186,tam,186
S18,10,2014-2018,Yenilenebilir kaynakların elektrik üretimindeki payı,29.0,%,2018,27.0,2012,"2006 2012 2013 2018 | Yenilenebilir Kaynakların Elektrik Üretimindeki Payı (%) 25,3 27,0 27,7 29,0",10_2014-2018.txt,115,tam,115
S18,10,2014-2018,Enerji ithalatı,74.4,milyar $,2018,60.1,2012,"2006 2012 2013 2018 2014-2018 | Enerji İthalatı (Milyar Dolar) 28,9 60,1 58,7 74,4 4,9",10_2014-2018.txt,79,tam,79
S18,11,2019-2023,Yerli kaynaklardan üretilen elektrik,219.5,TWh,2023,150.0,2018,"Y erli Kaynaklardan Üretilen Elektrik Enerjisi Miktarı (TWh) 150,0 219,5 | 20181 2023 (1: 2018 verileri gerçekleşme tahminleridir)",11_2019-2023.txt,120,tam,120
S18,11,2019-2023,Yenilenebilir kaynakların elektrik üretimindeki payı,38.8,%,2023,32.5,2018,"Y enilenebilir Kaynakların Elektrik Üretimindeki Payı (%) 32,5 38,8 | 20181 2023",11_2019-2023.txt,120,tam,120
S18,12,2024-2028,Yerli kaynaklardan üretilen elektrik,270.0,TWh,2028,176.0,2023,"Yerli Kaynaklardan Üretilen Elektrik Enerjisi Miktarı (TWh) 190,4 176,0 270,0 | 2022 2023 2028",12_2024-2028.txt,119,tam,119
S18,12,2024-2028,Yenilenebilir kaynakların elektrik üretimindeki payı,50,%,2028,40,2023,"Yenilenebilir Kaynakların Elektrik Üretimindeki Payı (%) 42,4 40 50 | 2022 2023 2028",12_2024-2028.txt,119,tam,119
S21,1,1963-1967,Genel fiyat seviyesi artışı,,,,,,"sayısal hedef bulunamadı: toptan eşya/geçinme endeksi veya genel fiyat seviyesi için sayısal artış hedefi yok; yalnız nitel ifade (""fiyatların genel seviyesinde önemli artışlar olmıyacağı"")",01_1963-1967.txt,500,hedef_yok,
S21,2,1968-1972,Genel fiyat seviyesi artışı,,,,,,"sayısal hedef bulunamadı: toptan eşya/geçinme endeksi için sayısal hedef yok; nitel ifade: ""genel fiyat seviyesinin dönem içinde istikran sağlanacaktır""",02_1968-1972.txt,118,hedef_yok,
S21,3,1973-1977,Fiyat artışı (TEFE/geçinme/deflatör),,,,,,sayısal hedef bulunamadı: toptan eşya/geçinme endeksi/deflatör/genel fiyat artış hedefi (Fiyat politikası bölümü yalnız nitel: 'genel fiyat seviyesinde kalkınma hedefleri ile uyumlu olarak istikran korumak'),03_1973-1977.txt,,hedef_yok,
S21,4,1979-1983,Fiyat artışı (TEFE/geçinme/deflatör),,,,,,sayısal hedef bulunamadı: toptan eşya/geçinme endeksi/GSMH zımni deflatör artış hedefi (Fiyat politikası yalnız nitel; Ek 51 deflatör tablosu metinde yok),04_1979-1983.txt,,hedef_yok,
S21,5,1985-1989,Fiyat artışları (enflasyon),10,%,1989,,,139. Enflasyonla mücadele fiyat artışları 1989’da yüzde 10 civanna inecek şekilde sürdürülecektir.,05_1985-1989.txt,51,tam,51
S21,6,1990-1994,GSMH zımni deflatörü artış hızı,13.5,%,1994,,,"182. Fiyat artışlarının Plan dönemi boyunca tedricen düşürülmesi ve 1994 yılında GSMH zımni deflatöründeki artış hızının yüzde 13,5 dolayına indirilmesi hedef alınmıştır.",06_1990-1994.txt,50,tam,50
S21,7,1996-2000,GSMH deflatörü artışı (aralık alt ucu),6.0,%,2000,71.2,1995,"1995 yılında yüzde 71,2 olması beklenen GSMH deflatöründeki değişmenin, Plan dönemi sonunda yüzde 6,0-8,1 aralığına gerileyeceği tahmin edilmektedir.",07_1996-2000.txt,228,tam,228
S21,7,1996-2000,GSMH deflatörü artışı (aralık üst ucu),8.1,%,2000,71.2,1995,"1995 yılında yüzde 71,2 olması beklenen GSMH deflatöründeki değişmenin, Plan dönemi sonunda yüzde 6,0-8,1 aralığına gerileyeceği tahmin edilmektedir.",07_1996-2000.txt,228,tam,228
S21,8,2001-2005,TEFE yıllık artışı (2001 yılı sonu),10,%,2001,,,"TEFE yıllık artışının 2000 yılı sonu itibariyle yüzde 20, 2001 yılı sonunda yüzde 10 ve 2002 yılı sonunda da yüzde 5 düzeyine düşeceği tahmin edilmektedir.",08_2001-2005.txt,44,tam,44
S21,8,2001-2005,TEFE yıllık artışı (2002 yılı sonu),5,%,2002,,,"TEFE yıllık artışının 2000 yılı sonu itibariyle yüzde 20, 2001 yılı sonunda yüzde 10 ve 2002 yılı sonunda da yüzde 5 düzeyine düşeceği tahmin edilmektedir. (not: 2000-2002 Makroekonomik Program hedefi olarak aktarılmış; plan sonu 2005 için sayısal enflasyon hedefi yok, yalnız 'tek haneli' ifadesi)",08_2001-2005.txt,44,tam,44
S21,9,2007-2013,TÜFE artışı (yıl sonu),3.0,%,2013,,,"2006 2013 | Increase in CPI, End of Year, % 5.0** 3.0 --- (** 2006 Annual Programme target has been kept.)",09_2007-2013_en.txt,66,tablo_sayilari,66
S21,10,2014-2018,TÜFE yıllık artışı (yıl sonu),4.5,%,2018,6.2,2012,"2006 2012 2013 2018 2014-2018 | TÜFE (Yıl Sonu Yüzde Değişim) (%) 9,7 6,2 5,3 4,5 4,8",10_2014-2018.txt,81,tam,81
S21,10,2014-2018,TÜFE yıllık artış hızı,4.5,%,2018,,,"Plan döneminin ilk yıllarında TÜFE yıllık artış hızının yüzde 5 civarında korunması, sonrasında ise yüzde 4,5’e indirilmesi hedeflenmektedir.",10_2014-2018.txt,81,tam,81
S21,11,2019-2023,TÜFE (yıl sonu),5.0,%,2023,20.3,2018,"TÜFE (Yıl Sonu, %) 20,3 5,0 | 2018 2023",11_2019-2023.txt,49,tam,49
S21,12,2024-2028,TÜFE (yıl sonu),4.7,%,2028,65.0,2023,"TÜFE (Yıl Sonu, %) 64,3 65,0 4,7 | 2022 2023 2028",12_2024-2028.txt,80,tam,80
S22,1,1963-1967,Cari dış ödeme açığı / GSMH,2.8,%,1967,4,1962,"aynı dönem içinde cari dış ödeme açığının GSMH içindeki oranının yüzde 4 den yüzde 2,8 e düşmesi",01_1963-1967.txt,43,tam,43
S22,1,1963-1967,İç tasarruf / GSMH (plan dönemi ortalaması),14.8,%,1963-1967,12.8,,"önümüzdeki beş yıl içinde yatırımların gayrisâfi millî hasılaya oranı ortalama yüzde 18,3 e yükselecek bunun yüzde 3,5 i dış kaynaklarla yüzde 14,8 i iç tasarrufla finanse edilecektir",01_1963-1967.txt,123,tam,123
S22,1,1963-1967,Beş yıllık dış yardım ihtiyacı,1573,milyon $,1963-1967,,,kalan 1573 milyon dolâr sağlanması gereken beş yıllık dış yardım miktarını meydana getirmektedir,01_1963-1967.txt,525,tam,525
S22,2,1968-1972,Dış tasarruflar / GSMH,1.7,%,1972,2.0,1967,"dış tasarrufların GSMH içindeki payı 1967 yılında yüzde 2,0 dan 1972 yılında yüzde 1,7 ye düşürülecektir",02_1968-1972.txt,74,tam,74
S22,2,1968-1972,Yurt içi tasarruflar / GSMH,22.6,%,1972,17.9,1967,"Yurt içi tasarrufların gayrisafi mülî hasılaya oranı ise aynı yıllar arasında yüzde 17,9 dan yüzde 22,6 ya yükseltilecektir",02_1968-1972.txt,81,tam,81
S22,2,1968-1972,Dış yardım ihtiyacı (rezerv artışı hariç),229,milyon $,1972,247,1968,1968 yılında ihtiyaç duyulan dış yardım miktarı rezerv artışları için gerekli miktar hariç 247 milyon dolardan 1972 yılında 229 milyon dolara,02_1968-1972.txt,103,tam,103
S22,3,1973-1977,Cari işlemler açığı,130,milyon $,1977,182,1972,Üçüncü Plan döneminde carî işlemler açığınm giderek küçülmesi ve 1972 yılmda 182. milyon dolaıdan. 1977 yılmda 130 milyon dolara inmesi öngörülmektedir.,03_1973-1977.txt,222,tam,222
S22,3,1973-1977,Toplam iç tasarruflar / GSMH,25.4,%,1977,19.6,1972,"toplam iç tasarrufların yılda ortalama yüzde 13,6 artırılaraik, gayrisafî miUÎ hâsıla içindeki payının 1972 de yüzde 19,6 dan 1977 de yüzde 25,4 e yükseltümesi gerekmektedir.",03_1973-1977.txt,202,tam,202
S22,3,1973-1977,Plan dönemi dış kredi kullanımı,932,milyon $,1977,,,364. Üçüncü Plan döneminde toplam olarak 932 milyon dolarlık dış kredi kullanımı gerekmektedir.,03_1973-1977.txt,222,tam,222
S22,4,1979-1983,Cari işlemler açığı,1350,milyon $,1983,1585,1979,"682. Cari işlemler açığı ise, 1979'da 1.585 milyon dolar düzeyinden, 1983'te 1.350 milyon dolara düşecektir. (Tablo 145)",04_1979-1983.txt,261,tam,261
S22,4,1979-1983,İç tasarruflar / GSMH,22.4,%,1983,16.4,1978,"iç tasarrufların GSMH içindeki payı 1978'de yüzde 16,4 iken, 1983'te yüzde 22,4'e çıkacak dış tasarrufların payı ise yüzde 3,5'ten yüzde 2,0'a düşecektir.",04_1979-1983.txt,227,tam,227
S22,4,1979-1983,Plan dönemi toplam dış kaynak gereksinimi,15.2,milyar $,1983,,,"Türkiye'nin 1979 - 1983 döneminde toplam 15,2 müyar dolar düzeyinde dış kaynak gerek- 'inimi olacağı anlaşılmaktadır.",04_1979-1983.txt,261,tablo_sayilari,261
S22,5,1985-1989,Cari işlemler açığı (cari fiyatlarla),1383,milyon $,1989,1250,1984,"60. Bu gelişmeler sonucunda, 1984 yılında 1.250 milyon dolar olarak gerçekleşmesi beklenen cari işlemler açığı, 1989 yılında 1.383 milyon dolara yükselecektir.",05_1985-1989.txt,36,tam,36
S22,5,1985-1989,Cari işlemler dengesi (açık) / GSMH (1983 fiyatlarıyla),1.39,% GSMH,1989,2.32,1984,TABLO : 13 — ÖDEMELER DENGESİ KALEMLERİNİN GSMH’YA ORANI | 1983 1984 1985 1986 1987 1988 1989 | Cari işlemler Dengesi 4.14 2.32 2.09 1.93 1.75 1.52 1.39,05_1985-1989.txt,37,tam,37
S22,5,1985-1989,Yurt içi tasarruf / GSMH,20.5,%,1989,17.4,1984,"40. İç tasarrufların GSMH içindeki payı ise 1984 yılında yüzde 17,4 iken 1989 yılında yüzde 20,5 civarına yükselecektir.",05_1985-1989.txt,23,tam,23
S22,6,1990-1994,Cari işlemler fazlası (cari fiyatlarla),2172,milyon $,1994,820,1989,"1989 yılında 820,0 milyon dolar olarak tahmin edilen cari işlemler hesabı fazlası Plan dönemi sonunda 2.1 72,0 milyon dolara yükselecektir.",06_1990-1994.txt,28,tam,28
S22,6,1990-1994,Dış fazla / GSMH,4.0,%,1994,1.8,1989,"38. Dış fazlanın 1989 yılında yüzde 1,8 olan GSMH’ya oranının 1994 yılında yüzde 4,0 olması öngörülmüştür.",06_1990-1994.txt,20,tam,20
S22,6,1990-1994,Yurt içi tasarruf / GSMH,30.7,%,1994,26.0,1989,"48. 1989 yılında yurtiçi tasarrufların GSMH içindeki payı yüzde 26,0 iken, bu oran Plan dönemi sonunda yüzde 30,7’ye yükselecektir.",06_1990-1994.txt,26,tam,26
S22,7,1996-2000,Cari işlemler dengesi,-3.9,milyar $,2000,1.5,1995,"1995 yılında 1,5 milyar dolar fazla vermesi beklenen cari işlemler hesabının, 2000 yılında 3,9 milyar dolar açık vermesi beklenmektedir.",07_1996-2000.txt,223,tam,223
S22,7,1996-2000,"Dış kaynak / GSMH (GSMH büyümesi %5,5 senaryosu)",4.2,%,2000,,,"Dış kaynağın GSMH içindeki payının, Plan döneminde tedrici bir şekilde artarak 2000 yılında yüzde 4,2-3,2 aralığında gerçekleşmesi beklenmektedir.",07_1996-2000.txt,217,tam,217
S22,7,1996-2000,"Dış kaynak / GSMH (GSMH büyümesi %7,1 senaryosu)",3.2,%,2000,,,"Dış kaynağın GSMH içindeki payının, Plan döneminde tedrici bir şekilde artarak 2000 yılında yüzde 4,2-3,2 aralığında gerçekleşmesi beklenmektedir.",07_1996-2000.txt,217,tam,217
S22,7,1996-2000,Yurtiçi tasarruf / GSMH (aralık alt ucu),21.6,%,2000,21.6,1995,"1995 yılında yurtiçi tasarrufların GSMH'ya oranı yüzde 21,6 iken, bu oranın 2000 yılında yüzde 21,6-24,9 düzeyinde gerçekleşeceği tahmin edilmektedir.",07_1996-2000.txt,222,tam,222
S22,7,1996-2000,Yurtiçi tasarruf / GSMH (aralık üst ucu),24.9,%,2000,21.6,1995,"1995 yılında yurtiçi tasarrufların GSMH'ya oranı yüzde 21,6 iken, bu oranın 2000 yılında yüzde 21,6-24,9 düzeyinde gerçekleşeceği tahmin edilmektedir.",07_1996-2000.txt,222,tam,222
S22,8,2001-2005,Cari işlemler açığı,7.7,milyar $,2005,4.9,2000,"2000 yılında yaklaşık 4,9 milyar dolar olarak gerçekleşmesi beklenen cari i şlemler açığının 2005 yılında 7,7 milyar dolara yükseleceği",08_2001-2005.txt,49,tam,49
S22,8,2001-2005,Cari işlemler açığı / GSMH,2.5,%,2005,,,"cari i şlemler aç ığının GSMH içindeki pay ının temel y ıldaki de ğerini koruyarak 2005 yı lında yüzde 2,5 olarak gerçekleşeceği tahmin edilmektedir.",08_2001-2005.txt,49,tam,49
S22,8,2001-2005,Yurtiçi tasarruf oranı,17,%,2005,,,"yurtiçi tasarruf oran ının, 2000 y ılına göre belirgin bir de ğişiklik göstermeyeceğ i ve yaklaşık yüzde 17 düzeyinde gerçekle şeceği tahmin edilmektedir.",08_2001-2005.txt,47,tam,47
S22,9,2007-2013,Cari işlemler dengesi / GSYH,-3.0,%,2013,-7.3,2006,"2006 2013 | Current Account Balance / GDP , % -7.3 -3.0 ---",09_2007-2013_en.txt,66,tam,66
S22,9,2007-2013,Cari işlemler açığı / GSYH,3,%,2013,6.4,2005,the ratio of the current account deficit to GDP will decrease from 6.4 per cent in 2005 to 3 per cent at the end of the Plan period.,09_2007-2013_en.txt,68,tam,68
S22,10,2014-2018,Cari işlemler dengesi / GSYH,-5.2,%,2018,-6.0,2012,"2006 2012 2013 2018 2014-2018 | Cari İşlemler Dengesi / GSYH (%) -6,0 -6,0 -6,5 -5,2 -5,8",10_2014-2018.txt,79,tam,79
S22,10,2014-2018,Cari işlemler dengesi,-67.1,milyar $,2018,-47.5,2012,"2006 2012 2013 2018 2014-2018 | Cari İşlemler Dengesi (Milyar Dolar) -31,8 -47,5 -55,3 -67,1 ---",10_2014-2018.txt,79,tam,79
S22,10,2014-2018,Yurt içi tasarruf oranı (GSYH %),19,%,2018,,,yurtiçi tasarruf oranının Plan dönemi sonunda yüzde 19’a yükseltilmesi hedeflenmektedir.,10_2014-2018.txt,77,tam,77
S22,11,2019-2023,Cari işlemler dengesi / GSYH,-0.9,%,2023,-3.5,2018,"Cari İşlemler Dengesi/GSYH (%) -3,5 -0,9 | 2018 2023",11_2019-2023.txt,48,tam,48
S22,11,2019-2023,Cari işlemler dengesi,-9.9,milyar $,2023,-27.1,2018,"Cari İşlemler Dengesi (Milyar Dolar) -27,1 -9,9 | 2018 2023",11_2019-2023.txt,48,tam,48
S22,11,2019-2023,Yurt içi tasarruf oranı (GSYH içinde),30.3,%,2023,26.5,2018,"Yurtiçi Tasarruf Oranı (GSYH İçinde, %) 26,5 30,3 | 2018 2023",11_2019-2023.txt,45,tam,45
S22,12,2024-2028,Cari işlemler dengesi / GSYH,-0.2,%,2028,-4.0,2023,"Cari İşlemler Dengesi/GSYH (%) -5,4 -4,0 -0,2 | 2022 2023 2028",12_2024-2028.txt,78,tam,78
S22,12,2024-2028,Cari işlemler dengesi,-2.8,milyar $,2028,-42.5,2023,"Cari İşlemler Dengesi (Milyar Dolar) -48,9 -42,5 -2,8 | 2022 2023 2028",12_2024-2028.txt,78,tam,78
S22,12,2024-2028,Yurt içi tasarruf oranı (GSYH içindeki payı),32.4,%,2028,29.2,2023,"Yurtiçi Tasarruf Oranı (GSYH İçindeki Payı, %) 30,0 29,2 32,4 | 2022 2023 2028",12_2024-2028.txt,73,tam,73
S06,1,1963-1967,yargı/mahkeme hedefi,,,,,,"sayısal hedef bulunamadı (aranan: adalet, hâkim/hakim, mahkeme, dava, yargılama süresi; plan yalnız S425'te tevkif ve ceza evleri için 110 milyon TL yatırım öngörüyor, yargılama hedefi yok)",01_1963-1967.txt,,hedef_yok,
S06,2,1968-1972,çocuk mahkemeleri (nitel),,,,,,Çocuk suçluluğu bir ihtisas konusu olarak ele alınacak «Çocuk mahkemeleri» kurulacaktır.,02_1968-1972.txt,241,tam,241
S06,2,1968-1972,tapulama mahkemeleri (nitel),,,,,,(1) Tapulama yapılan yerlerdeki taşınmaz mallarla ilgili anlaşmazlıkların kısa zamanda sonuçlandırılması için ihtiyaca yeter miktarda bağımsız tapulama mahkemeleri kurulması imkânları incelenecektir.,02_1968-1972.txt,621,tam,621
S06,3,1973-1977,adalet hizmetleri temel sorun (nitel),,,,,,"Adalet hizmetleri konusundaki temel sorun, hizmetlerin bu ilkenin gereklerine uygun bir şekilde görülememesidir.",03_1973-1977.txt,940,tam,940
S06,3,1973-1977,"yargı sistemi reformu (nitel, perspektif dönem)",,,,,,yargı sistemi gerek kurum ve kurallar gerek yapı ve gereç olarak bir reform tutumu ile ele alınacak; adalet hizmetlerinin bütünü ile perspeküf dönem içinde en yüksek düzeye ulaştırılması saflanacaktır.,03_1973-1977.txt,1026,tam,1026
S06,3,1973-1977,mahkemelerdeki hukuk davalarında arazi ihtilaflarının payı (kadastro gerekçesi),,,,yüzde 70 - 80,,mahkemelere intikal eden hukuk davalarmın yüzde 70 - 80 ini teşkil eden arazi ve ona bafh ihtilâfların azaltılması,03_1973-1977.txt,653,tam,653
S06,4,1979-1983,yeni kurulması gereken mahkeme sayısı,311,mahkeme,,,,"Buna göre yeniden, her düzeyde toplam 311 mahkeme kurulması gerekmektedir.",04_1979-1983.txt,494,tam,494
S06,4,1979-1983,ek hâkim gereksinmesi (5 yıllık perspektif),1 042,hâkim,,363,,"şu anda 363 hâkime, ileriye dönük 5 yıllık perspektifte ise 1 042 hâkime daha gereksinme duyulmaktadır.",04_1979-1983.txt,494,tam,494
S06,4,1979-1983,dava sayısı ve dava uzamaları (nitel),,,,,,(8) Hukuk ve Ceza Usulü Muhakemeleri Kanunları dava sayısmı azaltacak ve dava uzamalannı engelleyecek biçimde düzenlenecektir.,04_1979-1983.txt,497,tam,497
S06,5,1985-1989,yargı iş yükü / üst mahkemeler kurulması,,,,,,816. Yargı tayın ağır işyükünün hafifletilmesi ve liçtihat mahkemesi olarak görev yapmasını sağlamak ‘amacıyla ilgili yasalarda değişiklikler yapılacak ve üst mahkemeler kurulması gerçekleştirilecektir.,05_1985-1989.txt,189,tam,189
S06,5,1985-1989,yargılama hızı (usul kanunları),,,,,,"Adalet hizmetlerinde sonuç almanın hızlandırılması için gerekli tedbirler alınacak, bu amaçla Usûl Kanunları yeniden gözden geçirilecektir.",05_1985-1989.txt,221,tam,221
S06,6,1990-1994,hakim-savcı açığı,,,,,,1126. Yargı mesleğinin özendirici hale getirilerek adli ve idari yargıdaki hakim-savcı açığının kapatılması ile meslek personelinin eğitimi ve meslekte kalıcılığının sağlanması için gerekli düzenlemeler yapılacaktır.,06_1990-1994.txt,340,tam,340
S06,6,1990-1994,dava çözüm hızı / uzlaşma,,,,,,"1127. Genel olarak ihtilafları azaltıcı ve davaları süratle çözüme bağlayıcı yönde mevzuat iyileştirmeleri yanında, uygulamaya kolaylık sağlayacak emsal kararların bilgisayarlarda depolanması, uzlaşma sisteminin yaygınlaştırılarak işlerlik kazandırılması Plan döneminde gerçekleştirilecektir.",06_1990-1994.txt,340,tam,340
S06,6,1990-1994,yargı kadro açığı (durum tespiti),,,,,,adli ve idari yargıdaki kadro açığı yargı sisteminin hızlı ve nitelikli bir şekilde işlemesini engellemektedir.,06_1990-1994.txt,357,tam,357
S06,7,1996-2000,hakim/savcı kadro açığı ve adalet teşkilatı (nitel),,,,,,"Adalet hizmetlerinde teşkilat yapısının yeniden gözden geçirilmesi, hakim, savcı ve yardımcı hizmetlerdeki kadro açığının giderilmesi, hukuk eğitiminin yeniden değerlendirilmesi, hukuk kurallarının iyileştirilmesi ve altyapının modernizasyonu ihtiyacı devam etmektedir.",07_1996-2000.txt,134,tam,134
S06,7,1996-2000,Yargıtay iş yükü: istinaf (üst) mahkemelerinin kurulması (nitel),,,,,,"Yargıtayın iş yükünü azaltarak, bir içtihat mahkemesi halinde çalışmasını sağlamak amacıyla Üst Mahkemeler (istinaf Mahkemeleri) kurulacaktır",07_1996-2000.txt,135,tam,135
S06,7,1996-2000,yargılama gecikmelerinin önlenmesi (nitel),,,,,,Kanunların yapısından kaynaklanan gecikmeleri önlemek maksadıyla hukuk ve ceza yargılaması ile icra iflas takiplerine ilişkin kanunlar ele alınacak ve gerekli değişiklikler yapılacaktır.,07_1996-2000.txt,135,tam,135
S06,8,2001-2005,"yargılama sürecinin yavaşlığı (mevcut durum, nitel)",,,,,,"Yargıya ayr ılan kamu kaynaklarının yetersizli ği, yarg ılama sürecinin yava ş işlemesi, hukuk kurallarının oluşturulmasında çağdaş gelişmelerin yeterince takip edilememesi",08_2001-2005.txt,202,tam,202
S06,8,2001-2005,istinaf (üst) mahkemelerinin kurulması (nitel),,,,,,İlk derece adliye mahkemeleri ile Yargıtay aras ında üst mahkemelerin kurulmasını sa ğlamak amac ıyla yasal düzenleme yapılacaktır.,08_2001-2005.txt,204,tam,204
S06,8,2001-2005,adalet hizmetlerine ayrılan kaynak (nitel),,,,,,VIII. Plan döneminde adalet hizmetlerine ayrılan kaynaklar artırılacaktır.,08_2001-2005.txt,204,tam,204
S06,9,2007-2013,hâkim ve yardımcı yargı personeli sayısı (artırılacak),,,,,,"With the aim of accelerating the judging process, the number of judges and assistant judicial personnel will be increased.",09_2007-2013_en.txt,112,tam,112
S06,9,2007-2013,100.000 kişiye düşen hâkim sayısı (plan öncesi durum),,kişi/100.000,,7,2002,"Table.5.14: Number of Judges, Judicial Staff and Cases per 100,000 People (2002) | Turkey 7 31 3,352",09_2007-2013_en.txt,62,tam,62
S06,9,2007-2013,yargılama sürecinin yavaşlığı (durum tespiti),,,,,,the slow operation of the trial process prevent effective provision of judicial and justice services with high quality.,09_2007-2013_en.txt,62,tam,62
S06,10,2014-2018,"hâkim sayısı, yargılama süresi (ihtiyaç tespiti)",,,,,,"Bu gelişmelere rağmen, hâkim ve adalet personeli sayısının artırılması, ... yargılama sürecinin hızlandırılması, yargıya ulaşılabilirliğin artırılması ... ihtiyacı devam etmektedir.",10_2014-2018.txt,48,kismi,48
S06,10,2014-2018,hızlı ve etkin yargılama (temel amaç),,,,,,"Evrensel hukuk normları, hukuk devleti ve hukukun üstünlüğünün gerekleri doğrultusunda yargılama sürecinin hızlı, adil, etkin, güvenli ve isabetli şekilde işlemesi adalet sisteminin temel amacıdır.",10_2014-2018.txt,48,tam,48
S06,11,2019-2023,yargıda hedef süre uygulaması (nitel),,,,,,748. Y argıda hedef süre uygulaması vasıtasıyla sistemin şeffaflığı artırılacak ve makul sürede yargılanma hakkı daha etkin korunacaktır.,11_2019-2023.txt,180,tam,180
S06,11,2019-2023,yargı iş yükü / alternatif uyuşmazlık çözümü (nitel),,,,,,"762. Y argı üzerindeki iş yükünün hafifletilebilmesi ve uyuşmazlıkların daha düşük maliyetli, hızlı ve dostane yöntemlerle çözüme kavuşturulabilmesine yönelik alternatif uyuşmazlık çözüm yolları yaygınlaştırılacaktır.",11_2019-2023.txt,181,tam,181
S06,12,2024-2028,makul sürede yargılanma (nitel),,,,,,"917. Adli ve idari yargılama sürecinin etkinliği artırılacak, makul sürede yargılanma hakkı güçlendirilecektir.",12_2024-2028.txt,234,tam,234
S06,12,2024-2028,istinaf daire sayısı iş yüküyle orantılı artış (nitel),,,,,,917.8. İstinaf mahkemelerinin daire sayıları iş yükü ile orantılı biçimde ve ihtisaslaşmayı sağlayacak şekilde artırılacaktır.,12_2024-2028.txt,234,tam,234
S07,1,1963-1967,önceki plan uygulama değerlendirmesi,,,,,,"Plânlı kalkınmaya geçişi kolaylaştırmak için hazırlanan «1962 Yıllık Programı» nın uygulanması, uzun süreli plân dönemine giriş için faydalı bir deneme olmuştur.",01_1963-1967.txt,8,tam,8
S07,1,1963-1967,önceki plan uygulama değerlendirmesi,,,,,,"Türkiye’nin birinci ve ikinci sanayi plânları, bugünkü anlamda birer iktisadi gelişme plânı değildir; bunlar yurtta büyük ve temel sanayiin kurulmasını hedef tutan teknik plânlardır.",01_1963-1967.txt,17,tam,17
S07,1,1963-1967,izleme-değerlendirme,,,,,,Yıllık programların uygulanmasının gidişini gösteren üçer aylık dönem raporları ilgili kuruluşlardan alınarak sonuçlar değerlendirüecektir.,01_1963-1967.txt,493,tam,493
S07,2,1968-1972,önceki plan uygulama değerlendirmesi,,,,,,"1962 - 1966 döneminde elde edilen ortalama yüzde 6,5 gelişme hızı Tablo 1 den de görüleceği gibi, bir yandan Plan hedefinin altında kalmış,",02_1968-1972.txt,15,tam,15
S07,2,1968-1972,önceki plan uygulama değerlendirmesi,,,,,,(1) Birinci Plan döneminde kamu gelirleri için öngörülen hedeflere ne mutlak büyüklük ne de GSMH'nın yüzdesi olarak ulaşılmıştır.,02_1968-1972.txt,24,tam,24
S07,2,1968-1972,önceki plan uygulama değerlendirmesi,,,,,,Öte yandan Birinci Beş Yıllık Planda özel sektörü geliştirmek üzere öngörülen tedbirlerin büyük bir kısmı gerçekleştirilememiş veya yeteri etkinlikte uygulanamamıştır.,02_1968-1972.txt,20,tam,20
S07,2,1968-1972,izleme-değerlendirme,,,,,,ancak yıllık programların ve uygulama durumunu üçer aylık raporlar halinde ilgili Bakanlık ve Devlet Planlama Teşkilâtına bildireceklerdir.,02_1968-1972.txt,627,tam,627
S07,3,1973-1977,önceki plan uygulama değerlendirmesi,,,,,,"Gerçekleştiremediğimiz ve önemli ölçüde geri kaldığımız hedef, sanayide yılda yüzde 12 artış hm sağlamaktır.",03_1973-1977.txt,3,tam,3
S07,3,1973-1977,önceki plan uygulama değerlendirmesi,,,,,,"bazı kuruluşlarda planlı çalışma disiplini ve programlama gücü istenilen seviyeye ulaşamamıştır. Bunun sonucu olarak programla gerçekleşme arasmda zaman, maliyet, karateristik ve ödenek sapmalar görülmüşütr.",03_1973-1977.txt,961,tam,961
S07,3,1973-1977,önceki plan uygulama değerlendirmesi,,,,,,Tablo'da görüldüğü gibi tedbirlerin sayısal yönden gerçekleşmesinde yıldan yıla gelişmeler olmakla beraber başan sınırlı olmuştur.,03_1973-1977.txt,965,tam,965
S07,3,1973-1977,izleme-değerlendirme,,,,,,kuruluşun tümü için hazırlanacak dönem raporu üç ayda bir Devlet Planlama Teşkilâtına gönderilecektir.,03_1973-1977.txt,994,tam,994
S07,4,1979-1983,önceki plan uygulama değerlendirmesi,,,,,,"III. Plan dönemi için yüzde 7,4 olarak öngörülen büyüme oranı yüzde 6,5 olarak gerçekleşmiştir.",04_1979-1983.txt,21,tam,21
S07,4,1979-1983,önceki plan uygulama değerlendirmesi,,,,,,m. Plan döneminde yüzde 39 ile en düşük önlem gerçekleşme oramna ulaşılmıştır.,04_1979-1983.txt,52,tam,52
S07,4,1979-1983,önceki plan uygulama değerlendirmesi,,,,,,"III. Plan döneminde gerek ortalama büyüme hızı, gerek GSYİH'nin yapısı ile ilgili olarak öngörülen hedeflere tam olarak ulaşılamamıştır.",04_1979-1983.txt,170,tam,170
S07,4,1979-1983,izleme-değerlendirme,,,,,,"Kuruluşlarca hazırlanarak üç ayda bir Devlet Planlama Teşkilatına gönderilecek önlem izleme raporları, «Önlem Uygulama Programı»na göre değerlendirilecek",04_1979-1983.txt,336,tam,336
S07,5,1985-1989,önceki plan uygulama değerlendirmesi,,,,,,"Bu yörelerin başta gelen problemleri, yapılmış olan yatırım tahsislerinin değişik sebeplerden dolayı düşük oranda gerçekleşmesi",05_1985-1989.txt,204,tam,204
S07,5,1985-1989,önceki plan uygulama değerlendirmesi,,,,,,Geçmiş planlarda insangücü hedefleri ile öngörülmüş olan orta kademe teknisyen eğitimi gerçekleştirilememiştir.,05_1985-1989.txt,204,tam,204
S07,5,1985-1989,önceki plan uygulama değerlendirmesi,,,,,,"GSMH artış hızı yavaşlamaya devam ederek 1978'de yüzde 2.9'a inmiş, 1979 ve 1980’de milli gelirde reel olarak gerileme olmuştur.",05_1985-1989.txt,201,tam,201
S07,5,1985-1989,izleme-değerlendirme,,,,,,"849. Plan ve program uygulamalarının izleme ve değerlendirmesi, kuruluşların Araştırma, Planlama ve Koordinasyon birimleri |tarafından sürekli (olarak etkin bir şekilde yapılacak",05_1985-1989.txt,191,tam,191
S07,6,1990-1994,önceki plan uygulama değerlendirmesi,,,,,,Dar gelirliler lehine izlenen vergi ve transfer politikalarına rağmen gelir dağılımında amaçlanan ölçüde iyileşme sağlanamamıştır.,06_1990-1994.txt,356,tam,356
S07,6,1990-1994,önceki plan uygulama değerlendirmesi,,,,,,"Buna rağmen özel kesim yatırımlarında beklenen canlanma bu Plan döneminde sağlanamamış, Kalkınmada Öncelikli Yörelerin gelişme potansiyelinden yeterince yararlanılarnamıştır.",06_1990-1994.txt,357,tam,357
S07,6,1990-1994,önceki plan uygulama değerlendirmesi,,,,,,Vergi mevzuatında yapılan önerıli değişikliklere rağmen Konsolide Bütçe gelirlerinin yeterince artırılamaması ve transfer harcamalarının özellikle iç ve dış borç faiz ödemeleri nedeniyle ağırlık kazanması,06_1990-1994.txt,353,tam,353
S07,6,1990-1994,izleme-değerlendirme,,,,,,"1147. Plan ve program uygulamalarının izlenmesi ve değerlendirmesi, kuruluşların Araştırma, Planlama ve Koordinasyon birimleri tarafından sürekli olarak etkili bir şekilde yapılacak",06_1990-1994.txt,342,tam,342
S07,7,1996-2000,önceki plan uygulama değerlendirmesi,,,,,,"Özellikle, maliye politikasının hedeflenenin tersine genişlemeci bir eğilim içine girmesi, iç talebe dayalı istikrarsız bir büyüme yapısının oluşmasına ve yükselmiş olan fiyat artışlarının kronik hale gelmesine neden olmuştur.",07_1996-2000.txt,18,tam,18
S07,7,1996-2000,önceki plan uygulama değerlendirmesi,,,,,,Makroekonomik istikrarın yeterince sağlanamamış olması ve belirsizliğin sürmesinin de etkisiyle özel kesim yatırımlarında ticarete konu mal ve hizmet üreten sektörlerin payında Vinci Planda amaçlanan artış gerçekleştirilememiştir.,07_1996-2000.txt,20,tam,20
S07,7,1996-2000,önceki plan uygulama değerlendirmesi,,,,,,"personel giderleri ve faiz ödemelerindeki genişlemeye bağlı olarak hızla yükselen kamu kesimi tasarruf açıkları, toplam yurtiçi tasarrufların GSMH içindeki payında hedeflenen artışa ulaşılmasını engellemiştir.",07_1996-2000.txt,21,tam,21
S07,8,2001-2005,önceki plan uygulama değerlendirmesi,,,,,,"1996-1999 döneminde sanayi ve hizmetler sektörü katma de ğerindeki yıllık ortalama art ış h ızı VII. Plan tahminlerinin önemli ölçüde gerisinde kalarak, s ırasıyla yüzde 3,5 ve 3,3 olarak gerçekleşmiştir.",08_2001-2005.txt,13,tam,13
S07,8,2001-2005,önceki plan uygulama değerlendirmesi,,,,,,"VII. Plan döneminde faktör gelirleri ile vergi gelirlerinde hedeflenenin üzerinde bir gerçekleşme sağlanırken, vergi dışı normal gelirler ile sosyal güvenlik kurulu şlarının gelirleri ile giderleri arasındaki farktan oluşan sosyal fonlarda hedeflere ulaşılamamıştır.",08_2001-2005.txt,16,tam,16
S07,8,2001-2005,önceki plan uygulama değerlendirmesi,,,,,,"VII. Planda öngörülmesine ra ğmen AR-GE harcamalarına yeterli kaynak ayrılamamış, ara ştırmacı personel sayı sı art ırılamamıştır.",08_2001-2005.txt,27,tam,27
S07,8,2001-2005,izleme-değerlendirme,,,,,,"Değişen şartların ve darboğazların zamanında anlaşılması ve hızla tedbir alınabilmesi için, gerek proje düzeyinde gerekse ulusal düzeyde etkin bir izleme ve de ğerlendirme sisteminin kurulması sağlanacaktır.",08_2001-2005.txt,211,tam,211
S07,9,2007-2013,önceki plan uygulama değerlendirmesi,,,,,,"Improvements in health sector indicators ... were achieved during the 8th Plan period. However, the desired level could not be reached yet.",09_2007-2013_en.txt,50,kismi,50
S07,9,2007-2013,önceki plan uygulama değerlendirmesi,,,,,,"regarding the schooling rates, the rate for pre-school education remained at low levels, 100 per cent could not be achieved in primary education",09_2007-2013_en.txt,49,tam,49
S07,9,2007-2013,önceki plan uygulama değerlendirmesi,,,,,,"The fact that the transition to the use of norm cadre could not be fully realized in public institutions and organizations, results in the inability to determine the number and qualifications of employees",09_2007-2013_en.txt,61,tam,61
S07,9,2007-2013,izleme-değerlendirme,,,,,,A Plan Monitoring and Steering Committee will be formed to monitor and evaluate the implementation of the Ninth Development Plan.,09_2007-2013_en.txt,113,tam,113
S07,10,2014-2018,önceki plan uygulama değerlendirmesi,,,,,,"2007-2012 döneminde, istihdam ve sermaye stokundaki artış hızı plan hedefini yakalayarak ... TFV artış hızı ise yüzde -0,5 ile plan hedefinin gerisinde kalmıştır.",10_2014-2018.txt,32,tablo_sayilari,32
S07,10,2014-2018,önceki plan uygulama değerlendirmesi,,,,,,toplam sabit sermaye yatırımları artış hızının Plan dönemi ortalama hedefini yakalayamamasında küresel krize bağlı olarak 2009 yılındaki daralma önemli ölçüde etkili olmuştur.,10_2014-2018.txt,32,tam,32
S07,10,2014-2018,önceki plan uygulama değerlendirmesi,,,,,,"Ancak, henüz stratejik yönetim bağlamında dış denetim uygulaması gerçekleştirilememiştir.",10_2014-2018.txt,63,tam,63
S07,10,2014-2018,izleme-değerlendirme,,,,,,"Kalkınma Planındaki gelişmelerin izlenmesi ve değerlendirilmesinin koordinasyonu, ... Kalkınma Planı İzleme ve Yönlendirme Komitesi tarafından yapılacak ve her yıl Bakanlar Kuruluna bir rapor şeklinde sunulacaktır.",10_2014-2018.txt,15,kismi,15
S07,11,2019-2023,önceki plan uygulama değerlendirmesi,,,,,,"Onuncu Kalkınma Planında, enflasyonun orta vadede tek haneli düzeylerde istikrar kazanması öngörülmüşken, yıllık ortalama Tüketici Fiyatları Endeksi (TÜFE) artış hızı ilgili dönemde yüzde 10,4 olarak gerçekleşmiştir.",11_2019-2023.txt,27,tam,27
S07,11,2019-2023,izleme-değerlendirme,,,,,,Kalkınma Planındaki gelişmelerin izlenmesi ve değerlendirilmesi Hazine ve Maliye Bakanlığı ile Strateji ve Bütçe Başkanlığı koordinasyonunda etkin bir izleme ve değerlendirme mekanizması aracılığıyla gerçekleştirilecek ve her yıl bir rapor şeklinde Cumhurbaşkanına sunulacaktır.,11_2019-2023.txt,12,tam,12
S07,12,2024-2028,önceki plan uygulama değerlendirmesi,,,,,,"Tüketici Fiyatları Endeksi (TÜFE) artış oranı öngörülen seviyelerin üzerine çıkmıştır. Yıllık ortalama tüketici fiyatları artış hızı 2019-2022 döneminde yüzde 29,8 olarak gerçekleşmiştir.",12_2024-2028.txt,44,tam,44
S07,12,2024-2028,önceki plan uygulama değerlendirmesi,,,,,,Küresel koşullara göre değişim göstermekle beraber enerji ve emtia fiyatlarındaki yüksek seyirle ithalat öngörülen seviyelerin üzerinde gerçekleşmiştir.,12_2024-2028.txt,44,tam,44
S07,12,2024-2028,izleme-değerlendirme,,,,,,"16. Kalkınma Planının izlenmesi ve değerlendirilmesi Cumhurbaşkanlığı Strateji ve Bütçe Başkanlığının koordinasyonunda ve ilgili tüm kamu idareleriyle işbirliği içerisinde Cumhurbaşkanlığı yıllık programları aracılığıyla gerçekleştirilecek, Plan hedeflerine ilişkin gerçekleşmeler yıllık olarak Cumhurbaşkanına raporlanacaktır.",12_2024-2028.txt,14,tam,14
S08,1,1963-1967,mahalli idarelerin mali bünyesi (nitel),,,,,,"Bu durumun düzeltilmesi için mahallî idarelerin İdarî ve malî bünyeleri düzeltilecek ve kuvvetlendirilecek, bunların kendilerine yeterli bir duruma gelmeleri sağlanacaktır.",01_1963-1967.txt,488,tam,488
S08,1,1963-1967,mahalli idare gelirleri / GSMH (tahmin varsayımı),,,,,,"belirsiz: hedef değil, 1950-1960 ortalamasına dayalı gelir tahmini varsayımı (yüzde 2,5) | Dolayısiyle yüzde 2,5 olan bu oran mahallî idareler gelir tahminlerinde olduğu gibi kullanılmıştır.",01_1963-1967.txt,134,tam,134
S08,2,1968-1972,mahalli idare öz gelirleri (nitel),,,,,,"Mahallî idare gelir sisteminde yapılacak reform ile bu idarelerin öz gelirleri büyük ölçüde artırılacaktır. Belediye Gelirleri Kanununun değiştirilmesi, yeni bir arazi ve bina sayımının yapılması malî tevzin kanununun çıkarılması, mahallî idareler gelir reformunun ana noktalarıdır.",02_1968-1972.txt,88,tam,88
S08,2,1968-1972,önceki plan uygulama değerlendirmesi (mahalli idare gelir reformu),,,,,,"(4) Mahallî idarelerin gelir reformları da yapılamamış mahallî hizmetlerle bunları karşılayacak gelirler arasında paralellik sağlıyacak, diğer yandan Devlet gelirleri ile Mahallî İdare gelirleri arasmda dağılımı daha istenir bir şekilde düzenliyecek Malî Tevzin Kanunu çıkarılamamıştır.",02_1968-1972.txt,30,tam,30
S08,2,1968-1972,mahalli idare cari harcamaları / GSMH (Birinci Plan hedefi),,,,,,"belirsiz: İkinci Plan'ın hedefi değil, Birinci Plan hedefi; aynı sayfada 1963'te yüzde 1.70 gerçekleştiği ve Planın öngördüğü şekilde artmadığı belirtiliyor | cari harcamaların yüzde 1.72 si Mahallî idarelerce yapılacak ve bu yüzde, yıllar itibariyle bir miktar artarak 1966 da 1.81 e yükselecektir.",02_1968-1972.txt,29,tam,29
S08,3,1973-1977,mahalli idarelerin harcanabilir geliri,5.6,milyar TL,1977,3.6,1973,"1973 yılmda mahallî idarelerin harcanabilir geliri 3.6 milyar TL., carî giderleri 3.1 milyar TL., tasarrufları ise 0.7 milyar TL. dır Vergi gelirlerinde beklenen gelinme-' 1er sonucu 1977 yılmda mahallî idarelerin harcanabilir geliri 5.6 müyar TL. na",03_1973-1977.txt,213,tam,213
S08,3,1973-1977,mahalli idare gelirlerinin GSMH/kamu gelirine oranı (önceki plan hedefinin altında),,,,,,"Mahallî idarelerin gelirlerinin Gayrisafi Millî Hasüa'ya oranı Birinci Planda saptanan hedeflerin altmda kaldığı gibi, İkinci Plan döneminde de giderek azalmıştır (Tablo 682).",03_1973-1977.txt,970,tam,970
S08,3,1973-1977,"mahalli idare gelirinin kamu gelirine oranı % (Tablo 683, 1972 program)",,%,,8.7,1972,l.»72 (b) 51930 000 558 4 5(28 609 286 8.7,03_1973-1977.txt,972,tam,972
S08,4,1979-1983,merkezi yönetim / aşırı merkeziyetçilik tespiti (nitel),,,,,,"Planlı dönemdaki gelişmeler yüzölçümüyle Avrupa'nın ikinci, nüfusuyla 6. ülkesi olan Türkiye'nin ayrıntılı bir merkezi kırar düzeniyle yönetilmesinin çok güç olduğunu göstermektedir.",04_1979-1983.txt,311,tam,311
S08,4,1979-1983,kent yönetimlerinin yetki ve kaynak eksikliği (nitel),,,,,,"nüfusun yarıdan fazlasuun toplandığı kentlerin yönetimi yetki eksikliği, kaynaksızlık ve işlevsizlikten varlıklannı yitirmekte, merkezi yönetim ise bu boşlukları zamanında dolduramamaktadır.",04_1979-1983.txt,311,tam,311
S08,4,1979-1983,yerel yönetimlere gelir kaynağı / mali denkleştirme (nitel),,,,,,"IV. Plan döneminde yerel yönetimlere görevleriyle orantüı gelir kaynakları sağlanacak, kaynakların merkezi yönetim ile yerel yönetimler ve yerel yönetimlerin kendi aralarında görevlere uygun bölüşümünü sağlayacak bir mali denkleştirme düzeni kurulacak",04_1979-1983.txt,315,tam,315
S08,5,1985-1989,mahalli idare vergi gelirleri,"322,8",milyar lira,1989,,,"75. V. Plan döneminde mahallî idare vergi gelirleri yılda ortalama yüzde 10,5 artarak 322,8 milyar liraya ulaşacaktır.",05_1985-1989.txt,39,tam,39
S08,5,1985-1989,mahalli idarelerin fonksiyonları (yetki devri),,,,,,13. Merkezî hükümetin yükünü azaltmak amacıyla mahallî idarelerin fonksiyonları artırılacaktır.,05_1985-1989.txt,19,tam,19
S08,5,1985-1989,belediye görevlerinin devri,,,,,,"787. Belediyeler şehircilik hizmetlerinin ifasmda ana kuruluşlar olarak kabul edilmektedir. Devletin yürütmekte olduğu bazı belediye görevleri, belediyelere devredilecektir.",05_1985-1989.txt,186,tam,186
S08,6,1990-1994,mahalli idare gelirlerinde özgelir payı,,,,,,"1062. Mahalli idarelerin gelirleri içinde, özgelirlerin payı artırılacaktır.",06_1990-1994.txt,335,tam,335
S08,6,1990-1994,merkez-yerel görev/yetki/kaynak paylaşımı çerçeve yasası,,,,,,"1065. Mahalli idarelerin teşkilat yapısı yerinden yönetim anlayışına ağırlık verilerek yeniden düzenlenecek, merkezi ve mahalli idareler arasında görev, yetki, sorumluluk ve kaynak paylaşımına ilişkin çerçeve yasa hazırlık çalışmaları tamamlanacaktır.",06_1990-1994.txt,335,tam,335
S08,6,1990-1994,mahalli idarelere vergi gelirlerinden ayrılan pay / GSMH,,%,,"1,6",1988,"Mahalli İdarelere vergi gelirlerinden ayrılan paylar 1984 yılında GSMH'nın yüzde 1,0’inden, 1988 yılında yüzde 1,6’sına yükselmiştir.",06_1990-1994.txt,355,tam,355
S08,7,1996-2000,mahalli idarelerin kamu harcamalarındaki payı (mevcut durum),,yüzde,,12,,"Kamu harcamalarının yüzde 12'si mahalli idareler tarafından yapılmakta, geri kalanı merkezi yönetimce üstlenilmiş bulunmaktadır. Avrupa ülkelerinde bu oran yüzde 50’ler civarındadır.",07_1996-2000.txt,137,tam,137
S08,7,1996-2000,merkez-mahalli idare görev/kaynak paylaşımı Çerçeve Kanunu (Plan döneminin ilk yılı),,,,,,"merkezi idare ile mahalli idareler arasında görev, yetki, sorumluluk ve kaynak paylaşımının temel esaslarını belirleyen Çerçeve Kanunun çıkarılmasına yönelik çalışmalar Plan döneminin ilk yılında tamamlanacaktır.",07_1996-2000.txt,146,tam,146
S08,7,1996-2000,merkezi hizmetlerin mahalli idarelere devri (nitel),,,,,,"turizm, çevre, kültür, spor, köy hizmetleri ve sosyal hizmetlerden başlayıp plan dönemi boyunca diğer sektörlere de yaygınlaştırılacak şekilde merkezi yönetim tarafından sağlanmakta olan bazı hizmetler il özel idarelerinden başlanmak üzere mahalli idarelerin yetki ve sorumluluğuna bırakılacaktır.",07_1996-2000.txt,144,tam,144
S08,8,2001-2005,belediye ve il özel idare gelirlerinin GSMH payı,,yüzde,,"3,17",1996,"belirsiz: VII. Plan dönemi için 2000 yılı tahmini (yüzde 4,18); VIII. Plan hedefi değil | Belediye ve il özel idare gelirlerinin GSMH içindeki payının 1996 yılında yüzde 3,17den 2000 y ılında yüzde 4, 18e; harcamalarının pay ının ise yüzde 3,25den yüzde 4,35e yükseleceği tahmin edilmektedir.",08_2001-2005.txt,206,tam,206
S08,8,2001-2005,yerel yönetimlere genel bütçe vergi gelirlerinden ayrılan pay; yerel vergi yetkisi (nitel),,,,,,"Yerel yönetimlere Genel Bütçe vergi gelirleri tahsilat toplam ından ayrı lan paylar art ırılacak, alt ve üst s ınırlar merkezi idarece tespit edilmek kaydıyla yerel vergi ve harçların oran ve miktarlarının belirlenmesinde yerel meclisler yetkili kılınacaktır.",08_2001-2005.txt,208,tam,208
S08,8,2001-2005,mahalli idarelerin güçlendirilememesi (önceki dönem değerlendirmesi),,,,,,"Mahalli idareler görev, yetki, sorumluluk ve kaynak açısından güçlendirilememiştir.",08_2001-2005.txt,206,tam,206
S08,9,2007-2013,merkezden yerel yönetimlere yetki ve görev devri,,,,,,Delegation of powers and duties from the central government to the local administrations will be realized in accordance with the principles laid down by the European Charter of Local Autonomy.,09_2007-2013_en.txt,109,tam,109
S08,9,2007-2013,"mahalli idare sabit sermaye yatırımı (projeksiyon, cari fiyat)","22,217",milyon YTL,2013,"10,690",2006,"Local Administration 10,690 22,217 105,936",09_2007-2013_en.txt,69,tam,69
S08,9,2007-2013,merkezi-yerel yönetim sorunları (durum tespiti),,,,,,"the administrative, financial and personnel problems related to local administrations still continue.",09_2007-2013_en.txt,60,tam,60
S08,10,2014-2018,mahalli idare harcamalarının GSYH'ya oranı,"4,80",% GSYH,2018,"3,61",2012,"Harcamalar 3,36 3,61 3,90 4,80 4,44",10_2014-2018.txt,145,tam,145
S08,10,2014-2018,mahalli idare gelirlerinin GSYH'ya oranı,"4,46",% GSYH,2018,"3,66",2012,"Gelirler 3,20 3,66 3,78 4,46 4,32",10_2014-2018.txt,145,tam,145
S08,10,2014-2018,mahalli idare öz gelirleri,,,,,,Mahalli idarelerin öz gelirleri kentsel taşınmazların değer artışlarını da kapsayacak şekilde artırılacaktır.,10_2014-2018.txt,146,tam,146
S08,11,2019-2023,yerel yönetimlerin hizmet sunma kapasitesi (nitel; yerel pay hedefi yok),,,,,,"743. Kamu hizmetlerinin vatandaşa en yakın idari birimler eliyle yürütülmesi ve vatandaş memnuniyetinin üst düzeye çıkarılması için yerel yönetimlerin hizmet sunma kapasitesinin artırılması, daha şeffaf ve hesap verebilir bir yapıya kavuşturulması amaçlanmaktadır.",11_2019-2023.txt,180,tam,180
S08,11,2019-2023,yerel yönetimlerin yeniden yapılandırılması (nitel),,,,,,"801.1. Y erel yönetimlerde optimum hizmet ve coğrafi alan büyüklüğü tespit edilerek yerel hizmet gereklerine uygun, çoklu ölçüt tasnif sistemine dayalı yerel yönetimlerin yeniden yapılandırılmasına ilişkin modelleme ve mevzuat çalışması yapılacaktır.",11_2019-2023.txt,187,tam,187
S08,12,2024-2028,"yerel yönetimlerin görev, yetki ve hizmet alanının yeniden yapılanması (nitel; yerel pay hedefi yok)",,,,,,"954. Yerel yönetimlerin hizmet sunumlarını etkinleştirmeye yönelik görev, yetki ve hizmet alanının yeniden yapılanması sağlanacaktır.",12_2024-2028.txt,243,tam,243
S08,12,2024-2028,yerel yönetim hizmet standartları (nitel),,,,,,951. Yerel yönetim hizmetlerinin standartları belirlenecek ve bu standartlara uyumun denetimini sağlayacak mekanizma geliştirilecektir.,12_2024-2028.txt,242,tam,242
S09,1,1963-1967,idari reform (nitel),,,,,,"Yapılmakta olan araştırmalar süratle sonuçlandırılıp, idarenin bütününü kavrayan bir reformun temel ilkeleri ve reformu gerçekleştirecek ve takip edecek idari kuruluş tesbit edilecek ve bu çerçeve içinde idarede tedrici ve devamlı bir reformun uygulanmasına başlanacaktır.",01_1963-1967.txt,86,tam,86
S09,1,1963-1967,personel politikası (nitel),,,,,,"c. îş vermek, yetiştirmek ve verimi değerlendirmek konularını iyi bir şekilde kavrayan bir personel politikası tesbit etmek,",01_1963-1967.txt,85,tam,85
S09,2,1968-1972,idari yeniden düzenleme (nitel),,,,,,"1. Bakanlar Kurulunca onaylanan ilkelere göre gerekli kanun tasarıları ilgili bakanlık ve kuruluşlarca hazırlanacak,",02_1968-1972.txt,633,tam,633
S09,2,1968-1972,önceki plan uygulama değerlendirmesi (yeniden düzenleme),,,,,,Kanunda Komisyonun bu görevlerini iki yılda tamamlaması öngörülmüştür. Komisyon çalışmalarına 1964 başlarında başlamış ancak görevlerini iki yılda tamamlıyamamıştır.,02_1968-1972.txt,632,tam,632
S09,3,1973-1977,kamu yönetimi etkinlik/verimlilik (önceki plan hedefi),,,,,,Üçüncü Plan dönemine girerken kamu yönetimi. Birinci ve İkinci Plan'larda öngörülen etkinlik ve verimlilik düzeyine çıkanlamaTOiştır.,03_1973-1977.txt,945,tam,945
S09,3,1973-1977,kamu yönetimi reformu (kuruluşların kendini yenileyebilir düzeye ulaştırılması),,,1977,,,"1977 yılma kadar bu kuruluşlar, gelişmelere göre kendilerini yenileyebilecek bir düzeye tılaştırılacaklardır.",03_1973-1977.txt,947,tam,947
S09,3,1973-1977,üst yönetici atamalarında objektif kriter (liyakat),,,,,,"Yüksek yöneticisi kadrolarma yapılan tayinlerin açık objektif kriterlere bağlanmamış olması, genç kuşaklarda kolay değer yargılarının yayılmasma, meslek ahlâkı ve yönetimin bozulmasma yol açabilmektedir.",03_1973-1977.txt,946,tam,946
S09,4,1979-1983,kamu yönetimi reformu (önceki plan uygulanamadı),,,,,,Üçüncü Planda ve Yıllık Programlarda yer alan Kamu Yönetiminin yeniden düzenlenmesine ve iyileştirilmesine ilişkin politika ve önerilerin uygulanması gerçek. leştirilememiştir.,04_1979-1983.txt,311,tam,311
S09,4,1979-1983,personel atama/yükselmede objektif ölçüt (liyakat),,,,,,"Kamu görevlilerinin atama, yer değiştirme ile yatay ve dikey yükselmelerini içeren özlük işlemlerinde, objektif ölçütlere göre düzenlenmiş kurallar uygulanacaktır.",04_1979-1983.txt,313,tam,313
S09,4,1979-1983,657 sayılı Devlet Memurları Yasası uygulaması (nitel),,,,,,"657 sayılı Devlet Memurları Yasası yürürlüğe konulmuş, uygulamada ortaya çıkan aksaklıkları düzeltmek amacıyla yapılan pek çok değişikliklerle, yasa büsbütün sistemsiz bir görünüm kazanmıştır.",04_1979-1983.txt,311,tam,311
S09,5,1985-1989,personel ve ücret sistemi reformu,,,,,,"827. Personel ve ücret sistemi; günün şartlarına uyum gösteren, kuruluşlararasmda dengeli, kalifiye personelin istihdamına, imkân veren bir yapıya kavuşturulacaktır.",05_1985-1989.txt,190,tam,190
S09,5,1985-1989,kadro ve unvan standardizasyonu,,,,,,828. Kuruluşların fonksiyonları ile uyumlu insan gücü planlaması yapılacak ve buna göre kadro ve unvan standardizasyonu gerçekleştirilecektir.,05_1985-1989.txt,190,tam,190
S09,6,1990-1994,kamu personel ve ücret politikası,,,,,,"1135. Kamu hizmetlerinin yerine getirilmesinde rasyonel bir personel po litikası uygulanacak, dengeli, görev, yetki ve sorumluluklarla uyumlu bir ücret sistemi geliştirilecektir.",06_1990-1994.txt,341,tam,341
S09,6,1990-1994,"idari reform (teşkilat yapısı, yetki devri)",,,,,,hizmette birlik ve yetki devri esaslarına göre oluşturulacak bir teşkilat yapısına kavuşturulacak ve taşra birimleri bu esaslar çerçevesinde güçlendirilecektir.,06_1990-1994.txt,340,tam,340
S09,7,1996-2000,kamu personeli reform paketi (nitel),,,,,,"Kamu personel rejimindeki sorunların çözümü için ilgili tüm kurumların katkısıyla, geniş kapsamlı bir kamu personeli reform paketi hazırlanarak uygulamaya konulacaktır.",07_1996-2000.txt,132,tam,132
S09,7,1996-2000,657 sayılı DMK’nın kaldırılması (nitel),,,,,,Kamu personel rejimi reformunun gerçekleştirilebilmesi için 657 sayılı Devlet Memurları Kanunu yürürlükten kaldırılacak,07_1996-2000.txt,134,tam,134
S09,7,1996-2000,kariyer-liyakat esaslı ücret rejimi ihtiyacı (nitel),,,,,,"iş ve görev tanımına dayalı kariyer, liyakat, aleniyet ve eşit işe eşit ücret ilkesini getirecek, mevzuatta kodifikasyonu sağlayacak yeni bir ücret rejiminin yürürlüğe konulması ihtiyacı devam etmektedir.",07_1996-2000.txt,130,tam,130
S09,8,2001-2005,"norm kadro, objektif seçme, kariyer ve liyakat (nitel)",,,,,,"Personel rejimi konusunda, norm kadrolara ve objektif seçme kriterlerine dayalı bir istihdam politikası nın izlenmesi, kariyer ve liyakatin esas alınması",08_2001-2005.txt,200,tam,200
S09,8,2001-2005,devlet personel rejimi reformu (önceki dönem değerlendirmesi),,,,,,Devlet memuriyetine merkezi sınavla giriş uy gulaması 1999 y ılında ba şlatılmıştır. Kamu istihdam ındaki karma şayı ve ücret adaletsizliğini giderecek devlet personel rejimi reformu gerçekleştirilememiştir.,08_2001-2005.txt,26,tam,26
S09,8,2001-2005,norm kadro tespiti (nitel),,,,,,"Tüm kamu kurulu şlarının norm kadroları tespit edilerek, kadro veya pozisyon ihdaslar ı buna göre yap ılacaktır.",08_2001-2005.txt,201,tam,201
S09,9,2007-2013,norm kadro sistemi / personelin dengeli dağılımı,,,,,,"Unbalanced distribution of the public personnel among institutions, organizations, and regions will be prevented and with this aim, it will be ensured that the required number of personnel with the necessary qualifications is employed by implementation of the norm cadre system.",09_2007-2013_en.txt,110,tam,110
S09,9,2007-2013,personel performans değerlendirme sistemi,,,,,,"The personnel performance appraisal system will be revised and standards, which will help measure performance of the personnel in an objective and transparent manner, will be developed and implemented",09_2007-2013_en.txt,110,tam,110
S09,10,2014-2018,liyakate dayalı işe alım ve terfi,,,,,,"Kamu sektöründe işe alım ve terfi süreci liyakat, şeffaflık, nesnellik, kurallılık temelinde iyileştirilecek, çalışanların niteliklerine uygun kariyer planlaması yapılacaktır.",10_2014-2018.txt,65,tam,65
S09,10,2014-2018,liyakat ve performans değerlendirme (hedef),,,,,,"kamu insan kaynakları süreçlerinde liyakatin temel alınması, uygun kurumlardan başlanarak esnek çalışma biçimlerinin yaygınlaştırılması ve işlevsel bir performans değerlendirme sisteminin geliştirilmesi hedeflenmektedir.",10_2014-2018.txt,64,tam,64
S09,11,2019-2023,kamu personel sistemi (nitel),,,,,,"803. Topluma kaliteli hizmet sunan, değişen koşullara uyum yeteneği yüksek ve daha verimli bir kamu personel sistemi oluşturulması temel amaçtır.",11_2019-2023.txt,187,tam,187
S09,11,2019-2023,hâkim-savcı atama/terfide liyakat (nitel),,,,,,"749. Hâkim ve savcıların atama, nakil ve terfi sisteminin nesnel, önceden belirlenmiş ölçütlere ve liyakate dayalı olarak geliştirilmesi sağlanacaktır.",11_2019-2023.txt,180,tam,180
S09,12,2024-2028,görevde yükselmede liyakat (nitel),,,,,,960.2. Görevde yükselmede uygulanan seçme yöntemleri liyakat esaslı teknikler gözetilerek geliştirilecektir.,12_2024-2028.txt,244,tam,244
S09,12,2024-2028,kamuya ilk atamada sınav/sözlü sınav sınırlaması (nitel),,,,,,960.3. Kamu görevlerine ilk defa atanacaklar için mevcut sınav sistemi mevzuat ve uygulama boyutlarıyla birlikte gözden geçirilerek sözlü sınavların atamaya konu olan görevin niteliğinin gerekli kıldığı hallerle sınırlı olarak yapılması sağlanacak,12_2024-2028.txt,244,tam,244
S12,1,1963-1967,yeni radyo verici istasyonu,4 veya 5,adet (100 Kw. veya daha fazla güçte),1967,,,"Yurdun her yerinden ve yurt dışına iyi bir dinleme sağlamak için, çeşitli bölgelerde 100 Kw. veya daha fazla güçte 4 veya 5 yeni verici istasyonun daha kurulması gerekmektedir.",01_1963-1967.txt,407,tam,407
S12,1,1963-1967,radyo yayın kapsamı (nitel),,,,,,Radyo istasyonları bütün yurtta iyi bir dinleme sağlayacak şekilde geliştirilecektir.,01_1963-1967.txt,386,tam,386
S12,2,1968-1972,radyo yayın kapsamı,86,% nüfus (yüzölçümünün yüzde 78 i),1972,,,Yapılacak yatırımlar ile ikinci Beş Yıllık Plan dönemi sonunda yurdun yüzölçümü bakımından yüzde 78 i ve toplam nüfusun yüzde 86 sımn radyo yayınları ile kapsanması mümkün olacak ve televizyon verici istasyonlarının .kurulması ile yayına geçilecektir.,02_1968-1972.txt,598,tam,598
S12,2,1968-1972,televizyon yayınına geçiş (nitel),,,,,,"(ı) ikinci Beş Yıllık Plan dönemi içerisinde yurdumuzda televizyon yayınma geçilecektir. (ıı) Yurdun her tarafında, en az bir millî ve bir de bölgesel radyo yayınının dinlenmesi sağlanacaktır.",02_1968-1972.txt,597,tam,597
S12,3,1973-1977,toplam radyo yayın saati,123900,saat,1977,,,"1977 yılı sonunda, Türkiye radyolarının yayın saati toplamı 123900 e çıkacak ve bu değer uzun dönemde değişmiyecektir.",03_1973-1977.txt,641,tam,641
S12,3,1973-1977,televizyon yayın alanındaki nüfus oranı,80,% nüfus,1977,,,Dönem sonuna kadar nüfusumuzun yüzde 80 inin .televizyon yayın alanı içinde kalacağı tahnün edilmektedir.,03_1973-1977.txt,642,tam,642
S12,3,1973-1977,televizyon yayın alanındaki nüfus oranı (başlangıç),,% nüfus,,21,1972,nüfusumuzun 1972 yılı sonuna göre televizyon yayın alanı içinde kalan oranının yüzde 21 dolaymda olacafı tahmin edümektedir.,03_1973-1977.txt,641,tam,641
S12,4,1979-1983,hizmete girecek FM radyo istasyonu (toplam 1020 kw),26,istasyon,1983,,,"IV. Plan döneminde, ülkenin her yanında, üçüncü radyo yayınının iyi dinlenebilmesini sağlayacak FM radyolannm geliştirilmesine ağırlık verilecek ve toplam 1020 kw gücünde 26 istasyon hizmete gire. çektir.",04_1979-1983.txt,435,tam,435
S12,4,1979-1983,televizyon yayın kapsamı (yurdun tümü),,,1983,,,IV. Plan dönemi s€h nunda yurdun tümü televizyon yaymlan ile kapsanmış olacaktır.,04_1979-1983.txt,435,tam,435
S12,4,1979-1983,III. Plan radyo yayın saati hedefi ve gerçekleşme,,saat,,133.400,1977,"Toplam yıllık radyo yayın saatinin 123.900 saate ulaşması öngörülmüş, 1977 sonunda 133.400 saate ulaşılmıştır,",04_1979-1983.txt,434,tam,434
S12,5,1985-1989,FM radyo verici sayısı,80,adet,1989,29,1984,"FM radyolarının sayısı 29 dan 80'a, güçleri 1020 Kw’tan 2500. Kw’a çıkarılacak, nüfusun yüzde 98’ine bu yayınları dinleme imkânı sağlanacaktır.",05_1985-1989.txt,135,tam,135
S12,5,1985-1989,FM yayınlarını dinleyebilen nüfus oranı,98,%,1989,,,nüfusun yüzde 98’ine bu yayınları dinleme imkânı sağlanacaktır.,05_1985-1989.txt,135,tam,135
S12,5,1985-1989,TV kapsanan nüfus,52100000,kişi,1989,41100000,1984,d) Kap. Nüfus 33780000 40800000 41100000 52100000,05_1985-1989.txt,136,tam,136
S12,6,1990-1994,TV-1 kapsanan nüfus oranı,100,%,1994,96,1989,"d) Kapsanan Nüfus Oranı(%) 88,4 91 96 100",06_1990-1994.txt,295,tam,295
S12,6,1990-1994,özel radyo ve TV,,,,,,715. Plan döneminde özel radyo ve TV üzerinde ağırlıkla durulacaktır.,06_1990-1994.txt,293,tam,293
S12,7,1996-2000,TRT kanallarının lisans altında özelleştirilmesi (nitel),,,,,,"TRT'nin bazı kanalları, yayımların geniş halk kitlelerine ulaştırılabilmesi esasına göre lisans altında özelleştirilecektir.",07_1996-2000.txt,167,tam,167
S12,7,1996-2000,yayın kalitesi denetimi (nitel),,,,,,Yayım kalitelerinin sürdürülebilmesi amacıyla monitör hizmetleri ve teknik denetim devlet otoritesince sağlanacaktır.,07_1996-2000.txt,167,tam,167
S12,7,1996-2000,radyo-TV kanallarının yaygınlaşması (nitel tahmin),,,,,,Yayım ve program açısından kaliteli radyo ve televizyon kanallarının artarak yaygınlaşacağı tahmin edilmektedir.,07_1996-2000.txt,165,tam,165
S12,8,2001-2005,özel radyo-TV lisanslama (mevcut durum),,,,,,Özel radyo ve televizyon kurulu şlarına lisans verilmesi konusunda herhangi bir gelişme yaşanmamıştır.,08_2001-2005.txt,138,tam,138
S12,8,2001-2005,özel radyo-TV lisansları; TRT yeniden yapılanması (nitel),,,,,,"Özel radyo ve televizyon kurulu şlarına lisans verilmesi konusunda gerekli çalışmalar tamamlanacakt ır. TRT yeniden yapılandırılarak, sağlıklı bir mali yap ıya kavuşturulacak ve yayın içeriği zenginleştirilecektir.",08_2001-2005.txt,139,tam,139
S12,8,2001-2005,yerel radyo-TV eğitim yayınları (nitel),,,,,,Yerel radyo ve televizyonların halkın eğitimine yönelik program üretmeleri ve yayınlamaları özendirilecektir.,08_2001-2005.txt,73,tam,73
S12,9,2007-2013,kamu yayıncılığı,,,,,,"Public broadcasting service will be developed by taking the advancements in information and communication technologies into consideration, and it will have a content that will respond to the needs of different segments of the society and give a right to choose.",09_2007-2013_en.txt,90,tam,90
S12,9,2007-2013,sayısal yayıncılığa geçiş (durum),,,,,,Works about the transition to digital broadcasting carried out under the coordination of Radio and Television Supreme Council have been completed.,09_2007-2013_en.txt,40,tam,40
S12,10,2014-2018,yayıncılık sektörü sayısal dönüşüm ve kamu hizmeti yayını,,,,,,"Yayıncılık sektörünün, altyapı ve hizmetlerini çeşitlendirecek, sayısal dönüşümünü tamamlayacak şekilde geliştirilmesi ve kamu hizmeti yayınlarının toplumun farklı kesimlerinin beklentilerine uygun içeriklerle sunulması amaçlanmaktadır.",10_2014-2018.txt,109,tam,109
S12,10,2014-2018,ifade ve basın özgürlüğü (durum),,,,,,2013 yılında kabul edilen dördüncü yargı reformu paketiyle ifade ve basın özgürlüğü başta olmak üzere insan hakları standartlarının yükseltilmesine yönelik önemli değişiklikler yapılmıştır.,10_2014-2018.txt,50,tam,50
S12,11,2019-2023,medya okuryazarlığı / medyada kadın temsili (nitel),,,,,,604. Medyada kadın temsili iyileştirilecek ve kadınların medya okuryazarlığının artırılması sağlanacaktır.,11_2019-2023.txt,147,tam,147
S12,11,2019-2023,sayısal yayıncılık altyapısı (nitel),,,,,,482.3. Sayısal yayıncılık için belli merkezlerde radyo ve televizyon kulelerinin yapımı sağlanacaktır.,11_2019-2023.txt,117,tam,117
S12,12,2024-2028,medya okuryazarlığı (nitel),,,,,,592.8. Medya okuryazarlığının geliştirilmesine yönelik faaliyetler gerçekleştirilecektir.,12_2024-2028.txt,144,tam,144
S12,12,2024-2028,RTÜK sektör verisi ve raporlama (nitel),,,,,,"Radyo ve Televizyon Üst Kurulu (RTÜK) tarafından düzenli olarak sektöre ilişkin veri üretilmesi, açıklanması ve sektörel gelişmelerin raporlanarak kamuoyuyla paylaşılması sağlanacaktır.",12_2024-2028.txt,143,tam,143
S16,1,1963-1967,ortadan kaldırılacak gecekondu sayısı,3600,adet/yıl (1963-1967 her yıl),1967,,,Ortadan kaldırılacak gecekondu sayısı 3600 3600 3600 3600 3600,01_1963-1967.txt,439,tam,439
S16,1,1963-1967,imar planı ele alınacak şehir ve kasaba,361,şehir ve kasaba,1967,,,İlk beş yıllık devrede 361 şehir ve kasabanın imar plânları ele alınacaktır.,01_1963-1967.txt,422,tam,422
S16,1,1963-1967,gecekondu önleme amaçlı birim konut,22000,birim konut/yıl (1967),1967,10000,1963,Yeniden gecekondu yapılmasını önlemek için yapılacak birim konut sayısı 10000 13000 16000 19000 22000,01_1963-1967.txt,439,tam,439
S16,2,1968-1972,şehir konutu ihtiyacı/üretimi,900 000,konut (1968-1972 toplam),1972,,,Yukarıda belirtildiği gibi ikinci Beş Yıllık Plan döneminde toplam 900 000 şehir konutu yaratılması gerekmektedir.,02_1968-1972.txt,291,tam,291
S16,2,1968-1972,gecekondu tasfiyesi (konut birimi),37 500,konut birimi (1968-1972 toplam; yılda 7 500),1972,,,Toplam 757 000 37 500 60 000 20 000 25 500 900 000,02_1968-1972.txt,290,tam,290
S16,2,1968-1972,önceki plan uygulama değerlendirmesi (gecekondu),,,,,,"Birinci Beş Yıllık Kalkınma Planının önleme, ıslah ve tasfiye amaçlı üç yönlü gecekondu politikası, uygulayıcı mekanizmanın kurulmasında karşılaşılan güçlükler sonucu başarı ile uygulanamamıştır. Öte yandan etken bir denetim yapılamaması sonucu, «Gecekonduculuk» bir kâr aracı olmuştur.",02_1968-1972.txt,289,tam,289
S16,3,1973-1977,gecekondu yenileme (tasfiye),70,bin gecekondu,1977,700,1972,Üçüncü Plan Döneminde 1972 yılı sonu gecekondu stoku olan 700 binden beş yılda 70 binin yenilenmesi sağlanacaktır.,03_1973-1977.txt,866,tam,866
S16,3,1973-1977,"Üçüncü Plan dönemi konut birim hedefi toplamı, şehir+köy (Tablo 651; tablo başlığında ""(Bin)"" yazıyor, değerler adet görünümünde)",1664 680,konut birimi,1977,,,toplam 1664 680,03_1973-1977.txt,869,tam,869
S16,3,1973-1977,gecekondu önleme ve tasfiye uygulaması konut birimi (Tablo 651),130 680,konut birimi,1977,,,3. Gecekondu önleme ve tasfiye uygulaması 130 680,03_1973-1977.txt,869,tam,869
S16,4,1979-1983,kent konut gereksinmesi toplamı 1979-1983 (Tablo 273),1 705 065,konut birimi,1983,,,Toplam 1 240 465 464 600 1 705 065,04_1979-1983.txt,490,tam,490
S16,4,1979-1983,imar planı yapılacak belde sayısı,453,belde,1983,,,"IV. Plan döneminde, yenilenmesi gereken 378, yeni 75, toplam 453 beldenin imar planı yapılacak, bunun için 200 milyon lira harcanacaktır.",04_1979-1983.txt,267,tam,267
S16,4,1979-1983,III. Plan konut gereksinmesi ve gerçekleşen üretim,,konut birimi,,978 361,1977,Üçüncü Beş Yıllık Kalkınma Planı döneminde 1 220 000 birim olarak saptanan gereksinmeye karşıhk 978 361 birim konut üretilmiştir.,04_1979-1983.txt,488,tam,488
S16,5,1985-1989,plan dönemi toplam konut inşaatı,1161 000,birim konut,1989,,,770. Plan döneminde ekonomide toplam 1161 000 birim konut inşa edilmesi öngörülmektedir.,05_1985-1989.txt,183,tam,183
S16,5,1985-1989,yıllık yeni konut ihtiyacı (tahmin),,birim/yıl,1989,,,"belirsiz: plan bunu hedef değil ihtiyaç tahmini olarak veriyor | ortalama yüzde 3,17 oranında artarak, 1989 da yılda 318.000 birim seviyesine çıkacağı tahmin edilmiştir.",05_1985-1989.txt,183,tam,183
S16,5,1985-1989,ruhsatsız yapı ve gecekondu ıslahı,,,,,,mevcut ruhsatsız yapılara ve gecekondulara altyapı götürülmesine ve bunların İslahına öncelik verilecektir.,05_1985-1989.txt,185,tam,185
S16,6,1990-1994,konut ihtiyacının karşılanma oranı,80,%,1994,,,Plan döneminde doğan konut ihtiyacının yüzde 80'i karşılanacaktır.,06_1990-1994.txt,331,tam,331
S16,6,1990-1994,plan dönemi toplam yeni konut ihtiyacı,1.838,bin konut,1994,,,Bu durumda plan döneminde toplam 1.838 bin yeni konuta ihtiyaç olacaktır.,06_1990-1994.txt,331,tam,331
S16,6,1990-1994,gecekondulaşmayı önleme,,,,,,"gecekondulaşmayı önlemek amacıyla “Kendi Evini Yapana Yardım"" programı içinde nüve konut projeleri hazırlayacaklardır.",06_1990-1994.txt,331,tam,331
S16,7,1996-2000,plan dönemi toplam yeni konut ihtiyacı,2.540,bin konut,2000,,,"Bu durumda, Plan döneminde toplam 2.540 bin yeni konuta ihtiyaç olacaktır.",07_1996-2000.txt,194,tam,194
S16,7,1996-2000,büyük şehirlerde gecekondu/ruhsatsız konut payı (mevcut durum),,,,yarıdan fazlası,,Büyük şehirlerdeki konutların yarıdan fazlası gecekondu ve ruhsatsız konuttur.,07_1996-2000.txt,185,tam,185
S16,7,1996-2000,yeni gecekondulaşmanın önlenmesi (nitel),,,,,,Yeni gecekondulaşmalara imkan vermemek için yaratılan rantların kamuya aktarılması sağlanacaktır.,07_1996-2000.txt,193,tam,193
S16,7,1996-2000,önceki (VI.) plan konut üretim hedefinin gerçekleşmesi,,,,,,"VI'ncı Plan döneminde üretilen konut sayısının Plan hedefinin yüzde 90'ına tekabül eden 1,3 milyona ulaştığı tahmin edilmektedir.",07_1996-2000.txt,186,tam,186
S16,8,2001-2005,plan dönemi toplam konut ihtiyacı,3.075.000,adet,2005,,,"Bu durumda, Plan döneminde kentle şme ve nüfus art ışı ile yenileme ve afetten kaynaklanan toplam konut ihtiyacı 3.075.000 adettir.",08_2001-2005.txt,181,tam,181
S16,8,2001-2005,önceki (VII.) plan konut ihtiyacının karşılanması,,,,,,"VII. Plan döneminde in şa edilen konut say ısının 1,3 milyon civar ında oldu ğu tahmin edilmekte olup, bu dönem için ihtiyaç olarak belirlenen 2.540.000 rakam ının çok altında kalınmıştır.",08_2001-2005.txt,180,tam,180
S16,8,2001-2005,kaçak yapı ve gecekondunun önlenmesi (nitel),,,,,,Kaçak yap ılaşmayı ve gecekondu yapımını önleyici tedbirler alınacaktır.,08_2001-2005.txt,181,tam,181
S16,9,2007-2013,plansız kentleşmenin uyum sorunları,,,,,,Measures will be taken to alleviate the socio-cultural adaptation problems arising from intensive migration and unplanned urbanization.,09_2007-2013_en.txt,105,tam,105
S16,9,2007-2013,plan kademelenmesi ve fiziki planların denetimi,,,,,,"An integrated system for the management and supervision of plans, including the physical plans, taking the management on the spot principle as the basis will be formed.",09_2007-2013_en.txt,105,tam,105
S16,10,2014-2018,Plan dönemi toplam konut ihtiyacı (tahmin),,milyon konut,2018,,,"belirsiz: plan bunu hedef değil ihtiyaç tahmini olarak veriyor | Onuncu Kalkınma Planı döneminde, şehirleşme, nüfus artışı, yenileme ve afetten kaynaklanan konut ihtiyacının toplam 4,1 milyon olacağı tahmin edilmektedir.",10_2014-2018.txt,140,tam,140
S16,10,2014-2018,önceki plan dönemi konut ihtiyacı ve iskânlı konut,,,,,,"afetten kaynaklanan konut ihtiyacının yaklaşık 3,5 milyon olacağı tahmin edilmiştir. Dönem sonu itibarıyla yapı kullanma izni alan konut sayısının 3,2 milyona ulaşması beklenmektedir.",10_2014-2018.txt,140,tam,140
S16,10,2014-2018,imarsız yapılaşma (kentsel dönüşüm programı gerekçesi),,,,,,"Hızlı şehirleşme ve imarsız yapılaşma şehirlerde ekonomik ve sosyal problemlere sebep olmuş, yaşam kalitesini düşürmüştür.",10_2014-2018.txt,208,tam,208
S16,11,2019-2023,sosyal konut üretimi (plan dönemi),250 bin,konut,2023,,,686.2. Plan döneminde dar gelirlilere ve dezavantajlı gruplara yönelik 250 bin sosyal konut üretilecektir.,11_2019-2023.txt,167,tam,167
S16,11,2019-2023,yıllık üretilen sosyal konut sayısı (kümülatif),270.802,adet,2023,20.802,2018,Yıllık Üretilen Sosyal Konut Sayısı (Kümülatif) 20.802 270.802,11_2019-2023.txt,167,tam,167
S16,11,2019-2023,kentsel dönüşüm strateji belgesi hazırlanan il sayısı (kümülatif),81,il,2023,2,2018,Kentsel Dönüşüm Strateji Belgesi Hazırlanan İl Sayısı (Kümülatif) 2 81,11_2019-2023.txt,169,tam,169
S16,12,2024-2028,dar ve orta gelirlilere yönelik üretilen konut sayısı,500.000,adet,2028,60.440,2022,Dar ve Orta Gelirlilere Yönelik Üretilen Konut Sayısı 60.440 125.000 500.000,12_2024-2028.txt,221,tam,221
S16,12,2024-2028,kentsel dönüşüm strateji belgesi hazırlanan il sayısı (kümülatif),81,il,2028,42,2022,Kentsel Dönüşüm Strateji Belgesi Hazırlanan İl Sayısı (Kümülatif) 42 45 81,12_2024-2028.txt,217,tam,217
S16,12,2024-2028,kaçak yapı stoku (nitel),,,,,,862.5. Kaçak yapı stoku ortaya konulacak ve kaçak yapılaşmayı önleyici tedbirler alınacaktır.,12_2024-2028.txt,220,tam,220
S17,1,1963-1967,afet kaynaklı konut ihtiyacı (tahmin),,,,,,"belirsiz: afet/deprem hedefi yok; şehir konut ihtiyacı tablosunda 'Afet ve kamulaştırmadan doğacak ihtiyaç' sütunu (4 700) — tahmin, hedef değil | 1967 116 611 37 541 4 700 12 000 170 852",01_1963-1967.txt,435,tam,435
S17,2,1968-1972,afet ve kamulaştırmadan doğan konut ihtiyacı,,konut birimi/yıl,1972,,,"belirsiz: afet için ayrı hedef yok; konut ihtiyacı tahmini içinde afet+kamulaştırma kalemi | Yenilemeden doğacak yıllık konut birimi ihtiyacı 24 000, âfetler ve kamulaştırmadan doğacak yıllık yaklaşık konut birimi ihtiyacı 4 000 olacaktır.",02_1968-1972.txt,290,tam,290
S17,2,1968-1972,afet konutu uygulaması değerlendirmesi,,,,,,"Bu metodun afet işlerindeki uygulamasında anlamı değişmiş, bir malî yardım niteliği kazanmış ve başarılı olmamıştır. Afet işlerindeki «Nüve konut» çalışmaları maliyetleri azaltan olumlu sonuçlar vermiştir.",02_1968-1972.txt,289,tam,289
S17,3,1973-1977,afetlerde yıkılmış şehir konutlarının yenilenmesi,10,bin konut,1977,,,"Ayrıca, şehirlerde geçmiş dönemlerde afetler nedeniyle yıkılmış konutlardan 10 biran yenilenmesi gerekmektedir.",03_1973-1977.txt,866,tam,866
S17,3,1973-1977,kırda afet konut kaybı tahmini ve devletin geçmiş taahhüdü,,,,,,"Kırda, yeni afetler nedeni ile meydana gelebilecek konut kaybı 28 bin olarak tahmin edilmektedir, Ayrıca, Devletin geçmiş yıllar taahhüdünü tamamen yerine getirmesi halinde ek ihtiyaç 47 bin konut olabilecektir.",03_1973-1977.txt,867,tam,867
S17,3,1973-1977,afetzede yerleştirme mevzuatı (nitel),,,,,,Afetler ve kamulaştırmalar sonunda yenideaı ialkaıtüa (karşılaşan nüfusun yerleştirilmesi konusunda mevcut yasalar yeniden düzenlenerek ihtiyaçlara cevap verebilecek ve kamuyu en az yük altmda bırakacak bir sistem geliştirilecektir.,03_1973-1977.txt,877,tam,877
S17,4,1979-1983,depreme duyarlı yörelerde yapı standardı ve mevcut yapıların güçlendirilmesi (nitel),,,,,,Doğal yıkımlara ve özellikle depreme duyarlı yörelerde yeni yapılacak konutlarda özel standartların uygulanması ve mevcut yapılarm dayanım gücünün artırılması yolunda çalışmalar yapılacaktır.,04_1979-1983.txt,491,tam,491
S17,4,1979-1983,"kır konutları ve deprem kaybı (durum, nitel)",,,,,,Bunun sonucu kır konutlarının çoğunluğu çağdaş barınma koşullarının ötesindedir. Deprem kuşağınm üzerinde olan Türkiye'de her yıl büyük kayıplara neden olmaktadır.,04_1979-1983.txt,161,tam,161
S17,5,1985-1989,afete maruz bölgelerde köy konutu ıslahı,,,,,,"779. Birinci derecede âfete maruz bölgelerde yer alan köylere öncelik verilerek, köy konutlarının ıslahına yönelik eğitim, uygulama ve teşvik faaliyetleri hızlandırılarak yürütülecektir.",05_1985-1989.txt,185,tam,185
S17,6,1990-1994,depreme dayanıklı yapı,,,,,,"1032. Deprem bölgelerindeki uygulamalarda, “depreme dayanıklı bina” yapımına uygun olan teknolojiler tesbit edilerek tüm yapılarda bu teknolojilerin kullanılması sağlanacaktır.",06_1990-1994.txt,332,tam,332
S17,6,1990-1994,afet konutu ihtiyacı,,,,,,"belirsiz: 5 bin rakamı afet konutu dahil yıllık yeni konut ihtiyacı tahmini, hedef değil | afet konutları olarak birikmiş ihtiyaç dahil 5 bin civarında yeni konut yapılması gerekecektir.",06_1990-1994.txt,331,tam,331
S17,7,1996-2000,doğal afet riskinin azaltılması (nitel),,,,,,"Yüzde 92'si deprem bölgelerinde bulunan ülkemizde doğal afetlerin önlenmesi ve zararlarının azaltılması yönünde çalışmalar yapılacak, afet riskini enaza indirmek için gerekli önlemler alınacaktır.",07_1996-2000.txt,194,tam,194
S17,7,1996-2000,deprem haritaları (nitel),,,,,,"Ülke genelinde arazi kullanımı haritaları ve deprem haritaları çıkarılacak, kadastro çalışmaları hızlandırılacak ve bu çalışmalardan bölgesel ve fiziki planlama çalışmalarında yararlanılacaktır.",07_1996-2000.txt,189,tam,189
S17,7,1996-2000,afet kanununun yeniden düzenlenmesi (nitel),,,,,,7269 sayılı Umumi Hayata Müessir Afetler Dolayısı İle Alınacak Tedbirler ile Yapılacak Yardımlara Dair Kanun yeniden düzenlenecektir.,07_1996-2000.txt,196,tam,196
S17,8,2001-2005,mevcut yapı stokunun deprem güvenliği değerlendirmesi ve güçlendirme (nitel),,,,,,"Yapı stoğ unun büyük bir bölümü yeterli deprem güvenli ği ta şımadığından, deprem tehlikesinin yüksek olduğu yerlerden başlayan bir öncelik sırası içinde, bu yapıların deprem dayan ımı bak ımından sistematik bir biçimde değerlendirilmeleri ve güçlendirilmeleri sağlanacaktır.",08_2001-2005.txt,213,tam,213
S17,8,2001-2005,afet sigortası: devletin doğal sigortacılığının sınırlandırılması (nitel),,,,,,Konutu hasar gören herkesi hak sahibi yaparak devleti doğal sigorta durumuna getiren Umumi Hayata Müessir Afetler Dolayısıyla Alınacak Tedbirlerle Yapılacak Yardımlara Dair Kanun de ğiştirilerek bu uygulamanın kapsamı sigortalamanın mümkün olmadığı koşullar ile s ınırlandırılacak,08_2001-2005.txt,214,tam,214
S17,8,2001-2005,afet yönetim sistemi (nitel),,,,,,"kurumsal yapı ile uyumlu, Ulusal Ola ğanüstü Hal Planı çalışmalarını da içeren bir afet yönetim sistemi oluşturulacaktır.",08_2001-2005.txt,214,tam,214
S17,9,2007-2013,afet riski yüksek bölgelerin planlamada önceliği,,,,,,"Developing central settlement units, tourism regions, protected areas and regions under high disaster risk will be prioritized in planning.",09_2007-2013_en.txt,108,tam,108
S17,9,2007-2013,afet yönetiminde yetki karmaşası (durum tespiti),,,,,,"confusion about authority and duties among public institutions and organizations is still being encountered in some sectoral and thematic fields, especially in disaster management.",09_2007-2013_en.txt,59,tam,59
S17,10,2014-2018,zorunlu deprem sigortasına dâhil konut ve işyeri sayısı,"9,5",milyon,2018,"4,8",2012,"Zorunlu Deprem Sigortasına Dâhil Olan Konut ve İşyeri Sayısı (Milyon) 2,5 4,8 5,4 9,5",10_2014-2018.txt,152,tam,152
S17,10,2014-2018,bütünleşik afet tehlike haritası tamamlanan il sayısı,81,il,2018,3,2012,Bütünleşik Afet T ehlike Haritası Tamamlanan İl Sayısı --- 3 6 81,10_2014-2018.txt,152,tam,152
S17,10,2014-2018,mikro bölgeleme ve imar planlarında afet riski,,,,,,Yüksek afet riskli alanlar öncelikli olmak üzere afet risklerinin belirlenmesine yönelik mikro bölgeleme çalışmaları tamamlanacak ve imar planlaması süreçlerinde afet riskleri dikkate alınacaktır.,10_2014-2018.txt,152,tam,152
S17,11,2019-2023,zorunlu deprem sigortasına dâhil konut ve işyeri sayısı,"12,1",milyon,2023,"8,9",2018,"Zorunlu Deprem Sigortasına Dâhil Olan Konut ve İşyeri Sayısı (Milyon) 8,9 12,1",11_2019-2023.txt,178,tam,178
S17,11,2019-2023,risk azaltma planı hazırlanacak il sayısı (kümülatif),81,il,2023,,,Risk Azaltma Planı Hazırlanacak İl Sayısı (Kümülatif) - 81,11_2019-2023.txt,178,tam,178
S17,12,2024-2028,zorunlu deprem sigortasına dâhil konut ve işyeri sayısı,"15,2",milyon,2028,"10,9",2022,"Zorunlu Deprem Sigortasına Dâhil Olan Konut ve İşyeri Sayısı (Milyon)1 10,9 11,7 15,2",12_2024-2028.txt,215,tam,215
S17,12,2024-2028,riskli yapı stokunun yenilenmesi (nitel),,,,,,849. Olası Marmara depremine karşı riskli yapı stokunun yenilenmesi için gerekli çalışmalar hızlı ve etkin bir şekilde yürütülecektir.,12_2024-2028.txt,217,tam,217
S19,1,1963-1967,sulamaya yeni açılacak alan,515,bin hektar (ek),1967,1.115.000,1962,"Türkiye’de sulanan alanlar için elde bulunan tahminler gözönü- ne alınarak, bugün sulaman alanın 1.115.000 Ha. olduğu kabul edilmiştir 2. Beş yıllık plân döneminde bugün sulanan toprağa ek olarak 515 bin Ha. toprak sulanmış olacaktır.",01_1963-1967.txt,179,tam,179
S19,1,1963-1967,sulanan alanın tarım alanına oranı,"6,3",%,1967,"4,3",1962,"Sulama programının gerçekleşmesi sonucu 515 hektarlık arazinin sulanması ile tarım alanı içinde, sulanan alanların oranı yüzde 4,3 ten 6,3 e yükseltilecektir.",01_1963-1967.txt,180,tam,180
S19,1,1963-1967,köy içme suyu yatırımı,565,milyon TL (1963-1967 toplam),1967,,,Köy içme suyu 60 70 80 145 210 565,01_1963-1967.txt,421,tam,421
S19,2,1968-1972,sulanacak ek alan,392 000,hektar,1972,,,Bitkisel üretim hedeflerine ulaşabilmek için bu dönemde 392 000 hektar alan sulanacaktır.,02_1968-1972.txt,318,tam,318
S19,2,1968-1972,sulanan alanın işlenen tarım arazisine oranı,"8,2",%,1972,"6,6",1967,"Dönem sonunda sulanan alanların işlenen tarım arazisine oranı yüzde 8,2 ye çıkacaktır. Bu oran dönem başında yüzde 6,6 dır.",02_1968-1972.txt,318,tam,318
S19,2,1968-1972,içme suyuna kavuşacak köy sayısı,12 500,köy (1968-1972 toplam),1972,,,"Öte yandan, aynı dönemde içmesuyuna kavuşturulacak köy sayısı ise 12 500 ü bulmaktadır. Böylece 1972 yılında, içmesuyu bulunan köy sayısı 35 978 e yükselmektedir. Aym yılda susuz köy sayısının toplam köy sayısına oranı yüzde 20 ye düşecektir.",02_1968-1972.txt,616,tam,616
S19,2,1968-1972,önceki plan uygulama değerlendirmesi (sulama),,,,,,"Birinci Beş Yıllık Plan döneminde, 515 000 hektar arazinin sulanan alanlara eklenmesi öngörülmüştür. Bu program 444 000 hektar şebeke inşaatı olarak gerçekleşmiştir. Fakat sulamaya eklenen alanın 200 bin hektarı aşmadığı tahmin edilmektedir.",02_1968-1972.txt,318,tam,318
S19,3,1973-1977,sulanan alan toplamı (Tablo 131 Sulama Dengesi),2 479,bin hektar,1977,1 939,1972,"TOPLAM 1 939(a) 100,0 2 479(b) 100,0 127,8",03_1973-1977.txt,251,tam,251
S19,3,1973-1977,sulamaya açılacak yeni alan,650,bin hektar,1977,,,Üçüncü Plan döneminde 650 bin hektarlık bir alan sulamaya açılabilecektir.,03_1973-1977.txt,251,tam,251
S19,3,1973-1977,içme suyu götürülecek kırsal yerleşim ünitesi,22 000,kırsal yerleşim ünitesi,1977,,,Yurdumuzda halen yeterli içme suyu bulunmayan 22 000 dolayındaki kırsal yerleşim ünitesinin tamamına içmesuyu götürülecektir.,03_1973-1977.txt,661,tam,661
S19,4,1979-1983,yeni sulama şebekesi alanı,650 000,hektar,1983,,,öte yandan 650 000 hektar alanda yeni sulama şebekesi yapılması ve IV. Plan dönemi sonunda fiilen sulama oranının yüzde 77'ye yükselmesi hedef alınmıştır,04_1979-1983.txt,357,tam,357
S19,4,1979-1983,kamu sulama şebekelerinde fiilen sulama oranı,77,%,1983,,,öte yandan 650 000 hektar alanda yeni sulama şebekesi yapılması ve IV. Plan dönemi sonunda fiilen sulama oranının yüzde 77'ye yükselmesi hedef alınmıştır,04_1979-1983.txt,357,tam,357
S19,4,1979-1983,III. Plan kamu sulama şebekesi hedefi / gerçekleşme / gerçekleşme yüzdesi (Tablo 168),,hektar,,545 066,1977,"Kamu Sulama Şebekesi 650 000 545 066 83,9",04_1979-1983.txt,356,tam,356
S19,4,1979-1983,içme suyu hizmeti sağlanacak nüfus (kırsal birimler dahil),22,milyon nüfus,1983,,,"kırsal alanda 31 000 yapım, 10 000 yenileme olmak üzere toplam 22 milyon nüfusa hizmet sağlayacak birimlerin yapımı sağlanacaktır.",04_1979-1983.txt,267,tam,267
S19,5,1985-1989,sulama alanı,4.025,100 Ha,1989,3.225,1984,Sulama 100 Ha 2.581 3.225 4.025,05_1985-1989.txt,76,tam,76
S19,5,1985-1989,sulama randımanı ve sulama oranı,90,%,,70,,Halen sulama randımanı ve sulama oranı yüzde 70 dolaylarına kadar çıkarılabilmiştir. Bu oranın yüzde 90 dolaylarına çıkarılması önem taşımaktadır.,05_1985-1989.txt,70,tam,70
S19,5,1985-1989,içmesuyu temin edilen yerleşmeler,bütün yerleşmeler,,1993,,,Kanalizasyon Ana Planında 1993 yılı sonuna kadar bütün yerleşmelere yeterli ve sağlıklı içmesuyu temin edilmesi öngörülmüştür.,05_1985-1989.txt,186,tam,186
S19,6,1990-1994,yeni sulama şebekesi alanı,750,bin hektar,1994,,,ilaveten 750 bin hektar alanda yeni sulama şebekesi kurulması öngörülmüştür.,06_1990-1994.txt,66,tam,66
S19,6,1990-1994,sulama alanı,4541,1000 Ha,1994,3791,1989,"Sulama (1000 Ha) 3209 3657 3791 4541 3,4 3,7",06_1990-1994.txt,65,tam,65
S19,6,1990-1994,kanalizasyon projeleri,bütün belediye yerleşim yerleri,,1994,,,1036. Bütün belediye yerleşim yerlerinin kanalizasyon projeleri plan dönemi sonuna kadar hazırlanmış olacaktır.,06_1990-1994.txt,332,tam,332
S19,7,1996-2000,plan döneminde yeni sulama şebekesi alanı,735,bin hektar,2000,,,"Plan döneminde toplam 735 bin hektar alanda yeni sulama şebekesi kurulması ve sulanan alanlardan azami faydanın sağlanabilmesi için arazi geliştirme faaliyetlerine önem verilerek, 290 bin hektar alanda tarla içi geliştirme hizmetlerinin gerçekleştirilmesi öngörülmektedir.",07_1996-2000.txt,172,tam,172
S19,7,1996-2000,köylere içmesuyu,,,,,,Kırsal alandaki bütün köylere içmesuyu götürülecektir.,07_1996-2000.txt,170,tam,170
S19,7,1996-2000,içmesuyu şebeke kayıpları (nitel; mevcut durum pdf S168: yüzde 50’ye varan su kayıpları),,,,,,içmesuyu şebeke kayıplarının kabul edilebilir düzeye indirilmesi çalışmalarına ağırlık verilecektir.,07_1996-2000.txt,169,tam,169
S19,8,2001-2005,plan döneminde yeni sulama şebekesi alanı,475,bin hektar,2005,,,"VIII. Plan döneminde toplam 475 bin hektar alanda yeni sulama şebekesi kurulması ve sulanan alanlardan azami faydan ın sağlanabilmesi için arazi geli ştirme faaliyetlerine önem verilerek, 3 10 bin hektar alanda tarla içi geli ştirme hizmetlerinin gerçekle ştirilmesi öngörülmektedir.",08_2001-2005.txt,194,tam,194
S19,8,2001-2005,içme suyu olmayan köyler; kırsal kanalizasyon (nitel),,,,,,"Yeterli ve sağlıklı içme suyu olmayan köyler içme suyuna kavuşturulacak, kırsal kanalizasyon şebekeleri çevre sağ lığı aç ısından risk ta şıyan yöreler ile turistik yörelerde yaygınlaştırılacaktır.",08_2001-2005.txt,195,tam,195
S19,8,2001-2005,su kaçağı oranı (1995-2000 gerçekleşmesi; 2000: yüzde 32),,yüzde,,40,1995,1995-2000 dönemi su kaçağı oranı Türkiye genelinde yüzde 40 düzeyinden yüzde 32 düzeyine çekilmiştir.,08_2001-2005.txt,183,tam,183
S19,9,2007-2013,DSİ sulama alanı (net kümülatif),3.00,milyon hektar,2013,2.55,2006,"DSİ Irrigation Area (Net Cumulative), Million Hectare 2.55 3.00",09_2007-2013_en.txt,72,tam,72
S19,9,2007-2013,içme suyu şebekesinde kayıp ve kaçakların azaltılması,,,,,,Efficient use of water resources of the country will be ensured by reducing losses and illegal uses in existing water supply facilities.,09_2007-2013_en.txt,87,tam,87
S19,9,2007-2013,kanalizasyon hizmeti alan belediye nüfusu oranı (plan öncesi durum),,%,,80,2004,"the ratio of those having sewage services, waste water treatment facilities, water for drinking and daily use, and drinking water treatment facility services have reached 80 per cent, 47 per cent, 93 per cent and 42 per cent, respectively.",09_2007-2013_en.txt,39,tam,39
S19,10,2014-2018,işletmeye açılan sulama alanı (net kümülatif),"3,75",milyon ha,2018,"2,81",2012,"İşletmeye Açılan Sulama Alanı (Net Kümülatif, Milyon ha)2 2,53 2,81 2,91 3,75",10_2014-2018.txt,112,tam,112
S19,10,2014-2018,DSİ sulamalarında sulama oranı,68,%,2018,62,,"Plan döneminde, DSİ sulamalarında yüzde 62 olan sulama oranının yüzde 68’e, yüzde 42 olan sulama randımanının ise yüzde 50’ye çıkarılması",10_2014-2018.txt,190,tam,190
S19,10,2014-2018,DSİ sulamalarında sulama randımanı,50,%,2018,42,,"Plan döneminde, DSİ sulamalarında yüzde 62 olan sulama oranının yüzde 68’e, yüzde 42 olan sulama randımanının ise yüzde 50’ye çıkarılması",10_2014-2018.txt,190,tam,190
S19,10,2014-2018,kanalizasyon şebekesiyle hizmet verilen belediye nüfusu oranı,95,%,2018,87,2006,Kanalizasyon Şebekesiyle Hizmet Verilen Belediye Nüfusunun T oplam Belediye Nüfusuna Oranı (%) 87 881 91 95,10_2014-2018.txt,141,tam,141
S19,11,2019-2023,sulamaya açılan net tarımsal alan (kümülatif),"5,34",milyon hektar,2023,"3,34",2018,"Sulamaya Açılan Net Tarımsal Alan (Milyon Hektar, Kümülatif)1 3,34 5,34",11_2019-2023.txt,98,tam,98
S19,11,2019-2023,sulama oranı,68,%,2023,64,2018,Sulama Oranı (%) 64 68,11_2019-2023.txt,98,tam,98
S19,11,2019-2023,içme suyu kayıp kaçak oranı,25,%,2023,36,2018,İçme Suyu Kayıp Kaçak Oranı (%) 36 25,11_2019-2023.txt,172,tam,172
S19,12,2024-2028,sulamaya açılan brüt tarımsal alan (kümülatif),"7,85",milyon hektar,2028,"6,96",2022,"Sulamaya Açılan Brüt Tarımsal Alan (Milyon Hektar, Kümülatif)1 6,96 7,10 7,85",12_2024-2028.txt,115,tam,115
S19,12,2024-2028,sulama oranı,72,%,2028,69,2022,Sulama Oranı (%) 69 68 72,12_2024-2028.txt,115,tam,115
S19,12,2024-2028,içme suyu kayıp oranı,"26,0",%,2028,"33,5",2022,"İçme Suyu Kayıp Oranı (%) 33,5 31,0 26,0",12_2024-2028.txt,227,tam,227
S20,1,1963-1967,bölge politikası hedefi (nitel),,,,,,"(3) Plân Hedefleri ve Stratejisinde de belirtildiği gibi, bölge politikasının hedefleri, bölgelerarası dengesizlikleri gidermek ve geri kalmış bölgelerin daha hızla kalkınmalarını sağlamak» şeklinde özetlenebilir.",01_1963-1967.txt,475,tam,475
S20,1,1963-1967,geri kalmış bölgeler (nitel),,,,,,Bu arada geri kalmış bölgelerdeki programların uygulanmasını takip etmek ve işbirliğini sağlamak üzere Bakanlıklararası bir kurul teşkü edilecektir.,01_1963-1967.txt,479,tam,479
S20,2,1968-1972,bölgelerarası dengeli gelişme (nitel),,,,,,a. Bölgelerarası dengeli gelişmeyi gerçekleştirmek için hizmet yatırımları bu hizmetlerden yeter ölçüde yararlanamıyan kitlelere yöneltilerek bu yatırımların bölgelerarası dengeli dağılımı sağlanacaktır.,02_1968-1972.txt,271,tam,271
S20,2,1968-1972,önceki plan uygulama değerlendirmesi (geri kalmış bölgeler),,,,,,"1963 - 1966 yılları arasında özellikle Doğudaki geri kalmış illere yapılan yatırımların toplam yatırım içindeki yüzdesi yüzde 11 den sıra- siyle yüzde 18, yüzde 23 e yükselmekle beraber İktisadî gelişme sınırlı kalmıştır.",02_1968-1972.txt,273,tam,273
S20,3,1973-1977,yöresel gelişmişlik farkları / kalkınmada öncelikli yöreler (nitel),,,,,,Yöresel gelişmişlik farklarmm uzun dönemde giderilmesi eımacı. (1) Üçüncü Plan döneminde kalkınmada öncelikli yörelerin kalkmdınlmasma özel bir önem verilmesini zorunlu kılmaktadır.,03_1973-1977.txt,929,tam,929
S20,3,1973-1977,yörelerin gelişmişlik sıralaması endeksi (nitel),,,,,,bu yörelerin gelişmişlik seviyelerini yansıtan sosyo-ekonomik bütünleşme göstergelerine dayalı endekslerin sonuçlarma göre yörelerin gelişmişlik sıralaması yapılacak ve bu iller yıllık programlarda yayınlanacaktır.,03_1973-1977.txt,977,tam,977
S20,4,1979-1983,kalkınmada öncelikli 40 ilin imalat sanayii katma değerindeki payı,,%,,"7,3",1974,"Kalkınmada öncelikli yöreleri oluşturan 40 ilin 1963 yılında imalat sanayii katma değerindeki payı yüzde 13,3 iken, bu oran 1974 yılında yüzde 7,3'e düşmüştür.",04_1979-1983.txt,89,tam,89
S20,4,1979-1983,kalkınmada öncelikli yörelerin kamu yatırımlarından payı (III. Plan),,,,,,Kalkınmada Öncelikli Yörelerin payı ise biraz artış göstermekle birlikte yine de bu yörelerin nüfus payı olan yüzde 40'ın çok altında kalmış,04_1979-1983.txt,90,tam,90
S20,4,1979-1983,Doğu ve Güneydoğu Anadolu bölge gelişmesi (nitel),,,,,,"Geri kalmış bölgelerin, özellikle Doğu ve Güneydoğu Anadolu Bölgelerinin hızla gelişmesini sağlamak amacıyla, bu bölgelere ait sorunlar bir bölge gelişme anlayışı çerçevesinde de topluca ele alınacak",04_1979-1983.txt,305,tam,305
S20,5,1985-1989,KÖY-diğer bölgeler gelişmişlik farkı,,,,,,739. Başta Doğu ve Güneydoğu Anadolu Bölgeleri olmak üzere Kalkınmada öncelikli Yörelerin kalkındırılması ve böylece bu bölgeler ile diğer bölgeler arasındaki gelişmişlik farkının zaman içinde azaltılarak giderilmesi temel hedeftir.,05_1985-1989.txt,180,tam,180
S20,5,1985-1989,KÖY kapsamındaki il sayısı (durum),,il,,25,1981,"25 ili kapsamına alan Kalkınmada Öncelikli Yöreler, ülke alanının yüzde 41,6 sim ve toplam nüfusun yüzde 25,4'ünü kapsamaktadır.",05_1985-1989.txt,203,tam,203
S20,6,1990-1994,KÖY-diğer bölgeler gelişmişlik farkı,,,,,,"Kalkınmada Öncelikli Yörelerin ekonomik, sosyal ve kültürel yönden kalkındırılması ve böylece bu bölgeler ile diğer bölgeler arasındaki gelişmişlik farkının zaman",06_1990-1994.txt,333,tam,333
S20,6,1990-1994,kamu kaynak tahsisinde KÖY önceliği,,,,,,1051. Kamu kaynaklarının tahsisinde bölgelerin gelişme potansiyeli dikkate alınarak Kalkınmada Öncelikli Yöreler lehine bir uygulama yapılacaktır.,06_1990-1994.txt,334,tam,334
S20,7,1996-2000,Kalkınmada Öncelikli Yöreler nüfusunun refahının ülke ortalamasına yaklaştırılması (nitel),,,,,,Kalkınmada Öncelikli Yörelerde yaşayan nüfusun gelir seviyelerinin yükseltilerek refah düzeylerinin ülke ortalamalarına yaklaştırılması temel hedef olacaktır.,07_1996-2000.txt,187,tam,187
S20,7,1996-2000,bölgelerarası dengesizlikler (önceki dönem değerlendirmesi),,,,,,"Kalkınma Planları ile getirilen Kalkınmada Öncelikli Yöreler politikaları ve tedbirleri, geri kalmış bölgelerin kalkınmasında ve bölgelerarası gelişmişlik farklarının azaltılmasında olumlu gelişmeler sağlamasına rağmen, bölgelerarası dengesizliklerin sürmesi sorun olmaya devam etmektedir.",07_1996-2000.txt,183,tam,183
S20,7,1996-2000,bölgelerarası dengesizliklerin en aza indirilmesi (nitel),,,,,,"Ulusal kaynakların, en yüksek ekonomik ve sosyal faydayı sağlayacak şekilde geliştirilmesine ve bölgelerarası dengesizliklerin en aza indirilmesine çalışılacaktır.",07_1996-2000.txt,187,tam,187
S20,8,2001-2005,bölgelerarası dengesizlikler (önceki dönem değerlendirmesi),,,,,,"dönemde geri kalm ış bölgelerin kalkınmasında ve bölgelerarası gelişmişlik farklarının azalt ılmasında olumlu geli şmeler sağlanmasına ra ğmen, bölgeleraras ı dengesizlikler hedeflenen ölçüde giderilememiştir.",08_2001-2005.txt,77,tam,77
S20,8,2001-2005,GAP bölgesi GSYİH yıllık ortalama büyüme hızı (GAP Master Plan hedefi),"6,8",yüzde/yıl,2005,"4,2",1987-1998,"1987-2005 döneminde GSY İH’nın y ıllık orta lama yüzde 6,8 hızında bir büyüme göstermesi hedeflenmiş ancak, 1987-1998 döneminde yıllık ortalama yüzde 4,2’lik bir büyüme gerçekleşmiştir.",08_2001-2005.txt,74,tam,74
S20,8,2001-2005,GAP sulama alanı hedefi ve gerçekleşme oranı,"1,8",milyon hektar,,,,"Hedeflenen sulama alanı münferit projeler dahil 1,8 milyon hektar olup, hedefin ancak yüzde 12’si gerçekleştirilmiştir.",08_2001-2005.txt,74,tam,74
S20,9,2007-2013,kişi başı GSYH: en yüksek bölge / en düşük bölge oranı,5.0,kat,2013,6.7,2001,GDP per-capita The highest region / the lowest region 6.7 5.0,09_2007-2013_en.txt,75,tam,75
S20,9,2007-2013,en düşük bölgede sanayi ve hizmetlerin GSYH payı,65.0,%,2013,56.1,2001,The Share of Industry and Services in GDP (%) The lowest region 56.1 65.0,09_2007-2013_en.txt,75,tam,75
S20,10,2014-2018,en yüksek / en düşük gelirli bölge kişi başı gelir oranı,<4,kat,2018,"4,3",2012,"En Yüksek Gelirli Bölgenin Kişi Başına Gelirinin En Düşük Gelirli Bölgeye Oranı1 4,4 4,3 --- <4",10_2014-2018.txt,135,tam,135
S20,10,2014-2018,5. ve 6. bölge illerinde teşvik belgeli yatırımın payı,>20,%,2018,"14,9",2012,"T eşvik Sisteminde 5. ve 6. Bölge İllerindeki T eşvik Belgeli Yatırım Tutarının T eşvik Belgeli T oplam Yatırım İçindeki Payı (%)3 7,8 14,9 16,0 >20",10_2014-2018.txt,135,tam,135
S20,11,2019-2023,en yüksek/en düşük gelirli bölge kişi başı gelir oranı,"3,85",oran,2023,"4,28",2017,"En Yüksek Gelirli Bölgenin Kişi Başı Gelirinin En Düşük Gelirli Bölgenin Kişi Başı Gelirine Oranı (%) 4,281 3,85",11_2019-2023.txt,164,tam,164
S20,11,2019-2023,eğitim düzeyi en düşük beş bölgede yüksekokul ve üzeri mezun oranı,16,%,2023,"10,9",2018,"Eğitim Düzeyi En Düşük Beş Bölgede Yüksekokul ve Üzeri Mezunların Oranı (%)10,9 16",11_2019-2023.txt,164,tam,164
S20,12,2024-2028,en yüksek/en düşük gelirli bölge kişi başı gelir oranı,"3,85",oran,2028,"4,59",2021,"En Yüksek Gelirli Bölgenin Kişi Başı Gelirinin En Düşük Gelirli Bölgenin Kişi Başı Gelirine Oranı (%) 4,591 4,30 3,85",12_2024-2028.txt,229,tam,229
S20,12,2024-2028,en düşük Düzey 2 bölgesinde işgücüne katılma oranı,"48,0",%,2028,"41,5",2022,"En Düşük Değere Sahip Düzey 2 Bölgesinde İşgücüne Katılma Oranı (%) 41,5 41,8 48,0",12_2024-2028.txt,229,tam,229
S01,1,1963-1967,İlk eğitim: okul çağındaki nüfusa oranı (7-12 yaş),87,%,1967,,,"TABLO : 359 — Okul çağındaki nüfus ve çeşitli eğitim bölümlerinde okuyanların oram ... 1967 5390 4736 87 2390 480 20,0 2075 107 5,2 81 3,9 42 1,9 2275 27 1,2 61 2,7",01_1963-1967.txt,S454,tablo_sayilari,454
S01,1,1963-1967,Ortaokul: okul çağındaki nüfusa oranı (13-15 yaş),"20,0",%,1967,,,"TABLO : 359 ... 1967 5390 4736 87 2390 480 20,0 2075 107 5,2 81 3,9 42 1,9 2275 27 1,2 61 2,7",01_1963-1967.txt,S454,tablo_sayilari,454
S01,1,1963-1967,Genel yüksek öğrenim: okul çağındaki nüfusa oranı (19-22 yaş),"2,7",%,1967,,,"TABLO : 359 ... 1967 5390 4736 87 2390 480 20,0 2075 107 5,2 81 3,9 42 1,9 2275 27 1,2 61 2,7 (son sütun: genel yüksek öğrenim nüfusa oranı)",01_1963-1967.txt,S454,tablo_sayilari,454
S01,2,1968-1972,"Ortaöğretim (ikinci derece, 16-18 yaş) okullaşma oranı","23,0",%,1972-1973,13.9,1968-1969,"TABLO : 97 1968 - 1972 Döneminde Eğitim Kademelerinde Okul Çağı Nüfus Toplam Öğrenci ve Okullaşma Oranları ... Okullaşma oranı % ... 13.9 | 15.1 | 17.1 | 19.9 | 23,0 (tablo satırlara dağılmış)",02_1968-1972.txt,S183,tablo_sayilari,183
S01,2,1968-1972,Yüksek öğretim (19-22 yaş) okullaşma oranı,6.3,%,1972-1973,5.3,1968-1969,"TABLO : 97 ... Yüksek öğretim ... Okullaşma oranı % ... 5.3 | 5.3 | 5,7 | 6,0 | 6.3 (tablo satırlara dağılmış)",02_1968-1972.txt,S183,bulunamadi,
S01,2,1968-1972,Okuma-yazma öğretilecek kişi sayısı (Plan dönemi),5,milyon kişi,1972,,,İkinci Beş Yıllık Plan döneminde bütün kamu kuruluşlarının ve gönüllü katılmaların çalışmasiyle bir «Okuma - Yazma seferberliği» anlayışı içinde 5 milyon kişiye okuma - yazma öğretilecektir.,02_1968-1972.txt,S188,tam,188
S01,3,1973-1977,Orta öğretim ikinci devre okullaşma oranı,25,%,1977,,,"8.12 ilk öğretimde yüzde 100 okullaşma oranı gerçekleştirilecektir. Orta öğretimin birinci devresinde yüzde 50, ikinci devresinde yüzde 25, >-üksek öğretimde yüzde 9 okullaşma oranlan hedef almacaktır.",03_1973-1977.txt,S1037,tam,1037
S01,3,1973-1977,Yüksek öğretim okullaşma oranı,9,%,1977,,,"8.12 ... Orta öğretimin birinci devresinde yüzde 50, ikinci devresinde yüzde 25, >-üksek öğretimde yüzde 9 okullaşma oranlan hedef almacaktır.",03_1973-1977.txt,S1037,tablo_sayilari,1037
S01,3,1973-1977,Yüksek öğretim okullaşma oranı (uzun dönem perspektif),15,%,1995,,,"Orta öğretim okullaşma oranı 1995 de yüzde 45 dolaylanna ulaşacak ... Yüksek öğretimde ise okullaşma oranı 1995 de yüzde 15 gibi, oldukça yüksek bir düzeye ulaşabilecektir.",03_1973-1977.txt,S181,tablo_sayilari,181
S01,4,1979-1983,Orta öğretim okullaşma oranı,37,%,1983,,,"Aynı dönemde orta öğretimde okullaşma oranı yüzde 37, yüksek öğretimde ise yüzde 15 olacaktır.",04_1979-1983.txt,S689,tam,689
S01,4,1979-1983,Yüksek öğretim okullaşma oranı,15,%,1983,,,"Aynı dönemde orta öğretimde okullaşma oranı yüzde 37, yüksek öğretimde ise yüzde 15 olacaktır.",04_1979-1983.txt,S689,tam,689
S01,4,1979-1983,Temel eğitim ikinci kademe kapsama oranı,60,% (çağ nüfusu),1983,,,"50. Dördüncü Beş Yıllık Plan dönemi sonunda temel eğitim birinci kademesinde çağ nüfusunun tümü; temel eğitimin ikinci kademesinde, çağ nüfusunun yüzde 60'ı, kapsanacaktır.",04_1979-1983.txt,S689,tam,689
S01,5,1985-1989,Okul öncesi (5-6 yaş) okullaşma oranı,10,%,1989,,,542. Beşinci Plan Dönemi sonunda ilkokul öncesi (5-6 yaş nüfusunun) okullaşma oranı % 10'a çıkarılacaktır.,05_1985-1989.txt,S158,tam,158
S01,5,1985-1989,Yükseköğretim okullaşma oranı,12,%,1989,,,561. Beşinci Plân Dönemi sonunda yükseköğretimde yüzde 12'lik okullaşma oranına erişilmesi hedef alınmıştır,05_1985-1989.txt,S162,tam,162
S01,5,1985-1989,Lise (toplam) okullaşma oranı,39.4,%,1988-89,30.7,1983-84,TABLO : 99 — V. PLAN DÖNEMİNDE LİSELERDE SAYISAL HEDEFLER ... 1983-84 3.230 560 % 17.3 433 % 13.4 993 % 30.7 ... 1988-89 3.387 636 18.8 698 20.6 1.334 39.4,05_1985-1989.txt,S160,tablo_sayilari,160
S01,6,1990-1994,Okul öncesi eğitim okullaşma oranı,"11,5",%,1993-1994,"4,2",1988-1989,"801. VI. Plan dönemi sonunda anaokulları ve ana sınıflarının yaygınlaştırılması, okul öncesi eğitimde okullaşma oranının yüzde 11,5'e çıkarılması hedef alınmıştır. [Tablo 194: 1988 - 1989 ... 4,2 ... 1993 - 1994 ... 11,5]",06_1990-1994.txt,S306,tablo_sayilari,306
S01,6,1990-1994,Orta öğretim okullaşma oranı,"45,2",%,1993-1994,"35,2",1988-1989,"804. Plan döneminde orta öğretimde okullaşma oranının yüzde 45,2 olarak gerçekleşmesi hedeflenmiştir. [Tablo 196: 1988-89 3.611 741 531 1.272 20,5 14,7 35,2]",06_1990-1994.txt,S307,tablo_sayilari,307
S01,6,1990-1994,Yükseköğretim okullaşma oranı (açıköğretim dahil),"15,0",%,1993-1994,"12,4",1988-1989,"805. Plan dönemi sonunda yükseköğretimdeki okullaşma oranı açıköğretim dahil olmak üzere yüzde 15,0 olarak hedeflenmiştir. [Tablo 197: 1988-89 4.362 12,4 544]",06_1990-1994.txt,S308,tablo_sayilari,308
S01,7,1996-2000,Okul öncesi eğitim (4-6 yaş) okullaşma oranı,"16,0",%,2000-2001,"5,1",1994-1995,"TABLO: 3- Vll'nci Plan Döneminde Eğitimde Beklenen Sayısal Gelişmeler ... Okul Öncesi Eğitim (4-6 Yaş) 202 5,1 627 16,0",07_1996-2000.txt,S41,tablo_sayilari,41
S01,7,1996-2000,Ortaöğretim okullaşma oranı,"75,0",%,2000-2001,"53,0",1994-1995,"TABLO: 3 ... Ortaöğretim 2 125 53,0 3 037 75,0",07_1996-2000.txt,S41,tablo_sayilari,41
S01,7,1996-2000,Yükseköğretim okullaşma oranı,"31,0",%,2000-2001,"26,7",1994-1995,"TABLO: 3 ... Yükseköğretim 1 339 26,7 1 677 31,0",07_1996-2000.txt,S41,tablo_sayilari,41
S01,8,2001-2005,Okul öncesi eğitim okullaşma oranı,"25,0",%,2005,"9,8",1999-2000,"TABLO: 14- Eğitimde Sayısal Gelişmeler ... Okul Öncesi Eğitim 199 7,7 252 9,8 690 25,0 ... (1) Hedef",08_2001-2005.txt,S92,tablo_sayilari,92
S01,8,2001-2005,Ortaöğretim okullaşma oranı,"75,0",%,2005,"59,4",1999-2000,"TABLO: 14 ... Ortaöğretim 2.223 55,0 2.444 59,4 2.886 75,0",08_2001-2005.txt,S92,tablo_sayilari,92
S01,8,2001-2005,Yükseköğretim okullaşma oranı (yüksek lisans dahil),"37,3",%,2005,"27,8",1999-2000,"TABLO: 14 ... Yükseköğretim (*) 1.226 23,8 1.492 27,8 2.002 37,3",08_2001-2005.txt,S92,tablo_sayilari,92
S01,9,2007-2013,"Pre-school education schooling rate (4-5 age, gross)",50.0,%,2012/2013,19.9,2005/2006,Table. 6.14: Targets by Education Levels ... Pre-school Education (3) 19.9 50.0,09_2007-2013_en.txt,S74,tablo_sayilari,74
S01,9,2007-2013,Secondary education schooling rate (gross),100.0,%,2012/2013,85.2,2005/2006,Table. 6.14 ... Secondary Education 85.2 100.0,09_2007-2013_en.txt,S74,tablo_sayilari,74
S01,9,2007-2013,"Higher education schooling rate, total (gross)",48.0,%,2012/2013,38.4,2004/2005,Table. 6.14 ... Higher Education (4) Total 38.4 48.0,09_2007-2013_en.txt,S74,tablo_sayilari,74
S01,10,2014-2018,Okul öncesi (4-5 yaş) brüt okullaşma oranı,"70,0",%,2018,"44,0",2012,"Tablo 2: Eğitimde Gelişmeler ve Hedefler ... Okul Öncesi (4-5 Yaş) Eğitimde Brüt Okullaşma Oranı (%) 24,0 44,0 47,0 70,0",10_2014-2018.txt,S44,tablo_sayilari,44
S01,10,2014-2018,Yükseköğretimde brüt okullaşma oranı (örgün),"55,0",%,2018,"42,9",2012,"Tablo 2 ... Yükseköğretimde Brüt Okullaşma Oranı (%)1 Örgün 29,1 42,9 47,2 55,0",10_2014-2018.txt,S44,tablo_sayilari,44
S01,11,2019-2023,5 yaş net okullaşma oranı,"100,0",%,2023,"75,1",2018,"Tablo 33: Eğitim Hedefleri ... 5 Yaş Net Okullaşma Oranı (%) 75,1 100,0",11_2019-2023.txt,S137,tablo_sayilari,137
S01,11,2019-2023,"Okullaşma oranı, kadın (yükseköğrenim)",60,%,2023,"47,4",2018,"Tablo 36: Kadın, Hedefler ... Okullaşma Oranı, Kadın (yükseköğrenim) % 47,4 60",11_2019-2023.txt,S147,tablo_sayilari,147
S01,12,2024-2028,4-5 yaş net okullaşma oranı,"85,0",%,2028,"56,7",2022,"Tablo 35: Eğitim Hedefleri ... 4-5 Yaş Net Okullaşma Oranı (%) 56,71 64,72 85,0 [56,7 + dipnot 1]",12_2024-2028.txt,S172,tablo_sayilari,172
S01,12,2024-2028,ABİDE 10. sınıf okuma becerisinde temel altı ve temel düzeydeki öğrenci payı,15,%,2028,25,2023,Tablo 35 ... ABİDE 10. Sınıf Temel Altı ve Temel Yeterlilik Düzeylerindeki Öğrencilerin Toplam İçindeki Payı - Okuma Becerisi - 25 15,12_2024-2028.txt,S172,tablo_sayilari,172
S01,12,2024-2028,ABİDE 10. sınıf matematikte temel altı ve temel düzeydeki öğrenci payı,25,%,2028,40,2023,Tablo 35 ... - Matematik - 40 25,12_2024-2028.txt,S172,tablo_sayilari,172
S02,1,1963-1967,Lise seviyesi öğrencileri içinde meslekî öğretim payı,37,%,1967,,,TABLO : 360 — Lise seviyesinde ve yüksek öğrenimde genel öğretim meslekî ve teknik öğretim ayırımı ... 1967 221 49 37 19 88 31 73,01_1963-1967.txt,S455,tablo_sayilari,455
S02,1,1963-1967,Lise seviyesi öğrencileri içinde teknik öğretim payı,19,%,1967,,,"TABLO : 360 ... 1967 221 49 37 19 88 31 73 (sütunlar: toplam, genel %, meslekî %, teknik %, ...)",01_1963-1967.txt,S455,tablo_sayilari,455
S02,2,1968-1972,Ortaöğretim ikinci devrede genel lise öğrenci payı (kalanı meslek/teknik okullar),60.2,%,1972-1973,"57,5",1968-1969,"TABLO : 98 — Ortaöğretim İkinci Devrede öğrencilerin Genel Meslek ve Teknik Öğretim Dağılımı (1968 - 1972) ... 1968 - 1989 57,5 ... 1972 - 1973 60.2 0,9 10,2 3,4 11,4 3,0 10,9 100",02_1968-1972.txt,S183,tablo_sayilari,183
S02,3,1973-1977,Ortaöğretim (II. devre) meslekî-teknik okullaşma oranı,"11,5",%,1977-1978,,,"TABLO : 5S8 — Ortaöğretimde Gelişme (II. Devre) ... Yıllar Genel Meslekî-Teknik Toplam ... 1Ö77 - 1978 13,4 11,5 24,9",03_1973-1977.txt,S787,tablo_sayilari,787
S02,3,1973-1977,Orta öğretim öğrencilerinin meslekî ve teknik liselerdeki payı (perspektif),65,%,1995,,,"Orta öğretim okullaşma oranı 1995 de yüzde 45 dolaylanna ulaşacak ve bu eğitim kademesindeki ögrencUerin yüzde 35 i genel liselere, yüzde 65 i meslekî ve teknik liselere devam edebileceklerdir.",03_1973-1977.txt,S181,tam,181
S02,4,1979-1983,Mesleki-teknik eğitime ağırlık (nitel),,,,,,Öngörülen sayısal gelişmenin gerçekleşmesinde mesleki - teknik eğitime ağırlık verilecektir.,04_1979-1983.txt,S467,tam,467
S02,5,1985-1989,Mesleki-teknik liseler okullaşma oranı,20.6,%,1988-89,13.4,1983-84,TABLO : 99 ... 1983-84 3.230 560 % 17.3 433 % 13.4 993 % 30.7 ... 1988-89 3.387 636 18.8 698 20.6 1.334 39.4,05_1985-1989.txt,S160,tablo_sayilari,160
S02,5,1985-1989,12-25 yaş grubuna meslek kazandırılacak kişi sayısı,650,bin kişi,1989,,,"iktisaden faal olmayan kişilerden, 150 bini endüstri ile ilgili dallarda olmak üzere, 650 binine, iş bulma imkânlarım artıracak meslekler kazandırılacaktır.",05_1985-1989.txt,S160,tam,160
S02,6,1990-1994,Mesleki-teknik eğitimde okullaşma oranı,"21,2",%,1993-1994,"14,7",1988-1989,"Genel orta öğretimde okullaşma oranı yüzde 24,0, mesleki-teknik eğitimde ise yüzde 21,2 olacaktır. [Tablo 196: 1988-89 3.611 741 531 1.272 20,5 14,7 35,2]",06_1990-1994.txt,S307,tablo_sayilari,307
S02,7,1996-2000,Mesleki ve teknik liseler okullaşma oranı,"34,5",%,2000-2001,"22,4",1994-1995,"TABLO: 3 ... Mesleki ve Teknik Liseler 898 22,4 1 397 34,5",07_1996-2000.txt,S41,tablo_sayilari,41
S02,8,2001-2005,Mesleki ve teknik eğitimde okullaşma oranı,"35,0",%,2005,"22,8",1999-2000,"TABLO: 14 ... -Mes.ve Teknik Eğitimi 946 23,4 938 22,8 1.346 35,0",08_2001-2005.txt,S92,tablo_sayilari,92
S02,9,2007-2013,,,,,,,sayısal hedef bulunamadı (mesleki eğitim payı / genç işsizlik hedefi yok (yalnız genel işsizlik 7.7)),09_2007-2013_en.txt,,hedef_yok,
S02,10,2014-2018,Gençlerde işsizlik oranı,"13,0",%,2018,"17,5",2012,"Tablo 6: İstihdam ve Çalışma Hayatında Gelişmeler ve Hedefler ... Gençlerde İşsizlik Oranı 19,1 17,5 16,5 13,0",10_2014-2018.txt,S58,tablo_sayilari,58
S02,11,2019-2023,"İşsizlik oranı, genç nüfus","17,8",%,2023,"20,3",2018,"Tablo 34: İstihdam ve Çalışma Hayatı Hedefleri ... İşsizlik Oranı, Genç Nüfus (%) 20,3 17,8",11_2019-2023.txt,S140,tablo_sayilari,140
S02,11,2019-2023,Genç istihdam oranı (15-24 yaş),"39,5",%,2023,"35,0",2018,"Tablo 37: Gençlik, Hedefler ... Genç İstihdam Oranı (15-24 Yaş, %) 35,0 39,5",11_2019-2023.txt,S153,tablo_sayilari,153
S02,12,2024-2028,"İşsizlik oranı, genç nüfus","16,6",%,2028,"19,4",2022,"Tablo 36: İstihdam ve Çalışma Hayatı Hedefleri ... İşsizlik Oranı, Genç Nüfus (%) 19,4 18,5 16,6",12_2024-2028.txt,S175,tablo_sayilari,175
S02,12,2024-2028,"Eğitimde ve istihdamda olmayan genç oranı (NEET, 15-24)","20,3",%,2028,"24,2",2022,"Tablo 40: Gençlik, Hedefler ... Eğitimde ve İstihdamda Olmayan Genç Oranı1 (15-24 Yaş, %) 24,2 23,6 20,3",12_2024-2028.txt,S192,tablo_sayilari,192
S03,1,1963-1967,,,,,,,sayısal hedef bulunamadı (beyin göçü / nitelikli insangücü geri dönüşü aranmadı-bulunamadı),01_1963-1967.txt,,hedef_yok,
S03,2,1968-1972,,,,,,,sayısal hedef bulunamadı (beyin göçü / geri dönüş ifadesi bulunamadı),02_1968-1972.txt,,hedef_yok,
S03,3,1973-1977,Nitelikli insangücü göçüne karşı politika (nitel),,,,,,"(6) Yetişmiş jrüksek nitelikli insangücünün gelişmiş ülkelere göçü sorununa çözüm yollan getirmek amacıyla istihdam, ücret politikası, araştırma ortamı ve çalışma koşullan gribi temel politikalar arasmda tutarlılık sağlanacaktır",03_1973-1977.txt,S718,tam,718
S03,4,1979-1983,,,,,,,sayısal hedef bulunamadı (yalnız durum tespiti (S44-45 beyin göçü); politika/hedef yok),04_1979-1983.txt,,hedef_yok,
S03,5,1985-1989,,,,,,,sayısal hedef bulunamadı (beyin göçü ifadesi yok),05_1985-1989.txt,,hedef_yok,
S03,6,1990-1994,,,,,,,sayısal hedef bulunamadı (beyin göçü ifadesi yok),06_1990-1994.txt,,hedef_yok,
S03,7,1996-2000,,,,,,,sayısal hedef bulunamadı (beyin göçü ifadesi yok),07_1996-2000.txt,,hedef_yok,
S03,8,2001-2005,Beyin göçünü önleme (nitel),,,,,,934. Beyin göçünü önlemek amacıyla nitelikli işgücünün yurtiçinde istihdamını sağlayıcı tedbirler alınacaktır.,08_2001-2005.txt,S113,tam,113
S03,9,2007-2013,Yurt dışındaki Türk araştırmacıların istihdamı (nitel),,,,,,"Necessary conditions will be provided in order to employ Turkish researchers living abroad within the country, particularly in priority fields.",09_2007-2013_en.txt,S88,tam,88
S03,10,2014-2018,Nitelikli insan gücü için çekim merkezi programı (nitel),,,,,,Başta vatandaşlarımız olmak üzere yurtdışından ülkemize gelen nitelikli insan gücünün artırılması,10_2014-2018.txt,S200,tam,200
S03,11,2019-2023,Beyin göçünün nedenlerinin analizi ve önlenmesi (nitel),,,,,,575. Ülkemizden yurt dışına doğru yaşanan beyin göçünün nedenleri analiz edilecek ve bu analizler çerçevesinde nitelikli işgücünün ülkemizde kalmasını sağlamaya yönelik çalışmalar yapılacaktır.,11_2019-2023.txt,S139,tam,139
S03,12,2024-2028,Yurt dışından dönüşü özendirme (nitel),,,,,,539.1. Yurt dışından dönüşü özendiren uygulamalar değerlendirilerek ... yurt dışından ülkeye geri dönen bilim insanları ve alanında deneyimli kişiler için teşvik edici unsurlar belirlenerek,12_2024-2028.txt,S126,kismi,126
S04,1,1963-1967,,,,,,,sayısal hedef bulunamadı (kadın işgücüne katılma/istihdam oranı hedefi yok),01_1963-1967.txt,,hedef_yok,
S04,2,1968-1972,,,,,,,sayısal hedef bulunamadı (kadın işgücüne katılma/istihdam hedefi yok),02_1968-1972.txt,,hedef_yok,
S04,3,1973-1977,,,,,,,sayısal hedef bulunamadı (kadın işgücüne katılma hedefi yok; yalnız toplam işgücüne katılma beklentisi),03_1973-1977.txt,,hedef_yok,
S04,4,1979-1983,,,,,,,sayısal hedef bulunamadı (kadın işgücü hedefi yok; toplam işgücüne katılma oranının 1983'te yüzde 63'e ineceği varsayımı var (S263)),04_1979-1983.txt,,hedef_yok,
S04,5,1985-1989,,,,,,,sayısal hedef bulunamadı (kadın işgücü hedefi yok),05_1985-1989.txt,,hedef_yok,
S04,6,1990-1994,,,,,,,sayısal hedef bulunamadı (kadın işgücü hedefi yok),06_1990-1994.txt,,hedef_yok,
S04,7,1996-2000,,,,,,,"sayısal hedef bulunamadı (kadın işgücü hedefi yok; yalnız toplam işgücüne katılma 53,2→50,3 (Tablo 15))",07_1996-2000.txt,,hedef_yok,
S04,8,2001-2005,,,,,,,"sayısal hedef bulunamadı (kadın işgücü hedefi yok; yalnız durum (kentlerde kadın katılımı yüzde 16,9))",08_2001-2005.txt,,hedef_yok,
S04,9,2007-2013,Female labor force participation rate,29.6,%,2013,25.4,2006,Table.6.13: Employment Indicators (Per cent) ... Female 25.4 29.6 27.8,09_2007-2013_en.txt,S74,tablo_sayilari,74
S04,10,2014-2018,Kadın işgücüne katılma oranı,"34,9",%,2018,"29,5",2012,"Tablo 6 ... Kadın İşgücüne Katılma Oranı 23,6 29,5 30,9 34,9",10_2014-2018.txt,S58,tablo_sayilari,58
S04,11,2019-2023,"İşgücüne katılma oranı, kadın","38,5",%,2023,"34,2",2018,"Tablo 34 ... İşgücüne Katılma Oranı, Kadın (%) 34,2 38,5",11_2019-2023.txt,S140,tablo_sayilari,140
S04,11,2019-2023,Kadın istihdam oranı,34,%,2023,"29,4",2018,"Tablo 36: Kadın, Hedefler ... Kadın İstihdam Oranı (%) 29,4 34",11_2019-2023.txt,S147,tablo_sayilari,147
S04,12,2024-2028,"İşgücüne katılma oranı, kadın","40,1",%,2028,"35,1",2022,"Tablo 36 ... İşgücüne Katılma Oranı, Kadın (%) 35,1 35,9 40,1",12_2024-2028.txt,S175,tablo_sayilari,175
S04,12,2024-2028,Kadın istihdam oranı,"36,2",%,2028,"30,4",2022,"Tablo 38: Kadın, Hedefler ... Kadın İstihdam Oranı (%) 30,4 31,4 36,2",12_2024-2028.txt,S184,tablo_sayilari,184
S05,1,1963-1967,Nüfus planlaması yasağının kaldırılması (nitel),,,,,,bugünkü politikanm nüfus plânlamasını yasaklıyan yönü hemen değiştirilecektir. Bu hem nüfus artış hızının biraz yavaşlamasını hem de çocuk nüfus oranının küçülmesini sağlıyacaktır.,01_1963-1967.txt,S79,tam,79
S05,2,1968-1972,Aile planlaması hizmeti verilecek kadın sayısı,2,milyon kadın,1972,,,Aile planlaması programlarıyla doğurganlık çağındaki kadınların her yıl yüzde 5 ine ulaşılması hedef olacaktır. 1972 ye kadar 2 milyon civarında kadına bu hizmet sağlanacaktır.,02_1968-1972.txt,S235,tam,235
S05,2,1968-1972,Yıllık nüfus artışı (plan tahmini),2.6,%,1968-1972 ort.,,,"Ancak, _aym.Jİfin£ind£-~njüfusun yılda vüzde 2.6 çevresinde artacağı tahmin edildiğinden [OCR bozuk; hedef değil plan tahmini]",02_1968-1972.txt,S12,kismi,12
S05,3,1973-1977,Toplam nüfus üst sınırı (alçak doğurganlık),65,milyon (aşmaması),1995,,,5.6 Nüfusun alçak bir doğurganlıkta artarak 1995 de 65 milyonu aşmaması sağlanacaktır.,03_1973-1977.txt,S1019,tam,1019
S05,4,1979-1983,Toplam doğurganlık oranı (uzun dönem),"2,67",çocuk/kadın,1995-2000,,,"1995 - 2000 yılı için toplam doğurganhk oranının 2,67 olması esas alınmıştır. Bu hedefe ulaşacak yönde bir değişmenin varlığı kabul edilmiştir.",04_1979-1983.txt,S263,tam,263
S05,4,1979-1983,Doğal nüfus artış hızı (projeksiyon),"22,7",binde,1980-1985,"22,2",1975-1980,"TABLO : 146 — Demografik Hızlar ve Nüfus Projeksiyonu ... Doğal nüfus artış hızı ' 22,2 22,7 21,6",04_1979-1983.txt,S263,tablo_sayilari,263
S05,5,1985-1989,Doğal nüfus artış hızı (beklenti),"21,2",binde,1989,"21,6",1985,"Beşinci Plan dönemi başında doğal nüfus artış hızının binde 21,6, kaba doğum hızının binde 30,6, kaba ölüm hızının ise binde 9,0 olacağı tahmin edilmektedir. Bu hızların Plan dönemi sonunda sırasıyla binde 21,2, 29,1 ve 7,9'a düşmesi beklenmektedir.",05_1985-1989.txt,S142,tam,142
S05,6,1990-1994,Nüfus artış hızı (beklenen),"21,60",binde,1990-1995,"22,10",1985-1990,"TABLO : 190 — Demografik Göstergelerde Beklenen Gelişmeler ... Nüfus Artış Hızı (Binde) 22,10 21,60",06_1990-1994.txt,S300,tablo_sayilari,300
S05,6,1990-1994,Nüfus artış hızını düşürme politikası (nitel),,,,,,Nüfus artış hızını düşürmeye yönelik politika uygulamalarına ağırlık verilecektir.,06_1990-1994.txt,S368,tam,368
S05,7,1996-2000,Yıllık nüfus artış hızı,"1,50",%,2000,"1,71",1995,"TABLO: 8- Vll'nci Plan Döneminde Demografik Göstergelerde Beklenen Gelişmeler ... Yıllık Nüfus Artış Hızı(1) Yüzde 1,71 1,68 1,50",07_1996-2000.txt,S50,tablo_sayilari,50
S05,7,1996-2000,Toplam doğurganlık hızı,"2,33",çocuk/kadın,2000,"2,62",1995,"TABLO: 8 ... Toplam Doğurganlık Hızı Çocuk Sayısı 2,62 2,55 2,33",07_1996-2000.txt,S50,tablo_sayilari,50
S05,8,2001-2005,Yıllık nüfus artış hızı (tahmin),"1,33",%,2005,"1,50",2000,"TABLO: 13- Demografik Göstergelerde Gelişmeler ... Yıllık Nüfus Artış Hızı (2) Yüzde 1,57 1,50 1,33",08_2001-2005.txt,S89,tablo_sayilari,89
S05,8,2001-2005,Toplam doğurganlık hızı (tahmin),"2,3",çocuk/kadın,2005,"2,53",2000,"TABLO: 13 ... Toplam Doğurganlık Hızı ˙ocuk Sayısı 2,69 2,53 2,3",08_2001-2005.txt,S89,tablo_sayilari,89
S05,9,2007-2013,Total fertility rate,2.07,çocuk/kadın,2013,2.18,2006,"Table.6.12: Demographic Indicators ... Total Fertility Rate, Number of Children 2.18 2.07",09_2007-2013_en.txt,S73,tablo_sayilari,73
S05,9,2007-2013,Annual natural increase,10.1,binde,2013,12.4,2006,"Table.6.12 ... Annual Natural Increase, In Thousands(1) 12.4 10.1",09_2007-2013_en.txt,S73,tablo_sayilari,73
S05,10,2014-2018,Toplam doğurganlık hızı,"2,10",çocuk/kadın,2018,"2,08",2012,"Tablo 8: Nüfus Gelişmeleri ve Tahminleri ... Toplam Doğurganlık Hızı 2,12 2,08 1,99 2,10",10_2014-2018.txt,S62,tablo_sayilari,62
S05,10,2014-2018,Nüfus artış hızı,"10,8",binde,2018,"12,0",2012,"Tablo 8 ... Nüfus Artış Hızı (Binde) 12,2 12,0 11,2 10,8",10_2014-2018.txt,S62,tablo_sayilari,62
S05,11,2019-2023,Toplam doğurganlık hızı,"2,15",çocuk/kadın,2023,"1,99",2018,"Tablo 41: Nüfus Hedefleri ... Toplam Doğurganlık Hızı (Kadın Başına Çocuk Sayısı) 1,99 2,15",11_2019-2023.txt,S161,tablo_sayilari,161
S05,11,2019-2023,Yaşlı nüfusun işgücüne katılma oranı,"13,7",%,2023,"12,2",2017,"Tablo 41 ... Yaşlı Nüfusun İşgücüne Katılma Oranı (%) 12,22 13,7 [12,2 + dipnot (2): 2017 yılı verisi]",11_2019-2023.txt,S161,tablo_sayilari,161
S05,12,2024-2028,Toplam doğurganlık hızı (artırma hedefi),"2,1",çocuk/kadın,2028,"1,62",2022,"Tablo 45: Nüfus ve Yaşlanma Hedefleri ... Toplam Doğurganlık Hızı (Kadın Başına Çocuk Sayısı) 1,62 1,7 2,1",12_2024-2028.txt,S207,tablo_sayilari,207
S05,12,2024-2028,65 yaş ve üstü nüfusun işgücüne katılım oranı,"12,7",%,2028,"12,1",2022,"Tablo 45 ... 65 Yaş ve Üstü Nüfusun İşgücüne Katılım Oranı (%) 12,1 12,3 12,7",12_2024-2028.txt,S207,tablo_sayilari,207
S10,1,1963-1967,Genel bütçe vergilerinin GSMH'ya oranı,"17,3",%,1967,14,1962,"1962 de Genel Bütçe vergilerinin gayri sâfi millî hasılaya oranının yüzde 14 den 1967 de yüzde 17,3 e yükselmesiyle sağlanacaktır.",01_1963-1967.txt,S485,tam,485
S10,2,1968-1972,,,,,,,sayısal hedef bulunamadı (vergi gelirlerinin GSMH payı hedefi bulunamadı; Tablo 44 yalnız mutlak tutarlar),02_1968-1972.txt,,hedef_yok,
S10,3,1973-1977,Toplam vergi gelirlerinin GSMH'ya oranı,"24,9",%,1977,"21,1",1972,"toplam vergi gelirlerinin gayrisafî millî hâsılaya oram 1972 yılında yüzde 21,1 iken, 1977 de yüzde 24,9 a ulaşacaktır",03_1973-1977.txt,S204,tam,204
S10,4,1979-1983,Vergi gelirlerinin GSMH'ya oranı,"25,3",%,1983,"21,7",1978,"545. Vergi gelirlerinin GSMH'ya oranı 1978'de yüzde 21,7 iken 1983'te yüzde 25,3'e çıkacaktır.",04_1979-1983.txt,S230,tam,230
S10,5,1985-1989,Vergilerin GSMH'ya oranı (1983 fiyatlarıyla),16.76,%,1989,16.55,1984,"TABLO : 16 — TOPLAM KAMU GELİRLERİNİN GSMH'YA ORANI (1983 Fiyatlarıyla, Yüzde) ... 1. Vergiler 16.55 16.44 16.52 16.57 16.66 16.76",05_1985-1989.txt,S41,tablo_sayilari,41
S10,6,1990-1994,Vergilerin GSMH içindeki payı (1988 fiyatlarıyla),"20,0",%,1994,"19,5",1989,"TABLO : 20 — Toplam Kamu Gelirleri (1988 Fiyatlarıyla, GSMH içindeki Paylar) ... 1. Vergiler 19,5 19,8 19,8 19,9 20,0 20,0",06_1990-1994.txt,S38,tablo_sayilari,38
S10,7,1996-2000,Vergi gelirlerinin GSMH'ya oranı,20,%,2000,"18,1",1995,"1995 yılında yüzde 18,1 olan vergi gelirlerinin GSMH'ya oranı, 2000 yılında yüzde 20 seviyelerine çıkarılacaktır.",07_1996-2000.txt,S121,tam,121
S10,8,2001-2005,Vergilerin GSMH içindeki payı,"22,2",%,2005,"22,7",2000,"TABLO: 8- Kamu Kesimi Genel Dengesi ... VERGİLER 27.966 22,7 53.046 22,2",08_2001-2005.txt,S51,tablo_sayilari,51
S10,9,2007-2013,Tax burden (as share of GDP),30.0,%,2013,31.6,2006,Table.6.3: Targets and Projections for the Public Sector (As a Share of GDP) ... Tax Burden (3) 31.6 30.0 30.8,09_2007-2013_en.txt,S67,tablo_sayilari,67
S10,9,2007-2013,Informal economy (nitel),,,,,,380. The informal economy in the real sector will be reduced to the minimum level and entrance to the formal sector will be facilitated,09_2007-2013_en.txt,S79,tam,79
S10,10,2014-2018,Kayıt dışı istihdam oranı,"30,0",%,2018,"39,0",2012,"Tablo 6 ... Kayıt Dışı İstihdam Oranı 47,0 39,0 37,5 30,0",10_2014-2018.txt,S58,tablo_sayilari,58
S10,10,2014-2018,"Vergi yükü (sosyal güvenlik primleri dâhil, GSYH'ya oran)","28,9",%,2018,"27,6",2012,"Tablo 15: Kamu Kesimine İlişkin Seçilmiş Göstergelerde Gelişmeler ve Hedefler ... Vergi Yükü (Sos. Güv. Primleri Dâhil) 24,4 27,6 28,3 28,9 28,6",10_2014-2018.txt,S86,tablo_sayilari,86
S10,11,2019-2023,Kayıt dışı istihdam oranı,"28,5",%,2023,"33,4",2018,"Tablo 34 ... Kayıt Dışı İstihdam Oranı (%) 33,4 28,5",11_2019-2023.txt,S140,tablo_sayilari,140
S10,11,2019-2023,Genel devlet gelirleri (GSYH'ya oran; vergi dışı gelirler dahil),"32,3",%,2023,"33,4",2018,"Tablo 9: Kamu Maliyesine İlişkin Hedefler (GSYH'ya Oran, Yüzde) ... Genel Devlet Gelirleri 33,4 32,3",11_2019-2023.txt,S56,kismi,56
S10,12,2024-2028,Kayıt dışı istihdam oranı,"23,4",%,2028,"26,8",2022,"Tablo 36 ... Kayıt Dışı İstihdam Oranı (%) 26,8 26,5 23,4",12_2024-2028.txt,S175,tablo_sayilari,175
S10,12,2024-2028,Genel devlet gelirleri (GSYH'ya oran; vergi dışı gelirler dahil),"32,6",%,2028,"27,8",2022,"Tablo 9: Kamu Maliyesine İlişkin Hedefler (GSYH'ya Oran, Yüzde) ... Genel Devlet Gelirleri 27,8 30,2 32,6",12_2024-2028.txt,S87,tablo_sayilari,87
S11,1,1963-1967,,,,,,,sayısal hedef bulunamadı (güven/sosyal sermaye/toplumsal uyum ifadesi yok),01_1963-1967.txt,,hedef_yok,
S11,2,1968-1972,,,,,,,sayısal hedef bulunamadı (güven/sosyal sermaye ifadesi yok),02_1968-1972.txt,,hedef_yok,
S11,3,1973-1977,,,,,,,sayısal hedef bulunamadı (güven/sosyal sermaye ifadesi yok),03_1973-1977.txt,,hedef_yok,
S11,4,1979-1983,,,,,,,sayısal hedef bulunamadı (güven/sosyal sermaye ifadesi yok),04_1979-1983.txt,,hedef_yok,
S11,5,1985-1989,,,,,,,sayısal hedef bulunamadı (güven/sosyal sermaye ifadesi yok),05_1985-1989.txt,,hedef_yok,
S11,6,1990-1994,,,,,,,sayısal hedef bulunamadı (güven/sosyal sermaye ifadesi yok),06_1990-1994.txt,,hedef_yok,
S11,7,1996-2000,,,,,,,sayısal hedef bulunamadı (güven/sosyal sermaye ifadesi yok),07_1996-2000.txt,,hedef_yok,
S11,8,2001-2005,,,,,,,sayısal hedef bulunamadı (güven/sosyal sermaye ifadesi yok),08_2001-2005.txt,,hedef_yok,
S11,9,2007-2013,Social integration and solidarity (nitel),,,,,,"646. In order to increase social integration and solidarity, priority will be given to policies that foster tolerance, social dialogue and cooperative culture.",09_2007-2013_en.txt,S105,tam,105
S11,10,2014-2018,Toplumsal bütünleşme ve dayanışma (nitel),,,,,,"297. Toplumsal bütünleşme ve dayanışmanın artırılması amacıyla hoşgörü ortamını, toplumsal diyaloğu ve ortak kültürümüzü güçlendirici politika ve uygulamalara öncelik verilecektir.",10_2014-2018.txt,S57,tam,57
S11,11,2019-2023,"Toplumsal bütünleşme (aile politikaları, nitel)",,,,,,"541. Ailenin güçlendirilmesine yönelik politikalar, toplumsal bütünleşme ve sosyal riskleri azaltmaya dönük kamu politikalarının en etkililerinden ve en önemlilerindendir.",11_2019-2023.txt,S131,tam,131
S11,12,2024-2028,Kamu kurumlarına güvenin artırılması (nitel),,,,,,vatandaşların kamu kurumlarına olan güveninin artırılması amacıyla iyi yönetişim ilkeleri ve kamu yönetiminde dürüstlük odaklı anlayışın benimsenmesi Plan döneminin temel hedeflerindendir.,12_2024-2028.txt,S232,tam,232
S24,1,1963-1967,,,,,,,sayısal hedef bulunamadı (toplumsal barış/kutuplaşma ifadesi yok),01_1963-1967.txt,,hedef_yok,
S24,2,1968-1972,,,,,,,sayısal hedef bulunamadı (toplumsal barış ifadesi yok),02_1968-1972.txt,,hedef_yok,
S24,3,1973-1977,Yaygın eğitimde millî birlik (nitel),,,,,,"(14) Genel yaygm eğitim, okuma-yazma öğretmenin ve a^aırî temel bilgileri vermenin yanı sıra, millî birliği kuvvetlendirici şekilde vatandaşhk hak ve ödevlerini öğretmeye ve mülî kültür unsurlarını tanıt[mayı]",03_1973-1977.txt,S808,kismi,808
S24,4,1979-1983,Ulusal eğitimin toplumsal barış ve hoşgörü işlevi (nitel),,,,,,"Ulusal eğitim, ulusal birliği, Atatürk ilkeleri ve Anayasa doğrultusunda milliyetçiliği ve çağdaş uygarlığa yatkınlığı, toplumsal barışı ve dayanışmayı, manevi gücü, demokratik anlayışı, düşünce özgürlüğünü, hoşgörüyü ... geliştirip pekiştirici nitelikte olacaktır.",04_1979-1983.txt,S686,kismi,686
S24,5,1985-1989,Gençlerin hoşgörü çerçevesinde toplumla bütünleşmesi (nitel),,,,,,"595. Gençlerin katılma, gelişme ve hoşgörü ilkeleri çerçevesinde toplum hayatı ile bütünleştirilmesi sağlanacaktır.",05_1985-1989.txt,S166,tam,166
S24,6,1990-1994,"Sevgi, saygı ve hoşgörüye dayalı değerler (nitel)",,,,,,"fertlerin bilgi, beceri, sevgi, saygı ve hoşgörüye dayalı değer yargısı, anlayış, davranış ... niteliklerini yükseltmek için gerekli tedbirler alınacaktır.",06_1990-1994.txt,S368,kismi,368
S24,7,1996-2000,"Toplumsal barış (nitel, temel amaçlar)",,,,,,toplumsal barış ve katılımın güçlendirilmesi,07_1996-2000.txt,S36,tam,36
S24,8,2001-2005,,,,,,,sayısal hedef bulunamadı (toplumsal barış/kutuplaşma hedefi yok),08_2001-2005.txt,,hedef_yok,
S24,9,2007-2013,,,,,,,sayısal hedef bulunamadı (toplumsal barış/kutuplaşma hedefi yok),09_2007-2013_en.txt,,hedef_yok,
S24,10,2014-2018,,,,,,,sayısal hedef bulunamadı (toplumsal barış/kutuplaşma hedefi yok),10_2014-2018.txt,,hedef_yok,
S24,11,2019-2023,,,,,,,sayısal hedef bulunamadı (toplumsal barış/kutuplaşma hedefi yok),11_2019-2023.txt,,hedef_yok,
S24,12,2024-2028,,,,,,,sayısal hedef bulunamadı (toplumsal barış/kutuplaşma hedefi yok),12_2024-2028.txt,,hedef_yok,
S25,1,1963-1967,,,,,,,sayısal hedef bulunamadı (din-dil-etnik ayrışma/birlikte yaşama ifadesi yok),01_1963-1967.txt,,hedef_yok,
S25,2,1968-1972,,,,,,,sayısal hedef bulunamadı (din-dil-etnik ayrışma ifadesi yok),02_1968-1972.txt,,hedef_yok,
S25,3,1973-1977,,,,,,,sayısal hedef bulunamadı (din-dil-etnik ayrışma/birlikte yaşama ifadesi yok),03_1973-1977.txt,,hedef_yok,
S25,4,1979-1983,Din ve mezhepler arası kardeşlik (nitel),,,,,,"her din ve mezhepten yurttaşlar arasında kardeşlik duygularının ve dayanışmanın sağlanması, dinin ve inancın baskı altına alınmaması temel ilkedir.",04_1979-1983.txt,S299,kismi,299
S25,5,1985-1989,,,,,,,sayısal hedef bulunamadı (din-dil-etnik ayrışma ifadesi yok),05_1985-1989.txt,,hedef_yok,
S25,6,1990-1994,,,,,,,sayısal hedef bulunamadı (din-dil-etnik ayrışma ifadesi yok),06_1990-1994.txt,,hedef_yok,
S25,7,1996-2000,,,,,,,sayısal hedef bulunamadı (din-dil-etnik ayrışma ifadesi yok),07_1996-2000.txt,,hedef_yok,
S25,8,2001-2005,"Laiklik, din ve vicdan özgürlüğü (uzun vadeli amaç, nitel)",,,,,,"hukukun üstünlüğünü, katılımcı demokrasiyi, laikliği, din ve vicdan özgürlüğünü en üst düzeyde gerçekleştiren, küresel düzeyde etkili bir dünya devleti olmasıdır.",08_2001-2005.txt,S30,tam,30
S25,9,2007-2013,,,,,,,sayısal hedef bulunamadı (din-dil-etnik ayrışma hedefi yok),09_2007-2013_en.txt,,hedef_yok,
S25,10,2014-2018,,,,,,,sayısal hedef bulunamadı (din-dil-etnik ayrışma hedefi yok (yalnız kadına pozitif ayrımcılık)),10_2014-2018.txt,,hedef_yok,
S25,11,2019-2023,"Din hizmetleri ile birlik, beraberlik ve barış (nitel)",,,,,,"642. Nitelikli din hizmetleri ile toplumun birlik, beraberlik, barış ve huzuruna katkı sağlanacak ve yaygın din eğitimi toplumun tüm kesimlerine ulaştırılacaktır.",11_2019-2023.txt,S157,tam,157
S25,12,2024-2028,Ayrımcılık ve nefretle mücadele (nitel),,,,,,914. Ayrımcılık ve nefretle mücadele güçlendirilecektir. 914.1. Ayrımcılık ve nefretle mücadele alanında izleme ve denetim mekanizmaları güçlendirilecektir.,12_2024-2028.txt,S233,tam,233
S26,1,1963-1967,Kitaplıkların kurulması (nitel),,,,,,İç ve dış temel bilimsel yayınların kolay ve bolca bulunabileceği kitaplıklar öncelikle kurulacaktır.,01_1963-1967.txt,S471,tam,471
S26,2,1968-1972,"Temel eserler kütüphanesi (çeviri, ucuz) eser sayısı",1 000,eser (en az),1972,,,"İkinci Beş Yıllık Plan döneminde iyi tercüme edilmiş ve ucuz sağlanabilecek en az 1 000 eserlik bir temel eserler kütüphanesi gerçekleştirilecek, dağıtım sistemi geliştirilecektir.",02_1968-1972.txt,S197,tam,197
S26,3,1973-1977,Kitap yayını (nitel),,,,,,"(10) Taygm bir eğitim ve ıkültür aracı olan kitapların sayısal artışı yaniöira aitelik yönüne önem verilecek, yetişkinler, gençler ve çocuklar için ucuz, nitelikli, okuma zevkini geliştirecek ... kitapların yayınlanması devlet eliyle sağlanacak",03_1973-1977.txt,S816,kismi,816
S26,4,1979-1983,Okumayı özendiren kütüphanecilik (nitel),,,,,,"955. Kütüphanecilik, sadece kitap koruma ve isteyene vermek biçimindeki bir hizmet anlayışından kurtarılarak, okumayı özendirici ve yaygınlaştırıcı bir hizmet biçimine dönüştürülecektir.",04_1979-1983.txt,S297,tam,297
S26,5,1985-1989,Kütüphanelerin yeterli seviyeye ulaştırılması (nitel),,,,,,"577. Kütüphanelerimizin yurt sathında ihtiyaç duyulan yerlerden başlayarak, okuyucu talebine uygun planlı ve dengeli bir şekilde yeterli seviyeye ulaştırılması hedef olacaktır. Ucuz kitap üretimi, yayım ve dağıtımı için gereken teşvik tedbirleri alınacaktır.",05_1985-1989.txt,S165,tam,165
S26,6,1990-1994,Okuma alışkanlığı (nitel),,,,,,"771. Çocukların oyun ve spor alanları artırılacak, okuma alışkanlığı ve beceriler kazandırmaya yönelik kültürel faaliyetlere ağırlık verilecek",06_1990-1994.txt,S302,tam,302
S26,7,1996-2000,Üniversite kütüphanelerine bilimsel yayın (nitel),,,,,,bilimsel içerikli yayınların üniversitelerin kütüphanelerine kazandırılmasına önem verilecektir.,07_1996-2000.txt,S43,tam,43
S26,8,2001-2005,Okuma ve araştırma alışkanlığı (nitel),,,,,,okuma ve araştırma alışkanlığı kazandırıcı faaliyetleri düzenleyici ve teşvik edici programlar hazırlamaları,08_2001-2005.txt,S101,tam,101
S26,9,2007-2013,,,,,,,sayısal hedef bulunamadı (okuma/kütüphane/yayın hedefi yok),09_2007-2013_en.txt,,hedef_yok,
S26,10,2014-2018,Okuma kültürü (nitel),,,,,,"308. Okuma kültürü yaygınlaştırılacak, çocukların erken yaşlarda kültür ve sanat eğitimi almaları sağlanacaktır.",10_2014-2018.txt,S58,tam,58
S26,11,2019-2023,Gezici kütüphane sayısı (kümülatif),81,adet,2023,53,2018,Tablo 39: Kültür ve Sanat Hedefleri ... Gezici Kütüphane Sayısı (Kümülatif) 53 81,11_2019-2023.txt,S157,tablo_sayilari,157
S26,12,2024-2028,Hakemli dergilerdeki yayın sayısı,110.000,adet,2028,71.443,2022,"Tablo 25: Bilim, Teknoloji ve Yenilik Hedefleri ... Hakemli Dergilerdeki Yayın Sayısı 71.4432 76.000 110.000 [71.443 + dipnot 2]",12_2024-2028.txt,S133,tablo_sayilari,133
S26,12,2024-2028,Gezici kütüphane sayısı (nitel),,,,,,783.3. Gezici kütüphane ve gezici tiyatro sayısı artırılacaktır.,12_2024-2028.txt,S199,tam,199
